solid csg.js
facet normal 0 0 -1
outer loop
vertex 204.85854099999997 -59.974999999999994 0
vertex 206.14881342826212 -65.15 0
vertex 201.70000000000007 -65.15 0
endloop
endfacet
facet normal 0 0 -1
outer loop
vertex 204.85854099999997 -59.974999999999994 0
vertex 201.70000000000007 -65.15 0
vertex 131.00000000000006 -65.15 0
endloop
endfacet
facet normal 0 0 -1
outer loop
vertex 204.85854099999997 -59.974999999999994 0
vertex 131.00000000000006 -65.15 0
vertex 126.05 -65.15 0
endloop
endfacet
facet normal 0 0 -1
outer loop
vertex 204.85854099999997 -59.974999999999994 0
vertex 126.05 -65.15 0
vertex 126.05 -59.974999999999994 0
endloop
endfacet
facet normal 0 0 -1
outer loop
vertex 223.74241200000017 -59.974999999999994 0
vertex 224.23815208480246 -60.01624276997268 0
vertex 224.72026258162904 -60.13883827595055 0
endloop
endfacet
facet normal 0 0 -1
outer loop
vertex 223.74241200000017 -59.974999999999994 0
vertex 224.72026258162904 -60.13883827595055 0
vertex 225.17548658439304 -60.33941568381029 0
endloop
endfacet
facet normal 0 0 -1
outer loop
vertex 223.74241200000017 -59.974999999999994 0
vertex 225.17548658439304 -60.33941568381029 0
vertex 225.5913074466647 -60.61246000207359 0
endloop
endfacet
facet normal 0 0 -1
outer loop
vertex 223.74241200000017 -59.974999999999994 0
vertex 225.5913074466647 -60.61246000207359 0
vertex 225.95629193408098 -60.950463719777204 0
endloop
endfacet
facet normal 0 0 -1
outer loop
vertex 223.74241200000017 -59.974999999999994 0
vertex 225.95629193408098 -60.950463719777204 0
vertex 226.26040458771755 -61.34413322981679 0
endloop
endfacet
facet normal 0 0 -1
outer loop
vertex 223.74241200000017 -59.974999999999994 0
vertex 226.26040458771755 -61.34413322981679 0
vertex 226.49528365481612 -61.782644362030254 0
endloop
endfacet
facet normal 0 0 -1
outer loop
vertex 223.74241200000017 -59.974999999999994 0
vertex 226.49528365481612 -61.782644362030254 0
vertex 226.6544709999999 -62.25393999999956 0
endloop
endfacet
facet normal 0 0 -1
outer loop
vertex 223.74241200000017 -59.974999999999994 0
vertex 226.6544709999999 -62.25393999999956 0
vertex 227.3715696225175 -65.15 0
endloop
endfacet
facet normal 0 0 -1
outer loop
vertex 223.74241200000017 -59.974999999999994 0
vertex 227.3715696225175 -65.15 0
vertex 221.29999999999998 -65.15 0
endloop
endfacet
facet normal 0 0 -1
outer loop
vertex 223.74241200000017 -59.974999999999994 0
vertex 221.29999999999998 -65.15 0
vertex 216.45494971143998 -65.15 0
endloop
endfacet
facet normal 0 0 -1
outer loop
vertex 223.74241200000017 -59.974999999999994 0
vertex 216.45494971143998 -65.15 0
vertex 215.1646773 -59.974999999999994 0
endloop
endfacet
facet normal 0 0 -1
outer loop
vertex 131.00000000000006 -65.15 0
vertex 130.83417322628634 -65.16633251165726 0
vertex 126.05 -65.16633251165726 0
endloop
endfacet
facet normal 0 0 -1
outer loop
vertex 131.00000000000006 -65.15 0
vertex 126.05 -65.16633251165726 0
vertex 126.05 -65.15 0
endloop
endfacet
facet normal 0 0 -1
outer loop
vertex 201.70000000000007 -65.15 0
vertex 201.53417322628636 -65.16633251165726 0
vertex 131.16582677371372 -65.16633251165726 0
endloop
endfacet
facet normal 0 0 -1
outer loop
vertex 201.70000000000007 -65.15 0
vertex 131.16582677371372 -65.16633251165726 0
vertex 131.00000000000006 -65.15 0
endloop
endfacet
facet normal 0 0 -1
outer loop
vertex 206.14881342826212 -65.15 0
vertex 206.15288558081778 -65.16633251165726 0
vertex 201.86582677371368 -65.16633251165726 0
endloop
endfacet
facet normal 0 0 -1
outer loop
vertex 206.14881342826212 -65.15 0
vertex 201.86582677371368 -65.16633251165726 0
vertex 201.70000000000007 -65.15 0
endloop
endfacet
facet normal 0 0 -1
outer loop
vertex 221.29999999999998 -65.15 0
vertex 221.13417322628626 -65.16633251165726 0
vertex 216.45902186394258 -65.16633251165726 0
endloop
endfacet
facet normal 0 0 -1
outer loop
vertex 221.29999999999998 -65.15 0
vertex 216.45902186394258 -65.16633251165726 0
vertex 216.45494971143998 -65.15 0
endloop
endfacet
facet normal 0 0 -1
outer loop
vertex 227.3715696225175 -65.15 0
vertex 227.37561374508806 -65.16633251165726 0
vertex 221.46582677371373 -65.16633251165726 0
endloop
endfacet
facet normal 0 0 -1
outer loop
vertex 227.3715696225175 -65.15 0
vertex 221.46582677371373 -65.16633251165726 0
vertex 221.29999999999998 -65.15 0
endloop
endfacet
facet normal 0 0 -1
outer loop
vertex 130.83417322628634 -65.16633251165726 0
vertex 130.67471908248962 -65.21470239736541 0
vertex 126.05 -65.21470239736541 0
endloop
endfacet
facet normal 0 0 -1
outer loop
vertex 130.83417322628634 -65.16633251165726 0
vertex 126.05 -65.21470239736541 0
vertex 126.05 -65.16633251165726 0
endloop
endfacet
facet normal 0 0 -1
outer loop
vertex 201.53417322628636 -65.16633251165726 0
vertex 201.37471908248955 -65.21470239736541 0
vertex 131.32528091751033 -65.21470239736541 0
endloop
endfacet
facet normal 0 0 -1
outer loop
vertex 201.53417322628636 -65.16633251165726 0
vertex 131.32528091751033 -65.21470239736541 0
vertex 131.16582677371372 -65.16633251165726 0
endloop
endfacet
facet normal 0 0 -1
outer loop
vertex 206.15288558081778 -65.16633251165726 0
vertex 206.1649455479458 -65.21470239736541 0
vertex 202.02528091751032 -65.21470239736541 0
endloop
endfacet
facet normal 0 0 -1
outer loop
vertex 206.15288558081778 -65.16633251165726 0
vertex 202.02528091751032 -65.21470239736541 0
vertex 201.86582677371368 -65.16633251165726 0
endloop
endfacet
facet normal 0 0 -1
outer loop
vertex 221.13417322628626 -65.16633251165726 0
vertex 220.9747190824896 -65.21470239736541 0
vertex 216.47108183091333 -65.21470239736541 0
endloop
endfacet
facet normal 0 0 -1
outer loop
vertex 221.13417322628626 -65.16633251165726 0
vertex 216.47108183091333 -65.21470239736541 0
vertex 216.45902186394258 -65.16633251165726 0
endloop
endfacet
facet normal 0 0 -1
outer loop
vertex 227.37561374508806 -65.16633251165726 0
vertex 227.38759069943728 -65.21470239736541 0
vertex 221.62528091751034 -65.21470239736541 0
endloop
endfacet
facet normal 0 0 -1
outer loop
vertex 227.37561374508806 -65.16633251165726 0
vertex 221.62528091751034 -65.21470239736541 0
vertex 221.46582677371373 -65.16633251165726 0
endloop
endfacet
facet normal 0 0 -1
outer loop
vertex 130.67471908248962 -65.21470239736541 0
vertex 130.52776530193336 -65.29325082954283 0
vertex 126.05 -65.29325082954283 0
endloop
endfacet
facet normal 0 0 -1
outer loop
vertex 130.67471908248962 -65.21470239736541 0
vertex 126.05 -65.29325082954283 0
vertex 126.05 -65.21470239736541 0
endloop
endfacet
facet normal 0 0 -1
outer loop
vertex 201.37471908248955 -65.21470239736541 0
vertex 201.22776530193335 -65.29325082954283 0
vertex 131.4722346980667 -65.29325082954283 0
endloop
endfacet
facet normal 0 0 -1
outer loop
vertex 201.37471908248955 -65.21470239736541 0
vertex 131.4722346980667 -65.29325082954283 0
vertex 131.32528091751033 -65.21470239736541 0
endloop
endfacet
facet normal 0 0 -1
outer loop
vertex 206.1649455479458 -65.21470239736541 0
vertex 206.18452987187268 -65.29325082954283 0
vertex 202.1722346980667 -65.29325082954283 0
endloop
endfacet
facet normal 0 0 -1
outer loop
vertex 206.1649455479458 -65.21470239736541 0
vertex 202.1722346980667 -65.29325082954283 0
vertex 202.02528091751032 -65.21470239736541 0
endloop
endfacet
facet normal 0 0 -1
outer loop
vertex 220.9747190824896 -65.21470239736541 0
vertex 220.8277653019334 -65.29325082954283 0
vertex 216.49066615458491 -65.29325082954283 0
endloop
endfacet
facet normal 0 0 -1
outer loop
vertex 220.9747190824896 -65.21470239736541 0
vertex 216.49066615458491 -65.29325082954283 0
vertex 216.47108183091333 -65.21470239736541 0
endloop
endfacet
facet normal 0 0 -1
outer loop
vertex 227.38759069943728 -65.21470239736541 0
vertex 227.40704021792632 -65.29325082954283 0
vertex 221.77223469806665 -65.29325082954283 0
endloop
endfacet
facet normal 0 0 -1
outer loop
vertex 227.38759069943728 -65.21470239736541 0
vertex 221.77223469806665 -65.29325082954283 0
vertex 221.62528091751034 -65.21470239736541 0
endloop
endfacet
facet normal 0 0 -1
outer loop
vertex 130.52776530193336 -65.29325082954283 0
vertex 130.39895923599127 -65.39895923599155 0
vertex 126.05 -65.39895923599155 0
endloop
endfacet
facet normal 0 0 -1
outer loop
vertex 130.52776530193336 -65.29325082954283 0
vertex 126.05 -65.39895923599155 0
vertex 126.05 -65.29325082954283 0
endloop
endfacet
facet normal 0 0 -1
outer loop
vertex 201.22776530193335 -65.29325082954283 0
vertex 201.09895923599137 -65.39895923599155 0
vertex 131.60104076400856 -65.39895923599155 0
endloop
endfacet
facet normal 0 0 -1
outer loop
vertex 201.22776530193335 -65.29325082954283 0
vertex 131.60104076400856 -65.39895923599155 0
vertex 131.4722346980667 -65.29325082954283 0
endloop
endfacet
facet normal 0 0 -1
outer loop
vertex 206.18452987187268 -65.29325082954283 0
vertex 206.21088593801304 -65.39895923599155 0
vertex 202.30104076400863 -65.39895923599155 0
endloop
endfacet
facet normal 0 0 -1
outer loop
vertex 206.18452987187268 -65.29325082954283 0
vertex 202.30104076400863 -65.39895923599155 0
vertex 202.1722346980667 -65.29325082954283 0
endloop
endfacet
facet normal 0 0 -1
outer loop
vertex 220.8277653019334 -65.29325082954283 0
vertex 220.6989592359912 -65.39895923599155 0
vertex 216.51702222038165 -65.39895923599155 0
endloop
endfacet
facet normal 0 0 -1
outer loop
vertex 220.8277653019334 -65.29325082954283 0
vertex 216.51702222038165 -65.39895923599155 0
vertex 216.49066615458491 -65.29325082954283 0
endloop
endfacet
facet normal 0 0 -1
outer loop
vertex 227.40704021792632 -65.29325082954283 0
vertex 227.43321486646707 -65.39895923599155 0
vertex 221.90104076400868 -65.39895923599155 0
endloop
endfacet
facet normal 0 0 -1
outer loop
vertex 227.40704021792632 -65.29325082954283 0
vertex 221.90104076400868 -65.39895923599155 0
vertex 221.77223469806665 -65.29325082954283 0
endloop
endfacet
facet normal 0 0 -1
outer loop
vertex 130.39895923599127 -65.39895923599155 0
vertex 130.29325082954293 -65.52776530193336 0
vertex 126.05 -65.52776530193336 0
endloop
endfacet
facet normal 0 0 -1
outer loop
vertex 130.39895923599127 -65.39895923599155 0
vertex 126.05 -65.52776530193336 0
vertex 126.05 -65.39895923599155 0
endloop
endfacet
facet normal 0 0 -1
outer loop
vertex 201.09895923599137 -65.39895923599155 0
vertex 200.99325082954283 -65.52776530193336 0
vertex 131.70674917045707 -65.52776530193336 0
endloop
endfacet
facet normal 0 0 -1
outer loop
vertex 201.09895923599137 -65.39895923599155 0
vertex 131.70674917045707 -65.52776530193336 0
vertex 131.60104076400856 -65.39895923599155 0
endloop
endfacet
facet normal 0 0 -1
outer loop
vertex 206.21088593801304 -65.39895923599155 0
vertex 206.24300089752563 -65.52776530193336 0
vertex 202.40674917045706 -65.52776530193336 0
endloop
endfacet
facet normal 0 0 -1
outer loop
vertex 206.21088593801304 -65.39895923599155 0
vertex 202.40674917045706 -65.52776530193336 0
vertex 202.30104076400863 -65.39895923599155 0
endloop
endfacet
facet normal 0 0 -1
outer loop
vertex 220.6989592359912 -65.39895923599155 0
vertex 220.59325082954308 -65.52776530193336 0
vertex 216.5491371794755 -65.52776530193336 0
endloop
endfacet
facet normal 0 0 -1
outer loop
vertex 220.6989592359912 -65.39895923599155 0
vertex 216.5491371794755 -65.52776530193336 0
vertex 216.51702222038165 -65.39895923599155 0
endloop
endfacet
facet normal 0 0 -1
outer loop
vertex 227.43321486646707 -65.39895923599155 0
vertex 227.4651087679949 -65.52776530193336 0
vertex 222.0067491704572 -65.52776530193336 0
endloop
endfacet
facet normal 0 0 -1
outer loop
vertex 227.43321486646707 -65.39895923599155 0
vertex 222.0067491704572 -65.52776530193336 0
vertex 221.90104076400868 -65.39895923599155 0
endloop
endfacet
facet normal 0 0 -1
outer loop
vertex 130.29325082954293 -65.52776530193336 0
vertex 130.21470239736547 -65.67471908248972 0
vertex 126.05 -65.67471908248972 0
endloop
endfacet
facet normal 0 0 -1
outer loop
vertex 130.29325082954293 -65.52776530193336 0
vertex 126.05 -65.67471908248972 0
vertex 126.05 -65.52776530193336 0
endloop
endfacet
facet normal 0 0 -1
outer loop
vertex 200.99325082954283 -65.52776530193336 0
vertex 200.91470239736537 -65.67471908248972 0
vertex 131.78529760263459 -65.67471908248972 0
endloop
endfacet
facet normal 0 0 -1
outer loop
vertex 200.99325082954283 -65.52776530193336 0
vertex 131.78529760263459 -65.67471908248972 0
vertex 131.70674917045707 -65.52776530193336 0
endloop
endfacet
facet normal 0 0 -1
outer loop
vertex 206.24300089752563 -65.52776530193336 0
vertex 206.27964059052675 -65.67471908248972 0
vertex 202.48529760263466 -65.67471908248972 0
endloop
endfacet
facet normal 0 0 -1
outer loop
vertex 206.24300089752563 -65.52776530193336 0
vertex 202.48529760263466 -65.67471908248972 0
vertex 202.40674917045706 -65.52776530193336 0
endloop
endfacet
facet normal 0 0 -1
outer loop
vertex 220.59325082954308 -65.52776530193336 0
vertex 220.51470239736534 -65.67471908248972 0
vertex 216.58577687199895 -65.67471908248972 0
endloop
endfacet
facet normal 0 0 -1
outer loop
vertex 220.59325082954308 -65.52776530193336 0
vertex 216.58577687199895 -65.67471908248972 0
vertex 216.5491371794755 -65.52776530193336 0
endloop
endfacet
facet normal 0 0 -1
outer loop
vertex 227.4651087679949 -65.52776530193336 0
vertex 227.50149625776055 -65.67471908248972 0
vertex 222.08529760263463 -65.67471908248972 0
endloop
endfacet
facet normal 0 0 -1
outer loop
vertex 227.4651087679949 -65.52776530193336 0
vertex 222.08529760263463 -65.67471908248972 0
vertex 222.0067491704572 -65.52776530193336 0
endloop
endfacet
facet normal 0 0 -1
outer loop
vertex 130.21470239736547 -65.67471908248972 0
vertex 130.1663325116573 -65.83417322628623 0
vertex 126.05 -65.83417322628623 0
endloop
endfacet
facet normal 0 0 -1
outer loop
vertex 130.21470239736547 -65.67471908248972 0
vertex 126.05 -65.83417322628623 0
vertex 126.05 -65.67471908248972 0
endloop
endfacet
facet normal 0 0 -1
outer loop
vertex 200.91470239736537 -65.67471908248972 0
vertex 200.86633251165733 -65.83417322628623 0
vertex 131.83366748834274 -65.83417322628623 0
endloop
endfacet
facet normal 0 0 -1
outer loop
vertex 200.91470239736537 -65.67471908248972 0
vertex 131.83366748834274 -65.83417322628623 0
vertex 131.78529760263459 -65.67471908248972 0
endloop
endfacet
facet normal 0 0 -1
outer loop
vertex 206.27964059052675 -65.67471908248972 0
vertex 206.31939697416206 -65.83417322628623 0
vertex 202.5336674883427 -65.83417322628623 0
endloop
endfacet
facet normal 0 0 -1
outer loop
vertex 206.27964059052675 -65.67471908248972 0
vertex 202.5336674883427 -65.83417322628623 0
vertex 202.48529760263466 -65.67471908248972 0
endloop
endfacet
facet normal 0 0 -1
outer loop
vertex 220.51470239736534 -65.67471908248972 0
vertex 220.4663325116573 -65.83417322628623 0
vertex 216.62553325511593 -65.83417322628623 0
endloop
endfacet
facet normal 0 0 -1
outer loop
vertex 220.51470239736534 -65.67471908248972 0
vertex 216.62553325511593 -65.83417322628623 0
vertex 216.58577687199895 -65.67471908248972 0
endloop
endfacet
facet normal 0 0 -1
outer loop
vertex 227.50149625776055 -65.67471908248972 0
vertex 227.5409789849386 -65.83417322628623 0
vertex 222.13366748834275 -65.83417322628623 0
endloop
endfacet
facet normal 0 0 -1
outer loop
vertex 227.50149625776055 -65.67471908248972 0
vertex 222.13366748834275 -65.83417322628623 0
vertex 222.08529760263463 -65.67471908248972 0
endloop
endfacet
facet normal 0 0 -1
outer loop
vertex 130.1663325116573 -65.83417322628623 0
vertex 130.15 -66.00000000000011 0
vertex 126.05 -66.00000000000011 0
endloop
endfacet
facet normal 0 0 -1
outer loop
vertex 130.1663325116573 -65.83417322628623 0
vertex 126.05 -66.00000000000011 0
vertex 126.05 -65.83417322628623 0
endloop
endfacet
facet normal 0 0 -1
outer loop
vertex 200.86633251165733 -65.83417322628623 0
vertex 200.84999999999994 -66.00000000000011 0
vertex 131.85 -66.00000000000011 0
endloop
endfacet
facet normal 0 0 -1
outer loop
vertex 200.86633251165733 -65.83417322628623 0
vertex 131.85 -66.00000000000011 0
vertex 131.83366748834274 -65.83417322628623 0
endloop
endfacet
facet normal 0 0 -1
outer loop
vertex 206.31939697416206 -65.83417322628623 0
vertex 206.36074223290422 -66.00000000000011 0
vertex 202.54999999999998 -66.00000000000011 0
endloop
endfacet
facet normal 0 0 -1
outer loop
vertex 206.31939697416206 -65.83417322628623 0
vertex 202.54999999999998 -66.00000000000011 0
vertex 202.5336674883427 -65.83417322628623 0
endloop
endfacet
facet normal 0 0 -1
outer loop
vertex 220.4663325116573 -65.83417322628623 0
vertex 220.45000000000002 -66.00000000000011 0
vertex 216.66687851331903 -66.00000000000011 0
endloop
endfacet
facet normal 0 0 -1
outer loop
vertex 220.4663325116573 -65.83417322628623 0
vertex 216.66687851331903 -66.00000000000011 0
vertex 216.62553325511593 -65.83417322628623 0
endloop
endfacet
facet normal 0 0 -1
outer loop
vertex 227.5409789849386 -65.83417322628623 0
vertex 227.5820396504658 -66.00000000000011 0
vertex 222.15000000000003 -66.00000000000011 0
endloop
endfacet
facet normal 0 0 -1
outer loop
vertex 227.5409789849386 -65.83417322628623 0
vertex 222.15000000000003 -66.00000000000011 0
vertex 222.13366748834275 -65.83417322628623 0
endloop
endfacet
facet normal 0 0 -1
outer loop
vertex 130.15 -66.00000000000011 0
vertex 130.16633251165726 -66.16582677371369 0
vertex 126.05 -66.16582677371369 0
endloop
endfacet
facet normal 0 0 -1
outer loop
vertex 130.15 -66.00000000000011 0
vertex 126.05 -66.16582677371369 0
vertex 126.05 -66.00000000000011 0
endloop
endfacet
facet normal 0 0 -1
outer loop
vertex 200.84999999999994 -66.00000000000011 0
vertex 200.86633251165722 -66.16582677371369 0
vertex 131.83366748834274 -66.16582677371369 0
endloop
endfacet
facet normal 0 0 -1
outer loop
vertex 200.84999999999994 -66.00000000000011 0
vertex 131.83366748834274 -66.16582677371369 0
vertex 131.85 -66.00000000000011 0
endloop
endfacet
facet normal 0 0 -1
outer loop
vertex 206.36074223290422 -66.00000000000011 0
vertex 206.4020874916463 -66.16582677371369 0
vertex 202.53366748834276 -66.16582677371369 0
endloop
endfacet
facet normal 0 0 -1
outer loop
vertex 206.36074223290422 -66.00000000000011 0
vertex 202.53366748834276 -66.16582677371369 0
vertex 202.54999999999998 -66.00000000000011 0
endloop
endfacet
facet normal 0 0 -1
outer loop
vertex 220.45000000000002 -66.00000000000011 0
vertex 220.46633251165727 -66.16582677371369 0
vertex 216.70822377152209 -66.16582677371369 0
endloop
endfacet
facet normal 0 0 -1
outer loop
vertex 220.45000000000002 -66.00000000000011 0
vertex 216.70822377152209 -66.16582677371369 0
vertex 216.66687851331903 -66.00000000000011 0
endloop
endfacet
facet normal 0 0 -1
outer loop
vertex 227.5820396504658 -66.00000000000011 0
vertex 227.62310031599293 -66.16582677371369 0
vertex 222.13366748834278 -66.16582677371369 0
endloop
endfacet
facet normal 0 0 -1
outer loop
vertex 227.5820396504658 -66.00000000000011 0
vertex 222.13366748834278 -66.16582677371369 0
vertex 222.15000000000003 -66.00000000000011 0
endloop
endfacet
facet normal 0 0 -1
outer loop
vertex 130.16633251165726 -66.16582677371369 0
vertex 130.21470239736541 -66.32528091751034 0
vertex 126.05 -66.32528091751034 0
endloop
endfacet
facet normal 0 0 -1
outer loop
vertex 130.16633251165726 -66.16582677371369 0
vertex 126.05 -66.32528091751034 0
vertex 126.05 -66.16582677371369 0
endloop
endfacet
facet normal 0 0 -1
outer loop
vertex 200.86633251165722 -66.16582677371369 0
vertex 200.91470239736535 -66.32528091751034 0
vertex 131.7852976026347 -66.32528091751034 0
endloop
endfacet
facet normal 0 0 -1
outer loop
vertex 200.86633251165722 -66.16582677371369 0
vertex 131.7852976026347 -66.32528091751034 0
vertex 131.83366748834274 -66.16582677371369 0
endloop
endfacet
facet normal 0 0 -1
outer loop
vertex 206.4020874916463 -66.16582677371369 0
vertex 206.44184387528168 -66.32528091751034 0
vertex 202.48529760263457 -66.32528091751034 0
endloop
endfacet
facet normal 0 0 -1
outer loop
vertex 206.4020874916463 -66.16582677371369 0
vertex 202.48529760263457 -66.32528091751034 0
vertex 202.53366748834276 -66.16582677371369 0
endloop
endfacet
facet normal 0 0 -1
outer loop
vertex 220.46633251165727 -66.16582677371369 0
vertex 220.51470239736543 -66.32528091751034 0
vertex 216.7479801546391 -66.32528091751034 0
endloop
endfacet
facet normal 0 0 -1
outer loop
vertex 220.46633251165727 -66.16582677371369 0
vertex 216.7479801546391 -66.32528091751034 0
vertex 216.70822377152209 -66.16582677371369 0
endloop
endfacet
facet normal 0 0 -1
outer loop
vertex 227.62310031599293 -66.16582677371369 0
vertex 227.662583043171 -66.32528091751034 0
vertex 222.08529760263463 -66.32528091751034 0
endloop
endfacet
facet normal 0 0 -1
outer loop
vertex 227.62310031599293 -66.16582677371369 0
vertex 222.08529760263463 -66.32528091751034 0
vertex 222.13366748834278 -66.16582677371369 0
endloop
endfacet
facet normal 0 0 -1
outer loop
vertex 130.21470239736541 -66.32528091751034 0
vertex 130.29325082954284 -66.47223469806667 0
vertex 126.05 -66.47223469806667 0
endloop
endfacet
facet normal 0 0 -1
outer loop
vertex 130.21470239736541 -66.32528091751034 0
vertex 126.05 -66.47223469806667 0
vertex 126.05 -66.32528091751034 0
endloop
endfacet
facet normal 0 0 -1
outer loop
vertex 200.91470239736535 -66.32528091751034 0
vertex 200.99325082954283 -66.47223469806667 0
vertex 131.70674917045716 -66.47223469806667 0
endloop
endfacet
facet normal 0 0 -1
outer loop
vertex 200.91470239736535 -66.32528091751034 0
vertex 131.70674917045716 -66.47223469806667 0
vertex 131.7852976026347 -66.32528091751034 0
endloop
endfacet
facet normal 0 0 -1
outer loop
vertex 206.44184387528168 -66.32528091751034 0
vertex 206.47848356828277 -66.47223469806667 0
vertex 202.40674917045718 -66.47223469806667 0
endloop
endfacet
facet normal 0 0 -1
outer loop
vertex 206.44184387528168 -66.32528091751034 0
vertex 202.40674917045718 -66.47223469806667 0
vertex 202.48529760263457 -66.32528091751034 0
endloop
endfacet
facet normal 0 0 -1
outer loop
vertex 220.51470239736543 -66.32528091751034 0
vertex 220.59325082954294 -66.47223469806667 0
vertex 216.7846198471625 -66.47223469806667 0
endloop
endfacet
facet normal 0 0 -1
outer loop
vertex 220.51470239736543 -66.32528091751034 0
vertex 216.7846198471625 -66.47223469806667 0
vertex 216.7479801546391 -66.32528091751034 0
endloop
endfacet
facet normal 0 0 -1
outer loop
vertex 227.662583043171 -66.32528091751034 0
vertex 227.69897053293664 -66.47223469806667 0
vertex 222.00674917045717 -66.47223469806667 0
endloop
endfacet
facet normal 0 0 -1
outer loop
vertex 227.662583043171 -66.32528091751034 0
vertex 222.00674917045717 -66.47223469806667 0
vertex 222.08529760263463 -66.32528091751034 0
endloop
endfacet
facet normal 0 0 -1
outer loop
vertex 130.29325082954284 -66.47223469806667 0
vertex 130.3989592359914 -66.60104076400853 0
vertex 126.05 -66.60104076400853 0
endloop
endfacet
facet normal 0 0 -1
outer loop
vertex 130.29325082954284 -66.47223469806667 0
vertex 126.05 -66.60104076400853 0
vertex 126.05 -66.47223469806667 0
endloop
endfacet
facet normal 0 0 -1
outer loop
vertex 200.99325082954283 -66.47223469806667 0
vertex 201.0989592359914 -66.60104076400853 0
vertex 131.60104076400853 -66.60104076400853 0
endloop
endfacet
facet normal 0 0 -1
outer loop
vertex 200.99325082954283 -66.47223469806667 0
vertex 131.60104076400853 -66.60104076400853 0
vertex 131.70674917045716 -66.47223469806667 0
endloop
endfacet
facet normal 0 0 -1
outer loop
vertex 206.47848356828277 -66.47223469806667 0
vertex 206.51059852779537 -66.60104076400853 0
vertex 202.30104076400855 -66.60104076400853 0
endloop
endfacet
facet normal 0 0 -1
outer loop
vertex 206.47848356828277 -66.47223469806667 0
vertex 202.30104076400855 -66.60104076400853 0
vertex 202.40674917045718 -66.47223469806667 0
endloop
endfacet
facet normal 0 0 -1
outer loop
vertex 220.59325082954294 -66.47223469806667 0
vertex 220.6989592359913 -66.60104076400853 0
vertex 216.8167348062564 -66.60104076400853 0
endloop
endfacet
facet normal 0 0 -1
outer loop
vertex 220.59325082954294 -66.47223469806667 0
vertex 216.8167348062564 -66.60104076400853 0
vertex 216.7846198471625 -66.47223469806667 0
endloop
endfacet
facet normal 0 0 -1
outer loop
vertex 227.69897053293664 -66.47223469806667 0
vertex 227.7308644344645 -66.60104076400853 0
vertex 221.90104076400866 -66.60104076400853 0
endloop
endfacet
facet normal 0 0 -1
outer loop
vertex 227.69897053293664 -66.47223469806667 0
vertex 221.90104076400866 -66.60104076400853 0
vertex 222.00674917045717 -66.47223469806667 0
endloop
endfacet
facet normal 0 0 -1
outer loop
vertex 130.3989592359914 -66.60104076400853 0
vertex 130.52776530193336 -66.70674917045719 0
vertex 126.05 -66.70674917045719 0
endloop
endfacet
facet normal 0 0 -1
outer loop
vertex 130.3989592359914 -66.60104076400853 0
vertex 126.05 -66.70674917045719 0
vertex 126.05 -66.60104076400853 0
endloop
endfacet
facet normal 0 0 -1
outer loop
vertex 201.0989592359914 -66.60104076400853 0
vertex 201.22776530193337 -66.70674917045719 0
vertex 131.47223469806664 -66.70674917045719 0
endloop
endfacet
facet normal 0 0 -1
outer loop
vertex 201.0989592359914 -66.60104076400853 0
vertex 131.47223469806664 -66.70674917045719 0
vertex 131.60104076400853 -66.60104076400853 0
endloop
endfacet
facet normal 0 0 -1
outer loop
vertex 206.51059852779537 -66.60104076400853 0
vertex 206.5369545939357 -66.70674917045719 0
vertex 202.1722346980666 -66.70674917045719 0
endloop
endfacet
facet normal 0 0 -1
outer loop
vertex 206.51059852779537 -66.60104076400853 0
vertex 202.1722346980666 -66.70674917045719 0
vertex 202.30104076400855 -66.60104076400853 0
endloop
endfacet
facet normal 0 0 -1
outer loop
vertex 220.6989592359913 -66.60104076400853 0
vertex 220.82776530193343 -66.70674917045719 0
vertex 216.84309087205312 -66.70674917045719 0
endloop
endfacet
facet normal 0 0 -1
outer loop
vertex 220.6989592359913 -66.60104076400853 0
vertex 216.84309087205312 -66.70674917045719 0
vertex 216.8167348062564 -66.60104076400853 0
endloop
endfacet
facet normal 0 0 -1
outer loop
vertex 227.7308644344645 -66.60104076400853 0
vertex 227.75703908300522 -66.70674917045719 0
vertex 221.77223469806668 -66.70674917045719 0
endloop
endfacet
facet normal 0 0 -1
outer loop
vertex 227.7308644344645 -66.60104076400853 0
vertex 221.77223469806668 -66.70674917045719 0
vertex 221.90104076400866 -66.60104076400853 0
endloop
endfacet
facet normal 0 0 -1
outer loop
vertex 130.52776530193336 -66.70674917045719 0
vertex 130.67471908248967 -66.7852976026346 0
vertex 126.05 -66.7852976026346 0
endloop
endfacet
facet normal 0 0 -1
outer loop
vertex 130.52776530193336 -66.70674917045719 0
vertex 126.05 -66.7852976026346 0
vertex 126.05 -66.70674917045719 0
endloop
endfacet
facet normal 0 0 -1
outer loop
vertex 201.22776530193337 -66.70674917045719 0
vertex 201.37471908248952 -66.7852976026346 0
vertex 131.32528091751033 -66.7852976026346 0
endloop
endfacet
facet normal 0 0 -1
outer loop
vertex 201.22776530193337 -66.70674917045719 0
vertex 131.32528091751033 -66.7852976026346 0
vertex 131.47223469806664 -66.70674917045719 0
endloop
endfacet
facet normal 0 0 -1
outer loop
vertex 206.5369545939357 -66.70674917045719 0
vertex 206.5565389178626 -66.7852976026346 0
vertex 202.02528091751026 -66.7852976026346 0
endloop
endfacet
facet normal 0 0 -1
outer loop
vertex 206.5369545939357 -66.70674917045719 0
vertex 202.02528091751026 -66.7852976026346 0
vertex 202.1722346980666 -66.70674917045719 0
endloop
endfacet
facet normal 0 0 -1
outer loop
vertex 220.82776530193343 -66.70674917045719 0
vertex 220.9747190824896 -66.7852976026346 0
vertex 216.86267519572468 -66.7852976026346 0
endloop
endfacet
facet normal 0 0 -1
outer loop
vertex 220.82776530193343 -66.70674917045719 0
vertex 216.86267519572468 -66.7852976026346 0
vertex 216.84309087205312 -66.70674917045719 0
endloop
endfacet
facet normal 0 0 -1
outer loop
vertex 227.75703908300522 -66.70674917045719 0
vertex 227.77648860149426 -66.7852976026346 0
vertex 221.62528091751022 -66.7852976026346 0
endloop
endfacet
facet normal 0 0 -1
outer loop
vertex 227.75703908300522 -66.70674917045719 0
vertex 221.62528091751022 -66.7852976026346 0
vertex 221.77223469806668 -66.70674917045719 0
endloop
endfacet
facet normal 0 0 -1
outer loop
vertex 130.67471908248967 -66.7852976026346 0
vertex 130.8341732262863 -66.83366748834274 0
vertex 126.05 -66.83366748834274 0
endloop
endfacet
facet normal 0 0 -1
outer loop
vertex 130.67471908248967 -66.7852976026346 0
vertex 126.05 -66.83366748834274 0
vertex 126.05 -66.7852976026346 0
endloop
endfacet
facet normal 0 0 -1
outer loop
vertex 201.37471908248952 -66.7852976026346 0
vertex 201.53417322628627 -66.83366748834274 0
vertex 131.16582677371375 -66.83366748834274 0
endloop
endfacet
facet normal 0 0 -1
outer loop
vertex 201.37471908248952 -66.7852976026346 0
vertex 131.16582677371375 -66.83366748834274 0
vertex 131.32528091751033 -66.7852976026346 0
endloop
endfacet
facet normal 0 0 -1
outer loop
vertex 206.5565389178626 -66.7852976026346 0
vertex 206.56859888499062 -66.83366748834274 0
vertex 201.86582677371382 -66.83366748834274 0
endloop
endfacet
facet normal 0 0 -1
outer loop
vertex 206.5565389178626 -66.7852976026346 0
vertex 201.86582677371382 -66.83366748834274 0
vertex 202.02528091751026 -66.7852976026346 0
endloop
endfacet
facet normal 0 0 -1
outer loop
vertex 220.9747190824896 -66.7852976026346 0
vertex 221.1341732262862 -66.83366748834274 0
vertex 216.87473516269546 -66.83366748834274 0
endloop
endfacet
facet normal 0 0 -1
outer loop
vertex 220.9747190824896 -66.7852976026346 0
vertex 216.87473516269546 -66.83366748834274 0
vertex 216.86267519572468 -66.7852976026346 0
endloop
endfacet
facet normal 0 0 -1
outer loop
vertex 227.77648860149426 -66.7852976026346 0
vertex 227.7884655558435 -66.83366748834274 0
vertex 221.46582677371376 -66.83366748834274 0
endloop
endfacet
facet normal 0 0 -1
outer loop
vertex 227.77648860149426 -66.7852976026346 0
vertex 221.46582677371376 -66.83366748834274 0
vertex 221.62528091751022 -66.7852976026346 0
endloop
endfacet
facet normal 0 0 -1
outer loop
vertex 130.8341732262863 -66.83366748834274 0
vertex 131 -66.85 0
vertex 126.05 -66.85 0
endloop
endfacet
facet normal 0 0 -1
outer loop
vertex 130.8341732262863 -66.83366748834274 0
vertex 126.05 -66.85 0
vertex 126.05 -66.83366748834274 0
endloop
endfacet
facet normal 0 0 -1
outer loop
vertex 201.53417322628627 -66.83366748834274 0
vertex 201.7 -66.85 0
vertex 131 -66.85 0
endloop
endfacet
facet normal 0 0 -1
outer loop
vertex 201.53417322628627 -66.83366748834274 0
vertex 131 -66.85 0
vertex 131.16582677371375 -66.83366748834274 0
endloop
endfacet
facet normal 0 0 -1
outer loop
vertex 206.56859888499062 -66.83366748834274 0
vertex 206.57267103754629 -66.85 0
vertex 201.7 -66.85 0
endloop
endfacet
facet normal 0 0 -1
outer loop
vertex 206.56859888499062 -66.83366748834274 0
vertex 201.7 -66.85 0
vertex 201.86582677371382 -66.83366748834274 0
endloop
endfacet
facet normal 0 0 -1
outer loop
vertex 221.1341732262862 -66.83366748834274 0
vertex 221.30000000000004 -66.85 0
vertex 216.87880731519803 -66.85 0
endloop
endfacet
facet normal 0 0 -1
outer loop
vertex 221.1341732262862 -66.83366748834274 0
vertex 216.87880731519803 -66.85 0
vertex 216.87473516269546 -66.83366748834274 0
endloop
endfacet
facet normal 0 0 -1
outer loop
vertex 227.7884655558435 -66.83366748834274 0
vertex 227.79250967841404 -66.85 0
vertex 221.30000000000004 -66.85 0
endloop
endfacet
facet normal 0 0 -1
outer loop
vertex 227.7884655558435 -66.83366748834274 0
vertex 221.30000000000004 -66.85 0
vertex 221.46582677371376 -66.83366748834274 0
endloop
endfacet
facet normal 0 0 -1
outer loop
vertex 131 -66.85 0
vertex 201.7 -66.85 0
vertex 206.57267103754629 -66.85 0
endloop
endfacet
facet normal 0 0 -1
outer loop
vertex 131 -66.85 0
vertex 206.57267103754629 -66.85 0
vertex 207.86917666594496 -72.05 0
endloop
endfacet
facet normal 0 0 -1
outer loop
vertex 131 -66.85 0
vertex 207.86917666594496 -72.05 0
vertex 163.95 -72.05 0
endloop
endfacet
facet normal 0 0 -1
outer loop
vertex 131 -66.85 0
vertex 163.95 -72.05 0
vertex 150.05 -72.05 0
endloop
endfacet
facet normal 0 0 -1
outer loop
vertex 131 -66.85 0
vertex 150.05 -72.05 0
vertex 126.05 -72.05 0
endloop
endfacet
facet normal 0 0 -1
outer loop
vertex 131 -66.85 0
vertex 126.05 -72.05 0
vertex 126.05 -66.85 0
endloop
endfacet
facet normal 0 0 -1
outer loop
vertex 221.30000000000004 -66.85 0
vertex 227.79250967841404 -66.85 0
vertex 230.04780742842755 -75.95819990000001 0
endloop
endfacet
facet normal 0 0 -1
outer loop
vertex 221.30000000000004 -66.85 0
vertex 230.04780742842755 -75.95819990000001 0
vertex 219.1497366 -75.95819990000001 0
endloop
endfacet
facet normal 0 0 -1
outer loop
vertex 221.30000000000004 -66.85 0
vertex 219.1497366 -75.95819990000001 0
vertex 216.87880731519803 -66.85 0
endloop
endfacet
facet normal 0 0 -1
outer loop
vertex 207.86917666594496 -72.05 0
vertex 209.44677939999997 -78.37741890000001 0
vertex 163.95 -78.37741890000001 0
endloop
endfacet
facet normal 0 0 -1
outer loop
vertex 207.86917666594496 -72.05 0
vertex 163.95 -78.37741890000001 0
vertex 163.95 -72.05 0
endloop
endfacet
facet normal 0 0 -1
outer loop
vertex 230.04780742842755 -75.95819990000001 0
vertex 230.64683459377224 -78.37741890000001 0
vertex 209.44677939999997 -78.37741890000001 0
endloop
endfacet
facet normal 0 0 -1
outer loop
vertex 230.04780742842755 -75.95819990000001 0
vertex 209.44677939999997 -78.37741890000001 0
vertex 219.1497366 -75.95819990000001 0
endloop
endfacet
facet normal 0 0 -1
outer loop
vertex 150.05 -72.05 0
vertex 150.05 -79.05 0
vertex 144.95 -79.05 0
endloop
endfacet
facet normal 0 0 -1
outer loop
vertex 150.05 -72.05 0
vertex 144.95 -79.05 0
vertex 131.05 -79.05 0
endloop
endfacet
facet normal 0 0 -1
outer loop
vertex 150.05 -72.05 0
vertex 131.05 -79.05 0
vertex 126.05 -79.05 0
endloop
endfacet
facet normal 0 0 -1
outer loop
vertex 150.05 -72.05 0
vertex 126.05 -79.05 0
vertex 126.05 -72.05 0
endloop
endfacet
facet normal 0 0 -1
outer loop
vertex 209.44677939999997 -78.37741890000001 0
vertex 230.64683459377224 -78.37741890000001 0
vertex 230.81337360896575 -79.05 0
endloop
endfacet
facet normal 0 0 -1
outer loop
vertex 209.44677939999997 -78.37741890000001 0
vertex 230.81337360896575 -79.05 0
vertex 201.95 -79.05 0
endloop
endfacet
facet normal 0 0 -1
outer loop
vertex 209.44677939999997 -78.37741890000001 0
vertex 201.95 -79.05 0
vertex 188.05 -79.05 0
endloop
endfacet
facet normal 0 0 -1
outer loop
vertex 209.44677939999997 -78.37741890000001 0
vertex 188.05 -79.05 0
vertex 182.95 -79.05 0
endloop
endfacet
facet normal 0 0 -1
outer loop
vertex 209.44677939999997 -78.37741890000001 0
vertex 182.95 -79.05 0
vertex 169.05 -79.05 0
endloop
endfacet
facet normal 0 0 -1
outer loop
vertex 209.44677939999997 -78.37741890000001 0
vertex 169.05 -79.05 0
vertex 163.95 -79.05 0
endloop
endfacet
facet normal 0 0 -1
outer loop
vertex 209.44677939999997 -78.37741890000001 0
vertex 163.95 -79.05 0
vertex 163.95 -78.37741890000001 0
endloop
endfacet
facet normal 0 0 -1
outer loop
vertex 131.05 -79.05 0
vertex 131.05 -81.2 0
vertex 126.05 -81.2 0
endloop
endfacet
facet normal 0 0 -1
outer loop
vertex 131.05 -79.05 0
vertex 126.05 -81.2 0
vertex 126.05 -79.05 0
endloop
endfacet
facet normal 0 0 -1
outer loop
vertex 126.05 -81.2 0
vertex 131.05 -81.2 0
vertex 131.05 -82.625 0
endloop
endfacet
facet normal 0 0 -1
outer loop
vertex 126.05 -81.2 0
vertex 131.05 -82.625 0
vertex 109.52500000000003 -82.625 0
endloop
endfacet
facet normal 0 0 -1
outer loop
vertex 126.05 -81.2 0
vertex 109.52500000000003 -82.625 0
vertex 87.47499994651224 -82.625 0
endloop
endfacet
facet normal 0 0 -1
outer loop
vertex 126.05 -81.2 0
vertex 87.47499994651224 -82.625 0
vertex 87.475 -81.2 0
endloop
endfacet
facet normal 0 0 -1
outer loop
vertex 109.52500000000003 -82.625 0
vertex 109.35917322628646 -82.64133251165724 0
vertex 87.4749999458992 -82.64133251165724 0
endloop
endfacet
facet normal 0 0 -1
outer loop
vertex 109.52500000000003 -82.625 0
vertex 87.4749999458992 -82.64133251165724 0
vertex 87.47499994651224 -82.625 0
endloop
endfacet
facet normal 0 0 -1
outer loop
vertex 131.05 -82.625 0
vertex 131.05 -82.64133251165724 0
vertex 109.69082677371364 -82.64133251165724 0
endloop
endfacet
facet normal 0 0 -1
outer loop
vertex 131.05 -82.625 0
vertex 109.69082677371364 -82.64133251165724 0
vertex 109.52500000000003 -82.625 0
endloop
endfacet
facet normal 0 0 -1
outer loop
vertex 109.35917322628646 -82.64133251165724 0
vertex 109.19971908248961 -82.68970239736541 0
vertex 87.47499994408362 -82.68970239736541 0
endloop
endfacet
facet normal 0 0 -1
outer loop
vertex 109.35917322628646 -82.64133251165724 0
vertex 87.47499994408362 -82.68970239736541 0
vertex 87.4749999458992 -82.64133251165724 0
endloop
endfacet
facet normal 0 0 -1
outer loop
vertex 131.05 -82.64133251165724 0
vertex 131.05 -82.68970239736541 0
vertex 109.85028091751035 -82.68970239736541 0
endloop
endfacet
facet normal 0 0 -1
outer loop
vertex 131.05 -82.64133251165724 0
vertex 109.85028091751035 -82.68970239736541 0
vertex 109.69082677371364 -82.64133251165724 0
endloop
endfacet
facet normal 0 0 -1
outer loop
vertex 109.19971908248961 -82.68970239736541 0
vertex 109.05276530193325 -82.76825082954285 0
vertex 87.4749999411353 -82.76825082954285 0
endloop
endfacet
facet normal 0 0 -1
outer loop
vertex 109.19971908248961 -82.68970239736541 0
vertex 87.4749999411353 -82.76825082954285 0
vertex 87.47499994408362 -82.68970239736541 0
endloop
endfacet
facet normal 0 0 -1
outer loop
vertex 131.05 -82.68970239736541 0
vertex 131.05 -82.76825082954285 0
vertex 109.99723469806668 -82.76825082954285 0
endloop
endfacet
facet normal 0 0 -1
outer loop
vertex 131.05 -82.68970239736541 0
vertex 109.99723469806668 -82.76825082954285 0
vertex 109.85028091751035 -82.68970239736541 0
endloop
endfacet
facet normal 0 0 -1
outer loop
vertex 109.05276530193325 -82.76825082954285 0
vertex 108.92395923599153 -82.87395923599145 0
vertex 87.4749999371675 -82.87395923599145 0
endloop
endfacet
facet normal 0 0 -1
outer loop
vertex 109.05276530193325 -82.76825082954285 0
vertex 87.4749999371675 -82.87395923599145 0
vertex 87.4749999411353 -82.76825082954285 0
endloop
endfacet
facet normal 0 0 -1
outer loop
vertex 131.05 -82.76825082954285 0
vertex 131.05 -82.87395923599145 0
vertex 110.1260407640086 -82.87395923599145 0
endloop
endfacet
facet normal 0 0 -1
outer loop
vertex 131.05 -82.76825082954285 0
vertex 110.1260407640086 -82.87395923599145 0
vertex 109.99723469806668 -82.76825082954285 0
endloop
endfacet
facet normal 0 0 -1
outer loop
vertex 108.92395923599153 -82.87395923599145 0
vertex 108.81825082954279 -83.00276530193334 0
vertex 87.47499993233272 -83.00276530193334 0
endloop
endfacet
facet normal 0 0 -1
outer loop
vertex 108.92395923599153 -82.87395923599145 0
vertex 87.47499993233272 -83.00276530193334 0
vertex 87.4749999371675 -82.87395923599145 0
endloop
endfacet
facet normal 0 0 -1
outer loop
vertex 131.05 -82.87395923599145 0
vertex 131.05 -83.00276530193334 0
vertex 110.23174917045718 -83.00276530193334 0
endloop
endfacet
facet normal 0 0 -1
outer loop
vertex 131.05 -82.87395923599145 0
vertex 110.23174917045718 -83.00276530193334 0
vertex 110.1260407640086 -82.87395923599145 0
endloop
endfacet
facet normal 0 0 -1
outer loop
vertex 108.81825082954279 -83.00276530193334 0
vertex 108.73970239736546 -83.14971908248965 0
vertex 87.47499992681678 -83.14971908248965 0
endloop
endfacet
facet normal 0 0 -1
outer loop
vertex 108.81825082954279 -83.00276530193334 0
vertex 87.47499992681678 -83.14971908248965 0
vertex 87.47499993233272 -83.00276530193334 0
endloop
endfacet
facet normal 0 0 -1
outer loop
vertex 131.05 -83.00276530193334 0
vertex 131.05 -83.14971908248965 0
vertex 110.3102976026346 -83.14971908248965 0
endloop
endfacet
facet normal 0 0 -1
outer loop
vertex 131.05 -83.00276530193334 0
vertex 110.3102976026346 -83.14971908248965 0
vertex 110.23174917045718 -83.00276530193334 0
endloop
endfacet
facet normal 0 0 -1
outer loop
vertex 108.73970239736546 -83.14971908248965 0
vertex 108.69133251165727 -83.30917322628636 0
vertex 87.47499992083162 -83.30917322628636 0
endloop
endfacet
facet normal 0 0 -1
outer loop
vertex 108.73970239736546 -83.14971908248965 0
vertex 87.47499992083162 -83.30917322628636 0
vertex 87.47499992681678 -83.14971908248965 0
endloop
endfacet
facet normal 0 0 -1
outer loop
vertex 131.05 -83.14971908248965 0
vertex 131.05 -83.30917322628636 0
vertex 110.35866748834277 -83.30917322628636 0
endloop
endfacet
facet normal 0 0 -1
outer loop
vertex 131.05 -83.14971908248965 0
vertex 110.35866748834277 -83.30917322628636 0
vertex 110.3102976026346 -83.14971908248965 0
endloop
endfacet
facet normal 0 0 -1
outer loop
vertex 108.69133251165727 -83.30917322628636 0
vertex 108.67500000000001 -83.47499999999995 0
vertex 87.47499991460727 -83.47499999999995 0
endloop
endfacet
facet normal 0 0 -1
outer loop
vertex 108.69133251165727 -83.30917322628636 0
vertex 87.47499991460727 -83.47499999999995 0
vertex 87.47499992083162 -83.30917322628636 0
endloop
endfacet
facet normal 0 0 -1
outer loop
vertex 131.05 -83.30917322628636 0
vertex 131.05 -83.47499999999995 0
vertex 110.37500000000001 -83.47499999999995 0
endloop
endfacet
facet normal 0 0 -1
outer loop
vertex 131.05 -83.30917322628636 0
vertex 110.37500000000001 -83.47499999999995 0
vertex 110.35866748834277 -83.30917322628636 0
endloop
endfacet
facet normal 0 0 -1
outer loop
vertex 108.67500000000001 -83.47499999999995 0
vertex 108.69133251165727 -83.64082677371371 0
vertex 87.47499990838293 -83.64082677371371 0
endloop
endfacet
facet normal 0 0 -1
outer loop
vertex 108.67500000000001 -83.47499999999995 0
vertex 87.47499990838293 -83.64082677371371 0
vertex 87.47499991460727 -83.47499999999995 0
endloop
endfacet
facet normal 0 0 -1
outer loop
vertex 131.05 -83.47499999999995 0
vertex 131.05 -83.64082677371371 0
vertex 110.35866748834275 -83.64082677371371 0
endloop
endfacet
facet normal 0 0 -1
outer loop
vertex 131.05 -83.47499999999995 0
vertex 110.35866748834275 -83.64082677371371 0
vertex 110.37500000000001 -83.47499999999995 0
endloop
endfacet
facet normal 0 0 -1
outer loop
vertex 108.69133251165727 -83.64082677371371 0
vertex 108.73970239736539 -83.80028091751028 0
vertex 87.47499990239777 -83.80028091751028 0
endloop
endfacet
facet normal 0 0 -1
outer loop
vertex 108.69133251165727 -83.64082677371371 0
vertex 87.47499990239777 -83.80028091751028 0
vertex 87.47499990838293 -83.64082677371371 0
endloop
endfacet
facet normal 0 0 -1
outer loop
vertex 131.05 -83.64082677371371 0
vertex 131.05 -83.80028091751028 0
vertex 110.31029760263462 -83.80028091751028 0
endloop
endfacet
facet normal 0 0 -1
outer loop
vertex 131.05 -83.64082677371371 0
vertex 110.31029760263462 -83.80028091751028 0
vertex 110.35866748834275 -83.64082677371371 0
endloop
endfacet
facet normal 0 0 -1
outer loop
vertex 108.73970239736539 -83.80028091751028 0
vertex 108.81825082954288 -83.94723469806668 0
vertex 87.47499989688183 -83.94723469806668 0
endloop
endfacet
facet normal 0 0 -1
outer loop
vertex 108.73970239736539 -83.80028091751028 0
vertex 87.47499989688183 -83.94723469806668 0
vertex 87.47499990239777 -83.80028091751028 0
endloop
endfacet
facet normal 0 0 -1
outer loop
vertex 131.05 -83.80028091751028 0
vertex 131.05 -83.94723469806668 0
vertex 110.23174917045716 -83.94723469806668 0
endloop
endfacet
facet normal 0 0 -1
outer loop
vertex 131.05 -83.80028091751028 0
vertex 110.23174917045716 -83.94723469806668 0
vertex 110.31029760263462 -83.80028091751028 0
endloop
endfacet
facet normal 0 0 -1
outer loop
vertex 108.81825082954288 -83.94723469806668 0
vertex 108.92395923599142 -84.07604076400851 0
vertex 87.47499989204705 -84.07604076400851 0
endloop
endfacet
facet normal 0 0 -1
outer loop
vertex 108.81825082954288 -83.94723469806668 0
vertex 87.47499989204705 -84.07604076400851 0
vertex 87.47499989688183 -83.94723469806668 0
endloop
endfacet
facet normal 0 0 -1
outer loop
vertex 131.05 -83.94723469806668 0
vertex 131.05 -84.07604076400851 0
vertex 110.12604076400869 -84.07604076400851 0
endloop
endfacet
facet normal 0 0 -1
outer loop
vertex 131.05 -83.94723469806668 0
vertex 110.12604076400869 -84.07604076400851 0
vertex 110.23174917045716 -83.94723469806668 0
endloop
endfacet
facet normal 0 0 -1
outer loop
vertex 108.92395923599142 -84.07604076400851 0
vertex 109.0527653019334 -84.18174917045718 0
vertex 87.47499988807925 -84.18174917045718 0
endloop
endfacet
facet normal 0 0 -1
outer loop
vertex 108.92395923599142 -84.07604076400851 0
vertex 87.47499988807925 -84.18174917045718 0
vertex 87.47499989204705 -84.07604076400851 0
endloop
endfacet
facet normal 0 0 -1
outer loop
vertex 131.05 -84.07604076400851 0
vertex 131.05 -84.18174917045718 0
vertex 109.99723469806662 -84.18174917045718 0
endloop
endfacet
facet normal 0 0 -1
outer loop
vertex 131.05 -84.07604076400851 0
vertex 109.99723469806662 -84.18174917045718 0
vertex 110.12604076400869 -84.07604076400851 0
endloop
endfacet
facet normal 0 0 -1
outer loop
vertex 109.0527653019334 -84.18174917045718 0
vertex 109.19971908248965 -84.26029760263458 0
vertex 87.47499988513093 -84.26029760263458 0
endloop
endfacet
facet normal 0 0 -1
outer loop
vertex 109.0527653019334 -84.18174917045718 0
vertex 87.47499988513093 -84.26029760263458 0
vertex 87.47499988807925 -84.18174917045718 0
endloop
endfacet
facet normal 0 0 -1
outer loop
vertex 131.05 -84.18174917045718 0
vertex 131.05 -84.26029760263458 0
vertex 109.85028091751023 -84.26029760263458 0
endloop
endfacet
facet normal 0 0 -1
outer loop
vertex 131.05 -84.18174917045718 0
vertex 109.85028091751023 -84.26029760263458 0
vertex 109.99723469806662 -84.18174917045718 0
endloop
endfacet
facet normal 0 0 -1
outer loop
vertex 109.19971908248965 -84.26029760263458 0
vertex 109.35917322628637 -84.30866748834275 0
vertex 87.47499988331535 -84.30866748834275 0
endloop
endfacet
facet normal 0 0 -1
outer loop
vertex 109.19971908248965 -84.26029760263458 0
vertex 87.47499988331535 -84.30866748834275 0
vertex 87.47499988513093 -84.26029760263458 0
endloop
endfacet
facet normal 0 0 -1
outer loop
vertex 131.05 -84.26029760263458 0
vertex 131.05 -84.30866748834275 0
vertex 109.69082677371382 -84.30866748834275 0
endloop
endfacet
facet normal 0 0 -1
outer loop
vertex 131.05 -84.26029760263458 0
vertex 109.69082677371382 -84.30866748834275 0
vertex 109.85028091751023 -84.26029760263458 0
endloop
endfacet
facet normal 0 0 -1
outer loop
vertex 109.35917322628637 -84.30866748834275 0
vertex 109.52499999999992 -84.32499999999999 0
vertex 87.4749998827023 -84.32499999999999 0
endloop
endfacet
facet normal 0 0 -1
outer loop
vertex 109.35917322628637 -84.30866748834275 0
vertex 87.4749998827023 -84.32499999999999 0
vertex 87.47499988331535 -84.30866748834275 0
endloop
endfacet
facet normal 0 0 -1
outer loop
vertex 131.05 -84.30866748834275 0
vertex 131.05 -84.32499999999999 0
vertex 109.52499999999992 -84.32499999999999 0
endloop
endfacet
facet normal 0 0 -1
outer loop
vertex 131.05 -84.30866748834275 0
vertex 109.52499999999992 -84.32499999999999 0
vertex 109.69082677371382 -84.30866748834275 0
endloop
endfacet
facet normal 0 0 -1
outer loop
vertex 150.05 -79.05 0
vertex 150.05 -85.95 0
vertex 144.95 -85.95 0
endloop
endfacet
facet normal 0 0 -1
outer loop
vertex 150.05 -79.05 0
vertex 144.95 -85.95 0
vertex 144.95 -79.05 0
endloop
endfacet
facet normal 0 0 -1
outer loop
vertex 169.05 -79.05 0
vertex 169.05 -85.95 0
vertex 163.95 -85.95 0
endloop
endfacet
facet normal 0 0 -1
outer loop
vertex 169.05 -79.05 0
vertex 163.95 -85.95 0
vertex 163.95 -79.05 0
endloop
endfacet
facet normal 0 0 -1
outer loop
vertex 109.52499999999992 -84.32499999999999 0
vertex 131.05 -84.32499999999999 0
vertex 131.05 -86.05 0
endloop
endfacet
facet normal 0 0 -1
outer loop
vertex 109.52499999999992 -84.32499999999999 0
vertex 131.05 -86.05 0
vertex 125.95 -86.05 0
endloop
endfacet
facet normal 0 0 -1
outer loop
vertex 109.52499999999992 -84.32499999999999 0
vertex 125.95 -86.05 0
vertex 112.05 -86.05 0
endloop
endfacet
facet normal 0 0 -1
outer loop
vertex 109.52499999999992 -84.32499999999999 0
vertex 112.05 -86.05 0
vertex 106.95 -86.05 0
endloop
endfacet
facet normal 0 0 -1
outer loop
vertex 109.52499999999992 -84.32499999999999 0
vertex 106.95 -86.05 0
vertex 93.05 -86.05 0
endloop
endfacet
facet normal 0 0 -1
outer loop
vertex 109.52499999999992 -84.32499999999999 0
vertex 93.05 -86.05 0
vertex 87.47499981795397 -86.05 0
endloop
endfacet
facet normal 0 0 -1
outer loop
vertex 109.52499999999992 -84.32499999999999 0
vertex 87.47499981795397 -86.05 0
vertex 87.4749998827023 -84.32499999999999 0
endloop
endfacet
facet normal 0 0 -1
outer loop
vertex 230.81337360896575 -79.05 0
vertex 233.28949158482777 -89.05 0
vertex 220.95 -89.05 0
endloop
endfacet
facet normal 0 0 -1
outer loop
vertex 230.81337360896575 -79.05 0
vertex 220.95 -89.05 0
vertex 207.05 -89.05 0
endloop
endfacet
facet normal 0 0 -1
outer loop
vertex 230.81337360896575 -79.05 0
vertex 207.05 -89.05 0
vertex 201.95 -89.05 0
endloop
endfacet
facet normal 0 0 -1
outer loop
vertex 230.81337360896575 -79.05 0
vertex 201.95 -89.05 0
vertex 201.95 -79.05 0
endloop
endfacet
facet normal 0 0 -1
outer loop
vertex 150.05 -85.95 0
vertex 163.95 -85.95 0
vertex 169.05 -85.95 0
endloop
endfacet
facet normal 0 0 -1
outer loop
vertex 150.05 -85.95 0
vertex 169.05 -85.95 0
vertex 169.05 -91.05 0
endloop
endfacet
facet normal 0 0 -1
outer loop
vertex 150.05 -85.95 0
vertex 169.05 -91.05 0
vertex 163.95 -91.05 0
endloop
endfacet
facet normal 0 0 -1
outer loop
vertex 150.05 -85.95 0
vertex 163.95 -91.05 0
vertex 150.05 -91.05 0
endloop
endfacet
facet normal 0 0 -1
outer loop
vertex 150.05 -85.95 0
vertex 150.05 -91.05 0
vertex 144.95 -91.05 0
endloop
endfacet
facet normal 0 0 -1
outer loop
vertex 150.05 -85.95 0
vertex 144.95 -91.05 0
vertex 144.95 -85.95 0
endloop
endfacet
facet normal 0 0 -1
outer loop
vertex 131.05 -86.05 0
vertex 131.05 -92.95 0
vertex 125.95 -92.95 0
endloop
endfacet
facet normal 0 0 -1
outer loop
vertex 131.05 -86.05 0
vertex 125.95 -92.95 0
vertex 125.95 -86.05 0
endloop
endfacet
facet normal 0 0 -1
outer loop
vertex 150.05 -91.05 0
vertex 150.05 -92.95 0
vertex 144.95 -92.95 0
endloop
endfacet
facet normal 0 0 -1
outer loop
vertex 150.05 -91.05 0
vertex 144.95 -92.95 0
vertex 144.95 -91.05 0
endloop
endfacet
facet normal 0 0 -1
outer loop
vertex 169.05 -91.05 0
vertex 169.05 -92.95 0
vertex 163.95 -92.95 0
endloop
endfacet
facet normal 0 0 -1
outer loop
vertex 169.05 -91.05 0
vertex 163.95 -92.95 0
vertex 163.95 -91.05 0
endloop
endfacet
facet normal 0 0 -1
outer loop
vertex 188.05 -79.05 0
vertex 188.05 -92.95 0
vertex 182.95 -92.95 0
endloop
endfacet
facet normal 0 0 -1
outer loop
vertex 188.05 -79.05 0
vertex 182.95 -92.95 0
vertex 182.95 -79.05 0
endloop
endfacet
facet normal 0 0 -1
outer loop
vertex 207.05 -89.05 0
vertex 207.05 -92.95 0
vertex 201.95 -92.95 0
endloop
endfacet
facet normal 0 0 -1
outer loop
vertex 207.05 -89.05 0
vertex 201.95 -92.95 0
vertex 201.95 -89.05 0
endloop
endfacet
facet normal 0 0 -1
outer loop
vertex 131.05 -92.95 0
vertex 144.95 -92.95 0
vertex 150.05 -92.95 0
endloop
endfacet
facet normal 0 0 -1
outer loop
vertex 131.05 -92.95 0
vertex 150.05 -92.95 0
vertex 150.05 -98.05 0
endloop
endfacet
facet normal 0 0 -1
outer loop
vertex 131.05 -92.95 0
vertex 150.05 -98.05 0
vertex 144.95 -98.05 0
endloop
endfacet
facet normal 0 0 -1
outer loop
vertex 131.05 -92.95 0
vertex 144.95 -98.05 0
vertex 131.05 -98.05 0
endloop
endfacet
facet normal 0 0 -1
outer loop
vertex 131.05 -92.95 0
vertex 131.05 -98.05 0
vertex 125.95 -98.05 0
endloop
endfacet
facet normal 0 0 -1
outer loop
vertex 131.05 -92.95 0
vertex 125.95 -98.05 0
vertex 125.95 -92.95 0
endloop
endfacet
facet normal 0 0 -1
outer loop
vertex 169.05 -92.95 0
vertex 182.95 -92.95 0
vertex 188.05 -92.95 0
endloop
endfacet
facet normal 0 0 -1
outer loop
vertex 169.05 -92.95 0
vertex 188.05 -92.95 0
vertex 201.95 -92.95 0
endloop
endfacet
facet normal 0 0 -1
outer loop
vertex 169.05 -92.95 0
vertex 201.95 -92.95 0
vertex 207.05 -92.95 0
endloop
endfacet
facet normal 0 0 -1
outer loop
vertex 169.05 -92.95 0
vertex 207.05 -92.95 0
vertex 207.05 -98.05 0
endloop
endfacet
facet normal 0 0 -1
outer loop
vertex 169.05 -92.95 0
vertex 207.05 -98.05 0
vertex 201.95 -98.05 0
endloop
endfacet
facet normal 0 0 -1
outer loop
vertex 169.05 -92.95 0
vertex 201.95 -98.05 0
vertex 188.05 -98.05 0
endloop
endfacet
facet normal 0 0 -1
outer loop
vertex 169.05 -92.95 0
vertex 188.05 -98.05 0
vertex 182.95 -98.05 0
endloop
endfacet
facet normal 0 0 -1
outer loop
vertex 169.05 -92.95 0
vertex 182.95 -98.05 0
vertex 169.05 -98.05 0
endloop
endfacet
facet normal 0 0 -1
outer loop
vertex 169.05 -92.95 0
vertex 169.05 -98.05 0
vertex 163.95 -98.05 0
endloop
endfacet
facet normal 0 0 -1
outer loop
vertex 169.05 -92.95 0
vertex 163.95 -98.05 0
vertex 163.95 -92.95 0
endloop
endfacet
facet normal 0 0 -1
outer loop
vertex 93.05 -86.05 0
vertex 93.05 -99.95 0
vertex 87.47499929621382 -99.95 0
endloop
endfacet
facet normal 0 0 -1
outer loop
vertex 93.05 -86.05 0
vertex 87.47499929621382 -99.95 0
vertex 87.47499981795397 -86.05 0
endloop
endfacet
facet normal 0 0 -1
outer loop
vertex 112.05 -86.05 0
vertex 112.05 -99.95 0
vertex 106.95 -99.95 0
endloop
endfacet
facet normal 0 0 -1
outer loop
vertex 112.05 -86.05 0
vertex 106.95 -99.95 0
vertex 106.95 -86.05 0
endloop
endfacet
facet normal 0 0 -1
outer loop
vertex 131.05 -98.05 0
vertex 131.05 -99.95 0
vertex 125.95 -99.95 0
endloop
endfacet
facet normal 0 0 -1
outer loop
vertex 131.05 -98.05 0
vertex 125.95 -99.95 0
vertex 125.95 -98.05 0
endloop
endfacet
facet normal 0 0 -1
outer loop
vertex 207.05 -98.05 0
vertex 207.05 -102.95 0
vertex 201.95 -102.95 0
endloop
endfacet
facet normal 0 0 -1
outer loop
vertex 207.05 -98.05 0
vertex 201.95 -102.95 0
vertex 201.95 -98.05 0
endloop
endfacet
facet normal 0 0 -1
outer loop
vertex 233.28949158482777 -89.05 0
vertex 236.731295571276 -102.95 0
vertex 220.95 -102.95 0
endloop
endfacet
facet normal 0 0 -1
outer loop
vertex 233.28949158482777 -89.05 0
vertex 220.95 -102.95 0
vertex 220.95 -89.05 0
endloop
endfacet
facet normal 0 0 -1
outer loop
vertex 150.05 -98.05 0
vertex 150.05 -104.95 0
vertex 144.95 -104.95 0
endloop
endfacet
facet normal 0 0 -1
outer loop
vertex 150.05 -98.05 0
vertex 144.95 -104.95 0
vertex 144.95 -98.05 0
endloop
endfacet
facet normal 0 0 -1
outer loop
vertex 169.05 -98.05 0
vertex 169.05 -104.95 0
vertex 163.95 -104.95 0
endloop
endfacet
facet normal 0 0 -1
outer loop
vertex 169.05 -98.05 0
vertex 163.95 -104.95 0
vertex 163.95 -98.05 0
endloop
endfacet
facet normal 0 0 -1
outer loop
vertex 93.05 -99.95 0
vertex 106.95 -99.95 0
vertex 112.05 -99.95 0
endloop
endfacet
facet normal 0 0 -1
outer loop
vertex 93.05 -99.95 0
vertex 112.05 -99.95 0
vertex 125.95 -99.95 0
endloop
endfacet
facet normal 0 0 -1
outer loop
vertex 93.05 -99.95 0
vertex 125.95 -99.95 0
vertex 131.05 -99.95 0
endloop
endfacet
facet normal 0 0 -1
outer loop
vertex 93.05 -99.95 0
vertex 131.05 -99.95 0
vertex 131.05 -105.05 0
endloop
endfacet
facet normal 0 0 -1
outer loop
vertex 93.05 -99.95 0
vertex 131.05 -105.05 0
vertex 125.95 -105.05 0
endloop
endfacet
facet normal 0 0 -1
outer loop
vertex 93.05 -99.95 0
vertex 125.95 -105.05 0
vertex 112.05 -105.05 0
endloop
endfacet
facet normal 0 0 -1
outer loop
vertex 93.05 -99.95 0
vertex 112.05 -105.05 0
vertex 106.95 -105.05 0
endloop
endfacet
facet normal 0 0 -1
outer loop
vertex 93.05 -99.95 0
vertex 106.95 -105.05 0
vertex 93.05 -105.05 0
endloop
endfacet
facet normal 0 0 -1
outer loop
vertex 93.05 -99.95 0
vertex 93.05 -105.05 0
vertex 87.47499910478399 -105.05 0
endloop
endfacet
facet normal 0 0 -1
outer loop
vertex 93.05 -99.95 0
vertex 87.47499910478399 -105.05 0
vertex 87.47499929621382 -99.95 0
endloop
endfacet
facet normal 0 0 -1
outer loop
vertex 207.05 -102.95 0
vertex 220.95 -102.95 0
vertex 236.731295571276 -102.95 0
endloop
endfacet
facet normal 0 0 -1
outer loop
vertex 207.05 -102.95 0
vertex 236.731295571276 -102.95 0
vertex 237.99411573896566 -108.05 0
endloop
endfacet
facet normal 0 0 -1
outer loop
vertex 207.05 -102.95 0
vertex 237.99411573896566 -108.05 0
vertex 220.95 -108.05 0
endloop
endfacet
facet normal 0 0 -1
outer loop
vertex 207.05 -102.95 0
vertex 220.95 -108.05 0
vertex 207.05 -108.05 0
endloop
endfacet
facet normal 0 0 -1
outer loop
vertex 207.05 -102.95 0
vertex 207.05 -108.05 0
vertex 201.95 -108.05 0
endloop
endfacet
facet normal 0 0 -1
outer loop
vertex 207.05 -102.95 0
vertex 201.95 -108.05 0
vertex 201.95 -102.95 0
endloop
endfacet
facet normal 0 0 -1
outer loop
vertex 150.05 -104.95 0
vertex 163.95 -104.95 0
vertex 169.05 -104.95 0
endloop
endfacet
facet normal 0 0 -1
outer loop
vertex 150.05 -104.95 0
vertex 169.05 -104.95 0
vertex 169.05 -110.05 0
endloop
endfacet
facet normal 0 0 -1
outer loop
vertex 150.05 -104.95 0
vertex 169.05 -110.05 0
vertex 163.95 -110.05 0
endloop
endfacet
facet normal 0 0 -1
outer loop
vertex 150.05 -104.95 0
vertex 163.95 -110.05 0
vertex 150.05 -110.05 0
endloop
endfacet
facet normal 0 0 -1
outer loop
vertex 150.05 -104.95 0
vertex 150.05 -110.05 0
vertex 144.95 -110.05 0
endloop
endfacet
facet normal 0 0 -1
outer loop
vertex 150.05 -104.95 0
vertex 144.95 -110.05 0
vertex 144.95 -104.95 0
endloop
endfacet
facet normal 0 0 -1
outer loop
vertex 131.05 -105.05 0
vertex 131.05 -111.95 0
vertex 125.95 -111.95 0
endloop
endfacet
facet normal 0 0 -1
outer loop
vertex 131.05 -105.05 0
vertex 125.95 -111.95 0
vertex 125.95 -105.05 0
endloop
endfacet
facet normal 0 0 -1
outer loop
vertex 150.05 -110.05 0
vertex 150.05 -111.95 0
vertex 144.95 -111.95 0
endloop
endfacet
facet normal 0 0 -1
outer loop
vertex 150.05 -110.05 0
vertex 144.95 -111.95 0
vertex 144.95 -110.05 0
endloop
endfacet
facet normal 0 0 -1
outer loop
vertex 169.05 -110.05 0
vertex 169.05 -111.95 0
vertex 163.95 -111.95 0
endloop
endfacet
facet normal 0 0 -1
outer loop
vertex 169.05 -110.05 0
vertex 163.95 -111.95 0
vertex 163.95 -110.05 0
endloop
endfacet
facet normal 0 0 -1
outer loop
vertex 188.05 -98.05 0
vertex 188.05 -111.95 0
vertex 182.95 -111.95 0
endloop
endfacet
facet normal 0 0 -1
outer loop
vertex 188.05 -98.05 0
vertex 182.95 -111.95 0
vertex 182.95 -98.05 0
endloop
endfacet
facet normal 0 0 -1
outer loop
vertex 207.05 -108.05 0
vertex 207.05 -111.95 0
vertex 201.95 -111.95 0
endloop
endfacet
facet normal 0 0 -1
outer loop
vertex 207.05 -108.05 0
vertex 201.95 -111.95 0
vertex 201.95 -108.05 0
endloop
endfacet
facet normal 0 0 -1
outer loop
vertex 131.05 -111.95 0
vertex 144.95 -111.95 0
vertex 150.05 -111.95 0
endloop
endfacet
facet normal 0 0 -1
outer loop
vertex 131.05 -111.95 0
vertex 150.05 -111.95 0
vertex 150.05 -117.05 0
endloop
endfacet
facet normal 0 0 -1
outer loop
vertex 131.05 -111.95 0
vertex 150.05 -117.05 0
vertex 144.95 -117.05 0
endloop
endfacet
facet normal 0 0 -1
outer loop
vertex 131.05 -111.95 0
vertex 144.95 -117.05 0
vertex 131.05 -117.05 0
endloop
endfacet
facet normal 0 0 -1
outer loop
vertex 131.05 -111.95 0
vertex 131.05 -117.05 0
vertex 125.95 -117.05 0
endloop
endfacet
facet normal 0 0 -1
outer loop
vertex 131.05 -111.95 0
vertex 125.95 -117.05 0
vertex 125.95 -111.95 0
endloop
endfacet
facet normal 0 0 -1
outer loop
vertex 169.05 -111.95 0
vertex 182.95 -111.95 0
vertex 188.05 -111.95 0
endloop
endfacet
facet normal 0 0 -1
outer loop
vertex 169.05 -111.95 0
vertex 188.05 -111.95 0
vertex 201.95 -111.95 0
endloop
endfacet
facet normal 0 0 -1
outer loop
vertex 169.05 -111.95 0
vertex 201.95 -111.95 0
vertex 207.05 -111.95 0
endloop
endfacet
facet normal 0 0 -1
outer loop
vertex 169.05 -111.95 0
vertex 207.05 -111.95 0
vertex 207.05 -117.05 0
endloop
endfacet
facet normal 0 0 -1
outer loop
vertex 169.05 -111.95 0
vertex 207.05 -117.05 0
vertex 201.95 -117.05 0
endloop
endfacet
facet normal 0 0 -1
outer loop
vertex 169.05 -111.95 0
vertex 201.95 -117.05 0
vertex 188.05 -117.05 0
endloop
endfacet
facet normal 0 0 -1
outer loop
vertex 169.05 -111.95 0
vertex 188.05 -117.05 0
vertex 182.95 -117.05 0
endloop
endfacet
facet normal 0 0 -1
outer loop
vertex 169.05 -111.95 0
vertex 182.95 -117.05 0
vertex 169.05 -117.05 0
endloop
endfacet
facet normal 0 0 -1
outer loop
vertex 169.05 -111.95 0
vertex 169.05 -117.05 0
vertex 163.95 -117.05 0
endloop
endfacet
facet normal 0 0 -1
outer loop
vertex 169.05 -111.95 0
vertex 163.95 -117.05 0
vertex 163.95 -111.95 0
endloop
endfacet
facet normal 0 0 -1
outer loop
vertex 93.05 -105.05 0
vertex 93.05 -118.95 0
vertex 87.47499858304384 -118.95 0
endloop
endfacet
facet normal 0 0 -1
outer loop
vertex 93.05 -105.05 0
vertex 87.47499858304384 -118.95 0
vertex 87.47499910478399 -105.05 0
endloop
endfacet
facet normal 0 0 -1
outer loop
vertex 112.05 -105.05 0
vertex 112.05 -118.95 0
vertex 106.95 -118.95 0
endloop
endfacet
facet normal 0 0 -1
outer loop
vertex 112.05 -105.05 0
vertex 106.95 -118.95 0
vertex 106.95 -105.05 0
endloop
endfacet
facet normal 0 0 -1
outer loop
vertex 131.05 -117.05 0
vertex 131.05 -118.95 0
vertex 125.95 -118.95 0
endloop
endfacet
facet normal 0 0 -1
outer loop
vertex 131.05 -117.05 0
vertex 125.95 -118.95 0
vertex 125.95 -117.05 0
endloop
endfacet
facet normal 0 0 -1
outer loop
vertex 207.05 -117.05 0
vertex 207.05 -121.95 0
vertex 201.95 -121.95 0
endloop
endfacet
facet normal 0 0 -1
outer loop
vertex 207.05 -117.05 0
vertex 201.95 -121.95 0
vertex 201.95 -117.05 0
endloop
endfacet
facet normal 0 0 -1
outer loop
vertex 237.99411573896566 -108.05 0
vertex 241.4359197254139 -121.95 0
vertex 220.95 -121.95 0
endloop
endfacet
facet normal 0 0 -1
outer loop
vertex 237.99411573896566 -108.05 0
vertex 220.95 -121.95 0
vertex 220.95 -108.05 0
endloop
endfacet
facet normal 0 0 -1
outer loop
vertex 207.05 -121.95 0
vertex 220.95 -121.95 0
vertex 241.4359197254139 -121.95 0
endloop
endfacet
facet normal 0 0 -1
outer loop
vertex 207.05 -121.95 0
vertex 241.4359197254139 -121.95 0
vertex 241.8506694863708 -123.62500000000001 0
endloop
endfacet
facet normal 0 0 -1
outer loop
vertex 207.05 -121.95 0
vertex 241.8506694863708 -123.62500000000001 0
vertex 223.52500000000006 -123.62500000000001 0
endloop
endfacet
facet normal 0 0 -1
outer loop
vertex 207.05 -121.95 0
vertex 223.52500000000006 -123.62500000000001 0
vertex 201.95 -123.62500000000001 0
endloop
endfacet
facet normal 0 0 -1
outer loop
vertex 207.05 -121.95 0
vertex 201.95 -123.62500000000001 0
vertex 201.95 -121.95 0
endloop
endfacet
facet normal 0 0 -1
outer loop
vertex 223.52500000000006 -123.62500000000001 0
vertex 223.35917322628634 -123.64133251165727 0
vertex 201.95 -123.64133251165727 0
endloop
endfacet
facet normal 0 0 -1
outer loop
vertex 223.52500000000006 -123.62500000000001 0
vertex 201.95 -123.64133251165727 0
vertex 201.95 -123.62500000000001 0
endloop
endfacet
facet normal 0 0 -1
outer loop
vertex 241.8506694863708 -123.62500000000001 0
vertex 241.85471360894135 -123.64133251165727 0
vertex 223.6908267737138 -123.64133251165727 0
endloop
endfacet
facet normal 0 0 -1
outer loop
vertex 241.8506694863708 -123.62500000000001 0
vertex 223.6908267737138 -123.64133251165727 0
vertex 223.52500000000006 -123.62500000000001 0
endloop
endfacet
facet normal 0 0 -1
outer loop
vertex 223.35917322628634 -123.64133251165727 0
vertex 223.19971908248968 -123.68970239736537 0
vertex 201.95 -123.68970239736537 0
endloop
endfacet
facet normal 0 0 -1
outer loop
vertex 223.35917322628634 -123.64133251165727 0
vertex 201.95 -123.68970239736537 0
vertex 201.95 -123.64133251165727 0
endloop
endfacet
facet normal 0 0 -1
outer loop
vertex 241.85471360894135 -123.64133251165727 0
vertex 241.86669056329058 -123.68970239736537 0
vertex 223.85028091751028 -123.68970239736537 0
endloop
endfacet
facet normal 0 0 -1
outer loop
vertex 241.85471360894135 -123.64133251165727 0
vertex 223.85028091751028 -123.68970239736537 0
vertex 223.6908267737138 -123.64133251165727 0
endloop
endfacet
facet normal 0 0 -1
outer loop
vertex 223.19971908248968 -123.68970239736537 0
vertex 223.05276530193336 -123.76825082954288 0
vertex 201.95 -123.76825082954288 0
endloop
endfacet
facet normal 0 0 -1
outer loop
vertex 223.19971908248968 -123.68970239736537 0
vertex 201.95 -123.76825082954288 0
vertex 201.95 -123.68970239736537 0
endloop
endfacet
facet normal 0 0 -1
outer loop
vertex 241.86669056329058 -123.68970239736537 0
vertex 241.88614008177962 -123.76825082954288 0
vertex 223.99723469806676 -123.76825082954288 0
endloop
endfacet
facet normal 0 0 -1
outer loop
vertex 241.86669056329058 -123.68970239736537 0
vertex 223.99723469806676 -123.76825082954288 0
vertex 223.85028091751028 -123.68970239736537 0
endloop
endfacet
facet normal 0 0 -1
outer loop
vertex 223.05276530193336 -123.76825082954288 0
vertex 222.92395923599153 -123.87395923599135 0
vertex 201.95 -123.87395923599135 0
endloop
endfacet
facet normal 0 0 -1
outer loop
vertex 223.05276530193336 -123.76825082954288 0
vertex 201.95 -123.87395923599135 0
vertex 201.95 -123.76825082954288 0
endloop
endfacet
facet normal 0 0 -1
outer loop
vertex 241.88614008177962 -123.76825082954288 0
vertex 241.9123147303203 -123.87395923599135 0
vertex 224.1260407640085 -123.87395923599135 0
endloop
endfacet
facet normal 0 0 -1
outer loop
vertex 241.88614008177962 -123.76825082954288 0
vertex 224.1260407640085 -123.87395923599135 0
vertex 223.99723469806676 -123.76825082954288 0
endloop
endfacet
facet normal 0 0 -1
outer loop
vertex 150.05 -117.05 0
vertex 150.05 -123.95 0
vertex 144.95 -123.95 0
endloop
endfacet
facet normal 0 0 -1
outer loop
vertex 150.05 -117.05 0
vertex 144.95 -123.95 0
vertex 144.95 -117.05 0
endloop
endfacet
facet normal 0 0 -1
outer loop
vertex 169.05 -117.05 0
vertex 169.05 -123.95 0
vertex 163.95 -123.95 0
endloop
endfacet
facet normal 0 0 -1
outer loop
vertex 169.05 -117.05 0
vertex 163.95 -123.95 0
vertex 163.95 -117.05 0
endloop
endfacet
facet normal 0 0 -1
outer loop
vertex 222.92395923599153 -123.87395923599135 0
vertex 222.81825082954265 -124.00276530193344 0
vertex 201.95 -124.00276530193344 0
endloop
endfacet
facet normal 0 0 -1
outer loop
vertex 222.92395923599153 -123.87395923599135 0
vertex 201.95 -124.00276530193344 0
vertex 201.95 -123.87395923599135 0
endloop
endfacet
facet normal 0 0 -1
outer loop
vertex 241.9123147303203 -123.87395923599135 0
vertex 241.94420863184823 -124.00276530193344 0
vertex 224.23174917045725 -124.00276530193344 0
endloop
endfacet
facet normal 0 0 -1
outer loop
vertex 241.9123147303203 -123.87395923599135 0
vertex 224.23174917045725 -124.00276530193344 0
vertex 224.1260407640085 -123.87395923599135 0
endloop
endfacet
facet normal 0 0 -1
outer loop
vertex 93.05 -118.95 0
vertex 106.95 -118.95 0
vertex 112.05 -118.95 0
endloop
endfacet
facet normal 0 0 -1
outer loop
vertex 93.05 -118.95 0
vertex 112.05 -118.95 0
vertex 125.95 -118.95 0
endloop
endfacet
facet normal 0 0 -1
outer loop
vertex 93.05 -118.95 0
vertex 125.95 -118.95 0
vertex 131.05 -118.95 0
endloop
endfacet
facet normal 0 0 -1
outer loop
vertex 93.05 -118.95 0
vertex 131.05 -118.95 0
vertex 131.05 -124.05 0
endloop
endfacet
facet normal 0 0 -1
outer loop
vertex 93.05 -118.95 0
vertex 131.05 -124.05 0
vertex 125.95 -124.05 0
endloop
endfacet
facet normal 0 0 -1
outer loop
vertex 93.05 -118.95 0
vertex 125.95 -124.05 0
vertex 112.05 -124.05 0
endloop
endfacet
facet normal 0 0 -1
outer loop
vertex 93.05 -118.95 0
vertex 112.05 -124.05 0
vertex 106.95000000000002 -124.05 0
endloop
endfacet
facet normal 0 0 -1
outer loop
vertex 93.05 -118.95 0
vertex 106.95000000000002 -124.05 0
vertex 93.05 -124.05 0
endloop
endfacet
facet normal 0 0 -1
outer loop
vertex 93.05 -118.95 0
vertex 93.05 -124.05 0
vertex 87.47499839161401 -124.05 0
endloop
endfacet
facet normal 0 0 -1
outer loop
vertex 93.05 -118.95 0
vertex 87.47499839161401 -124.05 0
vertex 87.47499858304384 -118.95 0
endloop
endfacet
facet normal 0 0 -1
outer loop
vertex 222.81825082954265 -124.00276530193344 0
vertex 222.73970239736556 -124.1497190824894 0
vertex 201.95 -124.1497190824894 0
endloop
endfacet
facet normal 0 0 -1
outer loop
vertex 222.81825082954265 -124.00276530193344 0
vertex 201.95 -124.1497190824894 0
vertex 201.95 -124.00276530193344 0
endloop
endfacet
facet normal 0 0 -1
outer loop
vertex 241.94420863184823 -124.00276530193344 0
vertex 241.9805961216138 -124.1497190824894 0
vertex 224.31029760263448 -124.1497190824894 0
endloop
endfacet
facet normal 0 0 -1
outer loop
vertex 241.94420863184823 -124.00276530193344 0
vertex 224.31029760263448 -124.1497190824894 0
vertex 224.23174917045725 -124.00276530193344 0
endloop
endfacet
facet normal 0 0 -1
outer loop
vertex 222.73970239736556 -124.1497190824894 0
vertex 222.69133251165712 -124.30917322628646 0
vertex 201.95 -124.30917322628646 0
endloop
endfacet
facet normal 0 0 -1
outer loop
vertex 222.73970239736556 -124.1497190824894 0
vertex 201.95 -124.30917322628646 0
vertex 201.95 -124.1497190824894 0
endloop
endfacet
facet normal 0 0 -1
outer loop
vertex 241.9805961216138 -124.1497190824894 0
vertex 242.02007884879194 -124.30917322628646 0
vertex 224.35866748834277 -124.30917322628646 0
endloop
endfacet
facet normal 0 0 -1
outer loop
vertex 241.9805961216138 -124.1497190824894 0
vertex 224.35866748834277 -124.30917322628646 0
vertex 224.31029760263448 -124.1497190824894 0
endloop
endfacet
facet normal 0 0 -1
outer loop
vertex 222.69133251165712 -124.30917322628646 0
vertex 222.67500000000004 -124.47499999999977 0
vertex 201.95 -124.47499999999977 0
endloop
endfacet
facet normal 0 0 -1
outer loop
vertex 222.69133251165712 -124.30917322628646 0
vertex 201.95 -124.47499999999977 0
vertex 201.95 -124.30917322628646 0
endloop
endfacet
facet normal 0 0 -1
outer loop
vertex 242.02007884879194 -124.30917322628646 0
vertex 242.06113951431902 -124.47499999999977 0
vertex 224.375 -124.47499999999977 0
endloop
endfacet
facet normal 0 0 -1
outer loop
vertex 242.02007884879194 -124.30917322628646 0
vertex 224.375 -124.47499999999977 0
vertex 224.35866748834277 -124.30917322628646 0
endloop
endfacet
facet normal 0 0 -1
outer loop
vertex 222.67500000000004 -124.47499999999977 0
vertex 222.69133251165727 -124.64082677371358 0
vertex 201.95 -124.64082677371358 0
endloop
endfacet
facet normal 0 0 -1
outer loop
vertex 222.67500000000004 -124.47499999999977 0
vertex 201.95 -124.64082677371358 0
vertex 201.95 -124.47499999999977 0
endloop
endfacet
facet normal 0 0 -1
outer loop
vertex 242.06113951431902 -124.47499999999977 0
vertex 242.10220017984622 -124.64082677371358 0
vertex 224.35866748834272 -124.64082677371358 0
endloop
endfacet
facet normal 0 0 -1
outer loop
vertex 242.06113951431902 -124.47499999999977 0
vertex 224.35866748834272 -124.64082677371358 0
vertex 224.375 -124.47499999999977 0
endloop
endfacet
facet normal 0 0 -1
outer loop
vertex 222.69133251165727 -124.64082677371358 0
vertex 222.73970239736556 -124.80028091751065 0
vertex 201.95 -124.80028091751065 0
endloop
endfacet
facet normal 0 0 -1
outer loop
vertex 222.69133251165727 -124.64082677371358 0
vertex 201.95 -124.80028091751065 0
vertex 201.95 -124.64082677371358 0
endloop
endfacet
facet normal 0 0 -1
outer loop
vertex 242.10220017984622 -124.64082677371358 0
vertex 242.14168290702438 -124.80028091751065 0
vertex 224.31029760263453 -124.80028091751065 0
endloop
endfacet
facet normal 0 0 -1
outer loop
vertex 242.10220017984622 -124.64082677371358 0
vertex 224.31029760263453 -124.80028091751065 0
vertex 224.35866748834272 -124.64082677371358 0
endloop
endfacet
facet normal 0 0 -1
outer loop
vertex 222.73970239736556 -124.80028091751065 0
vertex 222.81825082954276 -124.94723469806655 0
vertex 201.95 -124.94723469806655 0
endloop
endfacet
facet normal 0 0 -1
outer loop
vertex 222.73970239736556 -124.80028091751065 0
vertex 201.95 -124.94723469806655 0
vertex 201.95 -124.80028091751065 0
endloop
endfacet
facet normal 0 0 -1
outer loop
vertex 242.14168290702438 -124.80028091751065 0
vertex 242.1780703967899 -124.94723469806655 0
vertex 224.2317491704573 -124.94723469806655 0
endloop
endfacet
facet normal 0 0 -1
outer loop
vertex 242.14168290702438 -124.80028091751065 0
vertex 224.2317491704573 -124.94723469806655 0
vertex 224.31029760263453 -124.80028091751065 0
endloop
endfacet
facet normal 0 0 -1
outer loop
vertex 222.81825082954276 -124.94723469806655 0
vertex 222.92395923599148 -125.07604076400858 0
vertex 201.95 -125.07604076400858 0
endloop
endfacet
facet normal 0 0 -1
outer loop
vertex 222.81825082954276 -124.94723469806655 0
vertex 201.95 -125.07604076400858 0
vertex 201.95 -124.94723469806655 0
endloop
endfacet
facet normal 0 0 -1
outer loop
vertex 242.1780703967899 -124.94723469806655 0
vertex 242.20996429831783 -125.07604076400858 0
vertex 224.12604076400848 -125.07604076400858 0
endloop
endfacet
facet normal 0 0 -1
outer loop
vertex 242.1780703967899 -124.94723469806655 0
vertex 224.12604076400848 -125.07604076400858 0
vertex 224.2317491704573 -124.94723469806655 0
endloop
endfacet
facet normal 0 0 -1
outer loop
vertex 222.92395923599148 -125.07604076400858 0
vertex 223.0527653019333 -125.18174917045714 0
vertex 201.95 -125.18174917045714 0
endloop
endfacet
facet normal 0 0 -1
outer loop
vertex 222.92395923599148 -125.07604076400858 0
vertex 201.95 -125.18174917045714 0
vertex 201.95 -125.07604076400858 0
endloop
endfacet
facet normal 0 0 -1
outer loop
vertex 242.20996429831783 -125.07604076400858 0
vertex 242.23613894685852 -125.18174917045714 0
vertex 223.99723469806673 -125.18174917045714 0
endloop
endfacet
facet normal 0 0 -1
outer loop
vertex 242.20996429831783 -125.07604076400858 0
vertex 223.99723469806673 -125.18174917045714 0
vertex 224.12604076400848 -125.07604076400858 0
endloop
endfacet
facet normal 0 0 -1
outer loop
vertex 223.0527653019333 -125.18174917045714 0
vertex 223.19971908248968 -125.2602976026346 0
vertex 201.95 -125.2602976026346 0
endloop
endfacet
facet normal 0 0 -1
outer loop
vertex 223.0527653019333 -125.18174917045714 0
vertex 201.95 -125.2602976026346 0
vertex 201.95 -125.18174917045714 0
endloop
endfacet
facet normal 0 0 -1
outer loop
vertex 242.23613894685852 -125.18174917045714 0
vertex 242.25558846534756 -125.2602976026346 0
vertex 223.85028091751016 -125.2602976026346 0
endloop
endfacet
facet normal 0 0 -1
outer loop
vertex 242.23613894685852 -125.18174917045714 0
vertex 223.85028091751016 -125.2602976026346 0
vertex 223.99723469806673 -125.18174917045714 0
endloop
endfacet
facet normal 0 0 -1
outer loop
vertex 223.19971908248968 -125.2602976026346 0
vertex 223.35917322628623 -125.30866748834272 0
vertex 201.95 -125.30866748834272 0
endloop
endfacet
facet normal 0 0 -1
outer loop
vertex 223.19971908248968 -125.2602976026346 0
vertex 201.95 -125.30866748834272 0
vertex 201.95 -125.2602976026346 0
endloop
endfacet
facet normal 0 0 -1
outer loop
vertex 242.25558846534756 -125.2602976026346 0
vertex 242.26756541969678 -125.30866748834272 0
vertex 223.69082677371372 -125.30866748834272 0
endloop
endfacet
facet normal 0 0 -1
outer loop
vertex 242.25558846534756 -125.2602976026346 0
vertex 223.69082677371372 -125.30866748834272 0
vertex 223.85028091751016 -125.2602976026346 0
endloop
endfacet
facet normal 0 0 -1
outer loop
vertex 223.35917322628623 -125.30866748834272 0
vertex 223.5250000000001 -125.32499999999999 0
vertex 201.95 -125.32499999999999 0
endloop
endfacet
facet normal 0 0 -1
outer loop
vertex 223.35917322628623 -125.30866748834272 0
vertex 201.95 -125.32499999999999 0
vertex 201.95 -125.30866748834272 0
endloop
endfacet
facet normal 0 0 -1
outer loop
vertex 242.26756541969678 -125.30866748834272 0
vertex 242.27160954226733 -125.32499999999999 0
vertex 223.5250000000001 -125.32499999999999 0
endloop
endfacet
facet normal 0 0 -1
outer loop
vertex 242.26756541969678 -125.30866748834272 0
vertex 223.5250000000001 -125.32499999999999 0
vertex 223.69082677371372 -125.30866748834272 0
endloop
endfacet
facet normal 0 0 -1
outer loop
vertex 223.5250000000001 -125.32499999999999 0
vertex 242.27160954226733 -125.32499999999999 0
vertex 242.69873989310355 -127.05 0
endloop
endfacet
facet normal 0 0 -1
outer loop
vertex 223.5250000000001 -125.32499999999999 0
vertex 242.69873989310355 -127.05 0
vertex 220.95 -127.05 0
endloop
endfacet
facet normal 0 0 -1
outer loop
vertex 223.5250000000001 -125.32499999999999 0
vertex 220.95 -127.05 0
vertex 207.05 -127.05 0
endloop
endfacet
facet normal 0 0 -1
outer loop
vertex 223.5250000000001 -125.32499999999999 0
vertex 207.05 -127.05 0
vertex 201.95 -127.05 0
endloop
endfacet
facet normal 0 0 -1
outer loop
vertex 223.5250000000001 -125.32499999999999 0
vertex 201.95 -127.05 0
vertex 201.95 -125.32499999999999 0
endloop
endfacet
facet normal 0 0 -1
outer loop
vertex 150.05 -123.95 0
vertex 163.95 -123.95 0
vertex 169.05 -123.95 0
endloop
endfacet
facet normal 0 0 -1
outer loop
vertex 150.05 -123.95 0
vertex 169.05 -123.95 0
vertex 169.05 -129.05 0
endloop
endfacet
facet normal 0 0 -1
outer loop
vertex 150.05 -123.95 0
vertex 169.05 -129.05 0
vertex 163.95 -129.05 0
endloop
endfacet
facet normal 0 0 -1
outer loop
vertex 150.05 -123.95 0
vertex 163.95 -129.05 0
vertex 150.05 -129.05 0
endloop
endfacet
facet normal 0 0 -1
outer loop
vertex 150.05 -123.95 0
vertex 150.05 -129.05 0
vertex 144.95 -129.05 0
endloop
endfacet
facet normal 0 0 -1
outer loop
vertex 150.05 -123.95 0
vertex 144.95 -129.05 0
vertex 144.95 -123.95 0
endloop
endfacet
facet normal 0 0 -1
outer loop
vertex 131.05 -124.05 0
vertex 131.05 -130.95 0
vertex 125.95 -130.95 0
endloop
endfacet
facet normal 0 0 -1
outer loop
vertex 131.05 -124.05 0
vertex 125.95 -130.95 0
vertex 125.95 -124.05 0
endloop
endfacet
facet normal 0 0 -1
outer loop
vertex 150.05 -129.05 0
vertex 150.05 -130.95 0
vertex 144.95 -130.95 0
endloop
endfacet
facet normal 0 0 -1
outer loop
vertex 150.05 -129.05 0
vertex 144.95 -130.95 0
vertex 144.95 -129.05 0
endloop
endfacet
facet normal 0 0 -1
outer loop
vertex 169.05 -129.05 0
vertex 169.05 -130.95 0
vertex 163.95 -130.95 0
endloop
endfacet
facet normal 0 0 -1
outer loop
vertex 169.05 -129.05 0
vertex 163.95 -130.95 0
vertex 163.95 -129.05 0
endloop
endfacet
facet normal 0 0 -1
outer loop
vertex 188.05 -117.05 0
vertex 188.05 -130.95 0
vertex 182.95 -130.95 0
endloop
endfacet
facet normal 0 0 -1
outer loop
vertex 188.05 -117.05 0
vertex 182.95 -130.95 0
vertex 182.95 -117.05 0
endloop
endfacet
facet normal 0 0 -1
outer loop
vertex 207.05 -127.05 0
vertex 207.05 -130.95 0
vertex 201.95 -130.95 0
endloop
endfacet
facet normal 0 0 -1
outer loop
vertex 207.05 -127.05 0
vertex 201.95 -130.95 0
vertex 201.95 -127.05 0
endloop
endfacet
facet normal 0 0 -1
outer loop
vertex 131.05 -130.95 0
vertex 144.95 -130.95 0
vertex 150.05 -130.95 0
endloop
endfacet
facet normal 0 0 -1
outer loop
vertex 131.05 -130.95 0
vertex 150.05 -130.95 0
vertex 150.05 -136.05 0
endloop
endfacet
facet normal 0 0 -1
outer loop
vertex 131.05 -130.95 0
vertex 150.05 -136.05 0
vertex 144.95 -136.05 0
endloop
endfacet
facet normal 0 0 -1
outer loop
vertex 131.05 -130.95 0
vertex 144.95 -136.05 0
vertex 131.05 -136.05 0
endloop
endfacet
facet normal 0 0 -1
outer loop
vertex 131.05 -130.95 0
vertex 131.05 -136.05 0
vertex 125.95 -136.05 0
endloop
endfacet
facet normal 0 0 -1
outer loop
vertex 131.05 -130.95 0
vertex 125.95 -136.05 0
vertex 125.95 -130.95 0
endloop
endfacet
facet normal 0 0 -1
outer loop
vertex 169.05 -130.95 0
vertex 182.95 -130.95 0
vertex 188.05 -130.95 0
endloop
endfacet
facet normal 0 0 -1
outer loop
vertex 169.05 -130.95 0
vertex 188.05 -130.95 0
vertex 201.95 -130.95 0
endloop
endfacet
facet normal 0 0 -1
outer loop
vertex 169.05 -130.95 0
vertex 201.95 -130.95 0
vertex 207.05 -130.95 0
endloop
endfacet
facet normal 0 0 -1
outer loop
vertex 169.05 -130.95 0
vertex 207.05 -130.95 0
vertex 207.05 -136.05 0
endloop
endfacet
facet normal 0 0 -1
outer loop
vertex 169.05 -130.95 0
vertex 207.05 -136.05 0
vertex 201.95 -136.05 0
endloop
endfacet
facet normal 0 0 -1
outer loop
vertex 169.05 -130.95 0
vertex 201.95 -136.05 0
vertex 188.05 -136.05 0
endloop
endfacet
facet normal 0 0 -1
outer loop
vertex 169.05 -130.95 0
vertex 188.05 -136.05 0
vertex 182.95 -136.05 0
endloop
endfacet
facet normal 0 0 -1
outer loop
vertex 169.05 -130.95 0
vertex 182.95 -136.05 0
vertex 169.05 -136.05 0
endloop
endfacet
facet normal 0 0 -1
outer loop
vertex 169.05 -130.95 0
vertex 169.05 -136.05 0
vertex 163.95 -136.05 0
endloop
endfacet
facet normal 0 0 -1
outer loop
vertex 169.05 -130.95 0
vertex 163.95 -136.05 0
vertex 163.95 -130.95 0
endloop
endfacet
facet normal 0 0 -1
outer loop
vertex 93.05 -124.05 0
vertex 93.05 -137.95 0
vertex 87.47499786987385 -137.95 0
endloop
endfacet
facet normal 0 0 -1
outer loop
vertex 93.05 -124.05 0
vertex 87.47499786987385 -137.95 0
vertex 87.47499839161401 -124.05 0
endloop
endfacet
facet normal 0 0 -1
outer loop
vertex 112.05 -124.05 0
vertex 112.05 -137.95 0
vertex 106.95 -137.95 0
endloop
endfacet
facet normal 0 0 -1
outer loop
vertex 112.05 -124.05 0
vertex 106.95 -137.95 0
vertex 106.95000000000002 -124.05 0
endloop
endfacet
facet normal 0 0 -1
outer loop
vertex 131.05 -136.05 0
vertex 131.05 -137.95 0
vertex 125.95 -137.95 0
endloop
endfacet
facet normal 0 0 -1
outer loop
vertex 131.05 -136.05 0
vertex 125.95 -137.95 0
vertex 125.95 -136.05 0
endloop
endfacet
facet normal 0 0 -1
outer loop
vertex 93.05 -137.95 0
vertex 106.95 -137.95 0
vertex 112.05 -137.95 0
endloop
endfacet
facet normal 0 0 -1
outer loop
vertex 93.05 -137.95 0
vertex 112.05 -137.95 0
vertex 125.95 -137.95 0
endloop
endfacet
facet normal 0 0 -1
outer loop
vertex 93.05 -137.95 0
vertex 125.95 -137.95 0
vertex 131.05 -137.95 0
endloop
endfacet
facet normal 0 0 -1
outer loop
vertex 93.05 -137.95 0
vertex 131.05 -137.95 0
vertex 131.05 -139.62499999999997 0
endloop
endfacet
facet normal 0 0 -1
outer loop
vertex 93.05 -137.95 0
vertex 131.05 -139.62499999999997 0
vertex 109.52500000000022 -139.62499999999997 0
endloop
endfacet
facet normal 0 0 -1
outer loop
vertex 93.05 -137.95 0
vertex 109.52500000000022 -139.62499999999997 0
vertex 87.47499780700228 -139.62499999999997 0
endloop
endfacet
facet normal 0 0 -1
outer loop
vertex 93.05 -137.95 0
vertex 87.47499780700228 -139.62499999999997 0
vertex 87.47499786987385 -137.95 0
endloop
endfacet
facet normal 0 0 -1
outer loop
vertex 109.52500000000022 -139.62499999999997 0
vertex 109.3591732262868 -139.6413325116572 0
vertex 87.47499780638924 -139.6413325116572 0
endloop
endfacet
facet normal 0 0 -1
outer loop
vertex 109.52500000000022 -139.62499999999997 0
vertex 87.47499780638924 -139.6413325116572 0
vertex 87.47499780700228 -139.62499999999997 0
endloop
endfacet
facet normal 0 0 -1
outer loop
vertex 131.05 -139.62499999999997 0
vertex 131.05 -139.6413325116572 0
vertex 109.69082677371354 -139.6413325116572 0
endloop
endfacet
facet normal 0 0 -1
outer loop
vertex 131.05 -139.62499999999997 0
vertex 109.69082677371354 -139.6413325116572 0
vertex 109.52500000000022 -139.62499999999997 0
endloop
endfacet
facet normal 0 0 -1
outer loop
vertex 109.3591732262868 -139.6413325116572 0
vertex 109.19971908248954 -139.6897023973654 0
vertex 87.47499780457366 -139.6897023973654 0
endloop
endfacet
facet normal 0 0 -1
outer loop
vertex 109.3591732262868 -139.6413325116572 0
vertex 87.47499780457366 -139.6897023973654 0
vertex 87.47499780638924 -139.6413325116572 0
endloop
endfacet
facet normal 0 0 -1
outer loop
vertex 131.05 -139.6413325116572 0
vertex 131.05 -139.6897023973654 0
vertex 109.85028091751032 -139.6897023973654 0
endloop
endfacet
facet normal 0 0 -1
outer loop
vertex 131.05 -139.6413325116572 0
vertex 109.85028091751032 -139.6897023973654 0
vertex 109.69082677371354 -139.6413325116572 0
endloop
endfacet
facet normal 0 0 -1
outer loop
vertex 109.19971908248954 -139.6897023973654 0
vertex 109.05276530193328 -139.7682508295429 0
vertex 87.47499780162534 -139.7682508295429 0
endloop
endfacet
facet normal 0 0 -1
outer loop
vertex 109.19971908248954 -139.6897023973654 0
vertex 87.47499780162534 -139.7682508295429 0
vertex 87.47499780457366 -139.6897023973654 0
endloop
endfacet
facet normal 0 0 -1
outer loop
vertex 131.05 -139.6897023973654 0
vertex 131.05 -139.7682508295429 0
vertex 109.99723469806675 -139.7682508295429 0
endloop
endfacet
facet normal 0 0 -1
outer loop
vertex 131.05 -139.6897023973654 0
vertex 109.99723469806675 -139.7682508295429 0
vertex 109.85028091751032 -139.6897023973654 0
endloop
endfacet
facet normal 0 0 -1
outer loop
vertex 109.05276530193328 -139.7682508295429 0
vertex 108.92395923599148 -139.87395923599146 0
vertex 87.47499779765754 -139.87395923599146 0
endloop
endfacet
facet normal 0 0 -1
outer loop
vertex 109.05276530193328 -139.7682508295429 0
vertex 87.47499779765754 -139.87395923599146 0
vertex 87.47499780162534 -139.7682508295429 0
endloop
endfacet
facet normal 0 0 -1
outer loop
vertex 131.05 -139.7682508295429 0
vertex 131.05 -139.87395923599146 0
vertex 110.12604076400861 -139.87395923599146 0
endloop
endfacet
facet normal 0 0 -1
outer loop
vertex 131.05 -139.7682508295429 0
vertex 110.12604076400861 -139.87395923599146 0
vertex 109.99723469806675 -139.7682508295429 0
endloop
endfacet
facet normal 0 0 -1
outer loop
vertex 108.92395923599148 -139.87395923599146 0
vertex 108.8182508295428 -140.00276530193332 0
vertex 87.47499779282276 -140.00276530193332 0
endloop
endfacet
facet normal 0 0 -1
outer loop
vertex 108.92395923599148 -139.87395923599146 0
vertex 87.47499779282276 -140.00276530193332 0
vertex 87.47499779765754 -139.87395923599146 0
endloop
endfacet
facet normal 0 0 -1
outer loop
vertex 131.05 -139.87395923599146 0
vertex 131.05 -140.00276530193332 0
vertex 110.23174917045718 -140.00276530193332 0
endloop
endfacet
facet normal 0 0 -1
outer loop
vertex 131.05 -139.87395923599146 0
vertex 110.23174917045718 -140.00276530193332 0
vertex 110.12604076400861 -139.87395923599146 0
endloop
endfacet
facet normal 0 0 -1
outer loop
vertex 108.8182508295428 -140.00276530193332 0
vertex 108.73970239736553 -140.1497190824896 0
vertex 87.47499778730682 -140.1497190824896 0
endloop
endfacet
facet normal 0 0 -1
outer loop
vertex 108.8182508295428 -140.00276530193332 0
vertex 87.47499778730682 -140.1497190824896 0
vertex 87.47499779282276 -140.00276530193332 0
endloop
endfacet
facet normal 0 0 -1
outer loop
vertex 131.05 -140.00276530193332 0
vertex 131.05 -140.1497190824896 0
vertex 110.31029760263458 -140.1497190824896 0
endloop
endfacet
facet normal 0 0 -1
outer loop
vertex 131.05 -140.00276530193332 0
vertex 110.31029760263458 -140.1497190824896 0
vertex 110.23174917045718 -140.00276530193332 0
endloop
endfacet
facet normal 0 0 -1
outer loop
vertex 108.73970239736553 -140.1497190824896 0
vertex 108.69133251165722 -140.30917322628633 0
vertex 87.47499778132166 -140.30917322628633 0
endloop
endfacet
facet normal 0 0 -1
outer loop
vertex 108.73970239736553 -140.1497190824896 0
vertex 87.47499778132166 -140.30917322628633 0
vertex 87.47499778730682 -140.1497190824896 0
endloop
endfacet
facet normal 0 0 -1
outer loop
vertex 131.05 -140.1497190824896 0
vertex 131.05 -140.30917322628633 0
vertex 110.35866748834275 -140.30917322628633 0
endloop
endfacet
facet normal 0 0 -1
outer loop
vertex 131.05 -140.1497190824896 0
vertex 110.35866748834275 -140.30917322628633 0
vertex 110.31029760263458 -140.1497190824896 0
endloop
endfacet
facet normal 0 0 -1
outer loop
vertex 108.69133251165722 -140.30917322628633 0
vertex 108.675 -140.47500000000002 0
vertex 87.47499777509731 -140.47500000000002 0
endloop
endfacet
facet normal 0 0 -1
outer loop
vertex 108.69133251165722 -140.30917322628633 0
vertex 87.47499777509731 -140.47500000000002 0
vertex 87.47499778132166 -140.30917322628633 0
endloop
endfacet
facet normal 0 0 -1
outer loop
vertex 131.05 -140.30917322628633 0
vertex 131.05 -140.47500000000002 0
vertex 110.375 -140.47500000000002 0
endloop
endfacet
facet normal 0 0 -1
outer loop
vertex 131.05 -140.30917322628633 0
vertex 110.375 -140.47500000000002 0
vertex 110.35866748834275 -140.30917322628633 0
endloop
endfacet
facet normal 0 0 -1
outer loop
vertex 108.675 -140.47500000000002 0
vertex 108.69133251165727 -140.64082677371374 0
vertex 87.47499776887297 -140.64082677371374 0
endloop
endfacet
facet normal 0 0 -1
outer loop
vertex 108.675 -140.47500000000002 0
vertex 87.47499776887297 -140.64082677371374 0
vertex 87.47499777509731 -140.47500000000002 0
endloop
endfacet
facet normal 0 0 -1
outer loop
vertex 131.05 -140.47500000000002 0
vertex 131.05 -140.64082677371374 0
vertex 110.35866748834275 -140.64082677371374 0
endloop
endfacet
facet normal 0 0 -1
outer loop
vertex 131.05 -140.47500000000002 0
vertex 110.35866748834275 -140.64082677371374 0
vertex 110.375 -140.47500000000002 0
endloop
endfacet
facet normal 0 0 -1
outer loop
vertex 108.69133251165727 -140.64082677371374 0
vertex 108.73970239736543 -140.80028091751038 0
vertex 87.47499776288781 -140.80028091751038 0
endloop
endfacet
facet normal 0 0 -1
outer loop
vertex 108.69133251165727 -140.64082677371374 0
vertex 87.47499776288781 -140.80028091751038 0
vertex 87.47499776887297 -140.64082677371374 0
endloop
endfacet
facet normal 0 0 -1
outer loop
vertex 131.05 -140.64082677371374 0
vertex 131.05 -140.80028091751038 0
vertex 110.31029760263453 -140.80028091751038 0
endloop
endfacet
facet normal 0 0 -1
outer loop
vertex 131.05 -140.64082677371374 0
vertex 110.31029760263453 -140.80028091751038 0
vertex 110.35866748834275 -140.64082677371374 0
endloop
endfacet
facet normal 0 0 -1
outer loop
vertex 108.73970239736543 -140.80028091751038 0
vertex 108.81825082954288 -140.94723469806672 0
vertex 87.47499775737187 -140.94723469806672 0
endloop
endfacet
facet normal 0 0 -1
outer loop
vertex 108.73970239736543 -140.80028091751038 0
vertex 87.47499775737187 -140.94723469806672 0
vertex 87.47499776288781 -140.80028091751038 0
endloop
endfacet
facet normal 0 0 -1
outer loop
vertex 131.05 -140.80028091751038 0
vertex 131.05 -140.94723469806672 0
vertex 110.23174917045725 -140.94723469806672 0
endloop
endfacet
facet normal 0 0 -1
outer loop
vertex 131.05 -140.80028091751038 0
vertex 110.23174917045725 -140.94723469806672 0
vertex 110.31029760263453 -140.80028091751038 0
endloop
endfacet
facet normal 0 0 -1
outer loop
vertex 207.05 -136.05 0
vertex 207.05 -140.95 0
vertex 201.95 -140.95 0
endloop
endfacet
facet normal 0 0 -1
outer loop
vertex 207.05 -136.05 0
vertex 201.95 -140.95 0
vertex 201.95 -136.05 0
endloop
endfacet
facet normal 0 0 -1
outer loop
vertex 242.69873989310355 -127.05 0
vertex 246.14054387955179 -140.95 0
vertex 220.95 -140.95 0
endloop
endfacet
facet normal 0 0 -1
outer loop
vertex 242.69873989310355 -127.05 0
vertex 220.95 -140.95 0
vertex 220.95 -127.05 0
endloop
endfacet
facet normal 0 0 -1
outer loop
vertex 108.81825082954288 -140.94723469806672 0
vertex 108.92395923599136 -141.07604076400847 0
vertex 87.47499775253709 -141.07604076400847 0
endloop
endfacet
facet normal 0 0 -1
outer loop
vertex 108.81825082954288 -140.94723469806672 0
vertex 87.47499775253709 -141.07604076400847 0
vertex 87.47499775737187 -140.94723469806672 0
endloop
endfacet
facet normal 0 0 -1
outer loop
vertex 131.05 -140.94723469806672 0
vertex 131.05 -141.07604076400847 0
vertex 110.12604076400862 -141.07604076400847 0
endloop
endfacet
facet normal 0 0 -1
outer loop
vertex 131.05 -140.94723469806672 0
vertex 110.12604076400862 -141.07604076400847 0
vertex 110.23174917045725 -140.94723469806672 0
endloop
endfacet
facet normal 0 0 -1
outer loop
vertex 108.92395923599136 -141.07604076400847 0
vertex 109.05276530193343 -141.1817491704572 0
vertex 87.4749977485693 -141.1817491704572 0
endloop
endfacet
facet normal 0 0 -1
outer loop
vertex 108.92395923599136 -141.07604076400847 0
vertex 87.4749977485693 -141.1817491704572 0
vertex 87.47499775253709 -141.07604076400847 0
endloop
endfacet
facet normal 0 0 -1
outer loop
vertex 131.05 -141.07604076400847 0
vertex 131.05 -141.1817491704572 0
vertex 109.99723469806653 -141.1817491704572 0
endloop
endfacet
facet normal 0 0 -1
outer loop
vertex 131.05 -141.07604076400847 0
vertex 109.99723469806653 -141.1817491704572 0
vertex 110.12604076400862 -141.07604076400847 0
endloop
endfacet
facet normal 0 0 -1
outer loop
vertex 109.05276530193343 -141.1817491704572 0
vertex 109.19971908248968 -141.26029760263458 0
vertex 87.47499774562097 -141.26029760263458 0
endloop
endfacet
facet normal 0 0 -1
outer loop
vertex 109.05276530193343 -141.1817491704572 0
vertex 87.47499774562097 -141.26029760263458 0
vertex 87.4749977485693 -141.1817491704572 0
endloop
endfacet
facet normal 0 0 -1
outer loop
vertex 131.05 -141.1817491704572 0
vertex 131.05 -141.26029760263458 0
vertex 109.85028091751028 -141.26029760263458 0
endloop
endfacet
facet normal 0 0 -1
outer loop
vertex 131.05 -141.1817491704572 0
vertex 109.85028091751028 -141.26029760263458 0
vertex 109.99723469806653 -141.1817491704572 0
endloop
endfacet
facet normal 0 0 -1
outer loop
vertex 109.19971908248968 -141.26029760263458 0
vertex 109.35917322628632 -141.30866748834273 0
vertex 87.47499774380539 -141.30866748834273 0
endloop
endfacet
facet normal 0 0 -1
outer loop
vertex 109.19971908248968 -141.26029760263458 0
vertex 87.47499774380539 -141.30866748834273 0
vertex 87.47499774562097 -141.26029760263458 0
endloop
endfacet
facet normal 0 0 -1
outer loop
vertex 131.05 -141.26029760263458 0
vertex 131.05 -141.30866748834273 0
vertex 109.69082677371391 -141.30866748834273 0
endloop
endfacet
facet normal 0 0 -1
outer loop
vertex 131.05 -141.26029760263458 0
vertex 109.69082677371391 -141.30866748834273 0
vertex 109.85028091751028 -141.26029760263458 0
endloop
endfacet
facet normal 0 0 -1
outer loop
vertex 109.35917322628632 -141.30866748834273 0
vertex 109.52499999999998 -141.325 0
vertex 87.47499774319235 -141.325 0
endloop
endfacet
facet normal 0 0 -1
outer loop
vertex 109.35917322628632 -141.30866748834273 0
vertex 87.47499774319235 -141.325 0
vertex 87.47499774380539 -141.30866748834273 0
endloop
endfacet
facet normal 0 0 -1
outer loop
vertex 131.05 -141.30866748834273 0
vertex 131.05 -141.325 0
vertex 109.52499999999998 -141.325 0
endloop
endfacet
facet normal 0 0 -1
outer loop
vertex 131.05 -141.30866748834273 0
vertex 109.52499999999998 -141.325 0
vertex 109.69082677371391 -141.30866748834273 0
endloop
endfacet
facet normal 0 0 -1
outer loop
vertex 150.05 -136.05 0
vertex 150.05 -142.95 0
vertex 144.95 -142.95 0
endloop
endfacet
facet normal 0 0 -1
outer loop
vertex 150.05 -136.05 0
vertex 144.95 -142.95 0
vertex 144.95 -136.05 0
endloop
endfacet
facet normal 0 0 -1
outer loop
vertex 169.05 -136.05 0
vertex 169.05 -142.95 0
vertex 163.95 -142.95 0
endloop
endfacet
facet normal 0 0 -1
outer loop
vertex 169.05 -136.05 0
vertex 163.95 -142.95 0
vertex 163.95 -136.05 0
endloop
endfacet
facet normal 0 0 -1
outer loop
vertex 109.52499999999998 -141.325 0
vertex 131.05 -141.325 0
vertex 131.05 -143.05 0
endloop
endfacet
facet normal 0 0 -1
outer loop
vertex 109.52499999999998 -141.325 0
vertex 131.05 -143.05 0
vertex 125.95 -143.05 0
endloop
endfacet
facet normal 0 0 -1
outer loop
vertex 109.52499999999998 -141.325 0
vertex 125.95 -143.05 0
vertex 112.05 -143.05 0
endloop
endfacet
facet normal 0 0 -1
outer loop
vertex 109.52499999999998 -141.325 0
vertex 112.05 -143.05 0
vertex 106.95 -143.05 0
endloop
endfacet
facet normal 0 0 -1
outer loop
vertex 109.52499999999998 -141.325 0
vertex 106.95 -143.05 0
vertex 93.05 -143.05 0
endloop
endfacet
facet normal 0 0 -1
outer loop
vertex 109.52499999999998 -141.325 0
vertex 93.05 -143.05 0
vertex 87.47499767844401 -143.05 0
endloop
endfacet
facet normal 0 0 -1
outer loop
vertex 109.52499999999998 -141.325 0
vertex 87.47499767844401 -143.05 0
vertex 87.47499774319235 -141.325 0
endloop
endfacet
facet normal 0 0 -1
outer loop
vertex 207.05 -140.95 0
vertex 220.95 -140.95 0
vertex 246.14054387955179 -140.95 0
endloop
endfacet
facet normal 0 0 -1
outer loop
vertex 207.05 -140.95 0
vertex 246.14054387955179 -140.95 0
vertex 247.70387624829345 -147.2636425 0
endloop
endfacet
facet normal 0 0 -1
outer loop
vertex 207.05 -140.95 0
vertex 247.70387624829345 -147.2636425 0
vertex 219.45471850000004 -147.2636425 0
endloop
endfacet
facet normal 0 0 -1
outer loop
vertex 207.05 -140.95 0
vertex 219.45471850000004 -147.2636425 0
vertex 201.95 -147.2636425 0
endloop
endfacet
facet normal 0 0 -1
outer loop
vertex 207.05 -140.95 0
vertex 201.95 -147.2636425 0
vertex 201.95 -140.95 0
endloop
endfacet
facet normal 0 0 -1
outer loop
vertex 131.05 -143.05 0
vertex 131.05 -149.95 0
vertex 125.95 -149.95 0
endloop
endfacet
facet normal 0 0 -1
outer loop
vertex 131.05 -143.05 0
vertex 125.95 -149.95 0
vertex 125.95 -143.05 0
endloop
endfacet
facet normal 0 0 -1
outer loop
vertex 150.05 -142.95 0
vertex 163.95 -142.95 0
vertex 169.05 -142.95 0
endloop
endfacet
facet normal 0 0 -1
outer loop
vertex 150.05 -142.95 0
vertex 169.05 -142.95 0
vertex 169.05 -149.95 0
endloop
endfacet
facet normal 0 0 -1
outer loop
vertex 150.05 -142.95 0
vertex 169.05 -149.95 0
vertex 144.95 -149.95 0
endloop
endfacet
facet normal 0 0 -1
outer loop
vertex 150.05 -142.95 0
vertex 144.95 -149.95 0
vertex 144.95 -142.95 0
endloop
endfacet
facet normal 0 0 -1
outer loop
vertex 188.05 -136.05 0
vertex 188.05 -149.95 0
vertex 182.95 -149.95 0
endloop
endfacet
facet normal 0 0 -1
outer loop
vertex 188.05 -136.05 0
vertex 182.95 -149.95 0
vertex 182.95 -136.05 0
endloop
endfacet
facet normal 0 0 -1
outer loop
vertex 219.45471850000004 -147.2636425 0
vertex 217.9037492854958 -149.95 0
vertex 201.95 -149.95 0
endloop
endfacet
facet normal 0 0 -1
outer loop
vertex 219.45471850000004 -147.2636425 0
vertex 201.95 -149.95 0
vertex 201.95 -147.2636425 0
endloop
endfacet
facet normal 0 0 -1
outer loop
vertex 131.05 -149.95 0
vertex 144.95 -149.95 0
vertex 169.05 -149.95 0
endloop
endfacet
facet normal 0 0 -1
outer loop
vertex 131.05 -149.95 0
vertex 169.05 -149.95 0
vertex 182.95 -149.95 0
endloop
endfacet
facet normal 0 0 -1
outer loop
vertex 131.05 -149.95 0
vertex 182.95 -149.95 0
vertex 188.05 -149.95 0
endloop
endfacet
facet normal 0 0 -1
outer loop
vertex 131.05 -149.95 0
vertex 188.05 -149.95 0
vertex 201.95 -149.95 0
endloop
endfacet
facet normal 0 0 -1
outer loop
vertex 131.05 -149.95 0
vertex 201.95 -149.95 0
vertex 217.9037492854958 -149.95 0
endloop
endfacet
facet normal 0 0 -1
outer loop
vertex 131.05 -149.95 0
vertex 217.9037492854958 -149.95 0
vertex 216.9078200783743 -151.675 0
endloop
endfacet
facet normal 0 0 -1
outer loop
vertex 131.05 -149.95 0
vertex 216.9078200783743 -151.675 0
vertex 166.47500000000005 -151.675 0
endloop
endfacet
facet normal 0 0 -1
outer loop
vertex 131.05 -149.95 0
vertex 166.47500000000005 -151.675 0
vertex 125.95 -151.675 0
endloop
endfacet
facet normal 0 0 -1
outer loop
vertex 131.05 -149.95 0
vertex 125.95 -151.675 0
vertex 125.95 -149.95 0
endloop
endfacet
facet normal 0 0 -1
outer loop
vertex 166.47500000000005 -151.675 0
vertex 166.30917322628662 -151.69133251165724 0
vertex 125.95 -151.69133251165724 0
endloop
endfacet
facet normal 0 0 -1
outer loop
vertex 166.47500000000005 -151.675 0
vertex 125.95 -151.69133251165724 0
vertex 125.95 -151.675 0
endloop
endfacet
facet normal 0 0 -1
outer loop
vertex 216.9078200783743 -151.675 0
vertex 216.89839049844093 -151.69133251165724 0
vertex 166.6408267737135 -151.69133251165724 0
endloop
endfacet
facet normal 0 0 -1
outer loop
vertex 216.9078200783743 -151.675 0
vertex 166.6408267737135 -151.69133251165724 0
vertex 166.47500000000005 -151.675 0
endloop
endfacet
facet normal 0 0 -1
outer loop
vertex 166.30917322628662 -151.69133251165724 0
vertex 166.14971908248947 -151.73970239736548 0
vertex 125.95 -151.73970239736548 0
endloop
endfacet
facet normal 0 0 -1
outer loop
vertex 166.30917322628662 -151.69133251165724 0
vertex 125.95 -151.73970239736548 0
vertex 125.95 -151.69133251165724 0
endloop
endfacet
facet normal 0 0 -1
outer loop
vertex 216.89839049844093 -151.69133251165724 0
vertex 216.87046413210933 -151.73970239736548 0
vertex 166.8002809175104 -151.73970239736548 0
endloop
endfacet
facet normal 0 0 -1
outer loop
vertex 216.89839049844093 -151.69133251165724 0
vertex 166.8002809175104 -151.73970239736548 0
vertex 166.6408267737135 -151.69133251165724 0
endloop
endfacet
facet normal 0 0 -1
outer loop
vertex 166.14971908248947 -151.73970239736548 0
vertex 166.0027653019331 -151.81825082954288 0
vertex 125.95 -151.81825082954288 0
endloop
endfacet
facet normal 0 0 -1
outer loop
vertex 166.14971908248947 -151.73970239736548 0
vertex 125.95 -151.81825082954288 0
vertex 125.95 -151.73970239736548 0
endloop
endfacet
facet normal 0 0 -1
outer loop
vertex 216.87046413210933 -151.73970239736548 0
vertex 216.82511417397654 -151.81825082954288 0
vertex 166.9472346980667 -151.81825082954288 0
endloop
endfacet
facet normal 0 0 -1
outer loop
vertex 216.87046413210933 -151.73970239736548 0
vertex 166.9472346980667 -151.81825082954288 0
vertex 166.8002809175104 -151.73970239736548 0
endloop
endfacet
facet normal 0 0 -1
outer loop
vertex 166.0027653019331 -151.81825082954288 0
vertex 165.8739592359917 -151.9239592359914 0
vertex 125.95 -151.9239592359914 0
endloop
endfacet
facet normal 0 0 -1
outer loop
vertex 166.0027653019331 -151.81825082954288 0
vertex 125.95 -151.9239592359914 0
vertex 125.95 -151.81825082954288 0
endloop
endfacet
facet normal 0 0 -1
outer loop
vertex 216.82511417397654 -151.81825082954288 0
vertex 216.764083397501 -151.9239592359914 0
vertex 167.0760407640085 -151.9239592359914 0
endloop
endfacet
facet normal 0 0 -1
outer loop
vertex 216.82511417397654 -151.81825082954288 0
vertex 167.0760407640085 -151.9239592359914 0
vertex 166.9472346980667 -151.81825082954288 0
endloop
endfacet
facet normal 0 0 -1
outer loop
vertex 165.8739592359917 -151.9239592359914 0
vertex 165.76825082954264 -152.05276530193333 0
vertex 125.95 -152.05276530193333 0
endloop
endfacet
facet normal 0 0 -1
outer loop
vertex 165.8739592359917 -151.9239592359914 0
vertex 125.95 -152.05276530193333 0
vertex 125.95 -151.9239592359914 0
endloop
endfacet
facet normal 0 0 -1
outer loop
vertex 216.764083397501 -151.9239592359914 0
vertex 216.68971718119607 -152.05276530193333 0
vertex 167.18174917045715 -152.05276530193333 0
endloop
endfacet
facet normal 0 0 -1
outer loop
vertex 216.764083397501 -151.9239592359914 0
vertex 167.18174917045715 -152.05276530193333 0
vertex 167.0760407640085 -151.9239592359914 0
endloop
endfacet
facet normal 0 0 -1
outer loop
vertex 165.76825082954264 -152.05276530193333 0
vertex 165.68970239736547 -152.19971908248968 0
vertex 125.95 -152.19971908248968 0
endloop
endfacet
facet normal 0 0 -1
outer loop
vertex 165.76825082954264 -152.05276530193333 0
vertex 125.95 -152.19971908248968 0
vertex 125.95 -152.05276530193333 0
endloop
endfacet
facet normal 0 0 -1
outer loop
vertex 216.68971718119607 -152.05276530193333 0
vertex 216.60487337704942 -152.19971908248968 0
vertex 167.26029760263458 -152.19971908248968 0
endloop
endfacet
facet normal 0 0 -1
outer loop
vertex 216.68971718119607 -152.05276530193333 0
vertex 167.26029760263458 -152.19971908248968 0
vertex 167.18174917045715 -152.05276530193333 0
endloop
endfacet
facet normal 0 0 -1
outer loop
vertex 165.68970239736547 -152.19971908248968 0
vertex 165.64133251165723 -152.35917322628617 0
vertex 125.95 -152.35917322628617 0
endloop
endfacet
facet normal 0 0 -1
outer loop
vertex 165.68970239736547 -152.19971908248968 0
vertex 125.95 -152.35917322628617 0
vertex 125.95 -152.19971908248968 0
endloop
endfacet
facet normal 0 0 -1
outer loop
vertex 216.60487337704942 -152.19971908248968 0
vertex 216.51281248487348 -152.35917322628617 0
vertex 167.3086674883427 -152.35917322628617 0
endloop
endfacet
facet normal 0 0 -1
outer loop
vertex 216.60487337704942 -152.19971908248968 0
vertex 167.3086674883427 -152.35917322628617 0
vertex 167.26029760263458 -152.19971908248968 0
endloop
endfacet
facet normal 0 0 -1
outer loop
vertex 165.64133251165723 -152.35917322628617 0
vertex 165.625 -152.5250000000001 0
vertex 125.95 -152.5250000000001 0
endloop
endfacet
facet normal 0 0 -1
outer loop
vertex 165.64133251165723 -152.35917322628617 0
vertex 125.95 -152.5250000000001 0
vertex 125.95 -152.35917322628617 0
endloop
endfacet
facet normal 0 0 -1
outer loop
vertex 216.51281248487348 -152.35917322628617 0
vertex 216.417072353126 -152.5250000000001 0
vertex 167.325 -152.5250000000001 0
endloop
endfacet
facet normal 0 0 -1
outer loop
vertex 216.51281248487348 -152.35917322628617 0
vertex 167.325 -152.5250000000001 0
vertex 167.3086674883427 -152.35917322628617 0
endloop
endfacet
facet normal 0 0 -1
outer loop
vertex 165.625 -152.5250000000001 0
vertex 165.64133251165723 -152.6908267737136 0
vertex 125.95 -152.6908267737136 0
endloop
endfacet
facet normal 0 0 -1
outer loop
vertex 165.625 -152.5250000000001 0
vertex 125.95 -152.6908267737136 0
vertex 125.95 -152.5250000000001 0
endloop
endfacet
facet normal 0 0 -1
outer loop
vertex 216.417072353126 -152.5250000000001 0
vertex 216.32133222137873 -152.6908267737136 0
vertex 167.30866748834276 -152.6908267737136 0
endloop
endfacet
facet normal 0 0 -1
outer loop
vertex 216.417072353126 -152.5250000000001 0
vertex 167.30866748834276 -152.6908267737136 0
vertex 167.325 -152.5250000000001 0
endloop
endfacet
facet normal 0 0 -1
outer loop
vertex 165.64133251165723 -152.6908267737136 0
vertex 165.6897023973655 -152.8502809175105 0
vertex 125.95 -152.8502809175105 0
endloop
endfacet
facet normal 0 0 -1
outer loop
vertex 165.64133251165723 -152.6908267737136 0
vertex 125.95 -152.8502809175105 0
vertex 125.95 -152.6908267737136 0
endloop
endfacet
facet normal 0 0 -1
outer loop
vertex 216.32133222137873 -152.6908267737136 0
vertex 216.2292713292026 -152.8502809175105 0
vertex 167.26029760263452 -152.8502809175105 0
endloop
endfacet
facet normal 0 0 -1
outer loop
vertex 216.32133222137873 -152.6908267737136 0
vertex 167.26029760263452 -152.8502809175105 0
vertex 167.30866748834276 -152.6908267737136 0
endloop
endfacet
facet normal 0 0 -1
outer loop
vertex 165.6897023973655 -152.8502809175105 0
vertex 165.76825082954278 -152.9972346980666 0
vertex 125.95 -152.9972346980666 0
endloop
endfacet
facet normal 0 0 -1
outer loop
vertex 165.6897023973655 -152.8502809175105 0
vertex 125.95 -152.9972346980666 0
vertex 125.95 -152.8502809175105 0
endloop
endfacet
facet normal 0 0 -1
outer loop
vertex 216.2292713292026 -152.8502809175105 0
vertex 216.14442752505607 -152.9972346980666 0
vertex 167.1817491704573 -152.9972346980666 0
endloop
endfacet
facet normal 0 0 -1
outer loop
vertex 216.2292713292026 -152.8502809175105 0
vertex 167.1817491704573 -152.9972346980666 0
vertex 167.26029760263452 -152.8502809175105 0
endloop
endfacet
facet normal 0 0 -1
outer loop
vertex 165.76825082954278 -152.9972346980666 0
vertex 165.87395923599146 -153.1260407640086 0
vertex 125.95 -153.1260407640086 0
endloop
endfacet
facet normal 0 0 -1
outer loop
vertex 165.76825082954278 -152.9972346980666 0
vertex 125.95 -153.1260407640086 0
vertex 125.95 -152.9972346980666 0
endloop
endfacet
facet normal 0 0 -1
outer loop
vertex 216.14442752505607 -152.9972346980666 0
vertex 216.07006130875112 -153.1260407640086 0
vertex 167.07604076400855 -153.1260407640086 0
endloop
endfacet
facet normal 0 0 -1
outer loop
vertex 216.14442752505607 -152.9972346980666 0
vertex 167.07604076400855 -153.1260407640086 0
vertex 167.1817491704573 -152.9972346980666 0
endloop
endfacet
facet normal 0 0 -1
outer loop
vertex 165.87395923599146 -153.1260407640086 0
vertex 166.00276530193338 -153.23174917045722 0
vertex 125.95 -153.23174917045722 0
endloop
endfacet
facet normal 0 0 -1
outer loop
vertex 165.87395923599146 -153.1260407640086 0
vertex 125.95 -153.23174917045722 0
vertex 125.95 -153.1260407640086 0
endloop
endfacet
facet normal 0 0 -1
outer loop
vertex 216.07006130875112 -153.1260407640086 0
vertex 216.0090305322755 -153.23174917045722 0
vertex 166.9472346980667 -153.23174917045722 0
endloop
endfacet
facet normal 0 0 -1
outer loop
vertex 216.07006130875112 -153.1260407640086 0
vertex 166.9472346980667 -153.23174917045722 0
vertex 167.07604076400855 -153.1260407640086 0
endloop
endfacet
facet normal 0 0 -1
outer loop
vertex 166.00276530193338 -153.23174917045722 0
vertex 166.14971908248947 -153.3102976026345 0
vertex 125.95 -153.3102976026345 0
endloop
endfacet
facet normal 0 0 -1
outer loop
vertex 166.00276530193338 -153.23174917045722 0
vertex 125.95 -153.3102976026345 0
vertex 125.95 -153.23174917045722 0
endloop
endfacet
facet normal 0 0 -1
outer loop
vertex 216.0090305322755 -153.23174917045722 0
vertex 215.96368057414276 -153.3102976026345 0
vertex 166.80028091751038 -153.3102976026345 0
endloop
endfacet
facet normal 0 0 -1
outer loop
vertex 216.0090305322755 -153.23174917045722 0
vertex 166.80028091751038 -153.3102976026345 0
vertex 166.9472346980667 -153.23174917045722 0
endloop
endfacet
facet normal 0 0 -1
outer loop
vertex 166.14971908248947 -153.3102976026345 0
vertex 166.30917322628636 -153.35866748834275 0
vertex 125.95 -153.35866748834275 0
endloop
endfacet
facet normal 0 0 -1
outer loop
vertex 166.14971908248947 -153.3102976026345 0
vertex 125.95 -153.35866748834275 0
vertex 125.95 -153.3102976026345 0
endloop
endfacet
facet normal 0 0 -1
outer loop
vertex 215.96368057414276 -153.3102976026345 0
vertex 215.9357542078112 -153.35866748834275 0
vertex 166.64082677371368 -153.35866748834275 0
endloop
endfacet
facet normal 0 0 -1
outer loop
vertex 215.96368057414276 -153.3102976026345 0
vertex 166.64082677371368 -153.35866748834275 0
vertex 166.80028091751038 -153.3102976026345 0
endloop
endfacet
facet normal 0 0 -1
outer loop
vertex 166.30917322628636 -153.35866748834275 0
vertex 166.47500000000005 -153.375 0
vertex 125.95 -153.375 0
endloop
endfacet
facet normal 0 0 -1
outer loop
vertex 166.30917322628636 -153.35866748834275 0
vertex 125.95 -153.375 0
vertex 125.95 -153.35866748834275 0
endloop
endfacet
facet normal 0 0 -1
outer loop
vertex 215.9357542078112 -153.35866748834275 0
vertex 215.9263246278778 -153.375 0
vertex 166.47500000000005 -153.375 0
endloop
endfacet
facet normal 0 0 -1
outer loop
vertex 215.9357542078112 -153.35866748834275 0
vertex 166.47500000000005 -153.375 0
vertex 166.64082677371368 -153.35866748834275 0
endloop
endfacet
facet normal 0 0 -1
outer loop
vertex 247.70387624829345 -147.2636425 0
vertex 249.42477824151757 -154.2136425 0
vertex 231.4924717 -154.2136425 0
endloop
endfacet
facet normal 0 0 -1
outer loop
vertex 247.70387624829345 -147.2636425 0
vertex 231.4924717 -154.2136425 0
vertex 219.45471850000004 -147.2636425 0
endloop
endfacet
facet normal 0 0 -1
outer loop
vertex 166.47500000000005 -153.375 0
vertex 215.9263246278778 -153.375 0
vertex 214.9303954207563 -155.1 0
endloop
endfacet
facet normal 0 0 -1
outer loop
vertex 166.47500000000005 -153.375 0
vertex 214.9303954207563 -155.1 0
vertex 186.95 -155.1 0
endloop
endfacet
facet normal 0 0 -1
outer loop
vertex 166.47500000000005 -153.375 0
vertex 186.95 -155.1 0
vertex 173.05 -155.1 0
endloop
endfacet
facet normal 0 0 -1
outer loop
vertex 166.47500000000005 -153.375 0
vertex 173.05 -155.1 0
vertex 125.95 -155.1 0
endloop
endfacet
facet normal 0 0 -1
outer loop
vertex 166.47500000000005 -153.375 0
vertex 125.95 -155.1 0
vertex 125.95 -153.375 0
endloop
endfacet
facet normal 0 0 -1
outer loop
vertex 93.05 -143.05 0
vertex 93.05 -156.95 0
vertex 87.47499715670385 -156.95 0
endloop
endfacet
facet normal 0 0 -1
outer loop
vertex 93.05 -143.05 0
vertex 87.47499715670385 -156.95 0
vertex 87.47499767844401 -143.05 0
endloop
endfacet
facet normal 0 0 -1
outer loop
vertex 112.05 -143.05 0
vertex 112.05 -156.95 0
vertex 106.95 -156.95 0
endloop
endfacet
facet normal 0 0 -1
outer loop
vertex 112.05 -143.05 0
vertex 106.95 -156.95 0
vertex 106.95 -143.05 0
endloop
endfacet
facet normal 0 0 -1
outer loop
vertex 173.05 -155.1 0
vertex 173.05 -156.95 0
vertex 125.95 -156.95 0
endloop
endfacet
facet normal 0 0 -1
outer loop
vertex 173.05 -155.1 0
vertex 125.95 -156.95 0
vertex 125.95 -155.1 0
endloop
endfacet
facet normal 0 0 -1
outer loop
vertex 214.9303954207563 -155.1 0
vertex 212.91271132086965 -158.59473139999997 0
vertex 199.94251539999993 -158.59473139999997 0
endloop
endfacet
facet normal 0 0 -1
outer loop
vertex 214.9303954207563 -155.1 0
vertex 199.94251539999993 -158.59473139999997 0
vertex 186.95 -158.59473139999997 0
endloop
endfacet
facet normal 0 0 -1
outer loop
vertex 214.9303954207563 -155.1 0
vertex 186.95 -158.59473139999997 0
vertex 186.95 -155.1 0
endloop
endfacet
facet normal 0 0 -1
outer loop
vertex 212.91271132086965 -158.59473139999997 0
vertex 212.50471850000002 -159.3013957 0
vertex 201.1664938803814 -159.3013957 0
endloop
endfacet
facet normal 0 0 -1
outer loop
vertex 212.91271132086965 -158.59473139999997 0
vertex 201.1664938803814 -159.3013957 0
vertex 199.94251539999993 -158.59473139999997 0
endloop
endfacet
facet normal 0 0 -1
outer loop
vertex 249.42477824151757 -154.2136425 0
vertex 252.22994081750662 -165.542515370092 0
vertex 237.98253514046758 -165.542515370092 0
endloop
endfacet
facet normal 0 0 -1
outer loop
vertex 249.42477824151757 -154.2136425 0
vertex 237.98253514046758 -165.542515370092 0
vertex 224.9517439463242 -165.542515370092 0
endloop
endfacet
facet normal 0 0 -1
outer loop
vertex 249.42477824151757 -154.2136425 0
vertex 224.9517439463242 -165.542515370092 0
vertex 231.4924717 -154.2136425 0
endloop
endfacet
facet normal 0 0 -1
outer loop
vertex 212.50471850000002 -159.3013957 0
vertex 223.31849321961857 -165.5447314 0
vertex 211.9802686 -165.5447314 0
endloop
endfacet
facet normal 0 0 -1
outer loop
vertex 212.50471850000002 -159.3013957 0
vertex 211.9802686 -165.5447314 0
vertex 201.1664938803814 -159.3013957 0
endloop
endfacet
facet normal 0 0 -1
outer loop
vertex 223.31849321961857 -165.5447314 0
vertex 224.5424717 -166.2513957 0
vertex 211.5722757791304 -166.2513957 0
endloop
endfacet
facet normal 0 0 -1
outer loop
vertex 223.31849321961857 -165.5447314 0
vertex 211.5722757791304 -166.2513957 0
vertex 211.9802686 -165.5447314 0
endloop
endfacet
facet normal 0 0 -1
outer loop
vertex 237.98253514046758 -165.542515370092 0
vertex 236.75471838366656 -166.2513957 0
vertex 224.5424717 -166.2513957 0
endloop
endfacet
facet normal 0 0 -1
outer loop
vertex 237.98253514046758 -165.542515370092 0
vertex 224.5424717 -166.2513957 0
vertex 224.9517439463242 -165.542515370092 0
endloop
endfacet
facet normal 0 0 -1
outer loop
vertex 93.05 -156.95 0
vertex 106.95 -156.95 0
vertex 112.05 -156.95 0
endloop
endfacet
facet normal 0 0 -1
outer loop
vertex 93.05 -156.95 0
vertex 112.05 -156.95 0
vertex 125.95 -156.95 0
endloop
endfacet
facet normal 0 0 -1
outer loop
vertex 93.05 -156.95 0
vertex 125.95 -156.95 0
vertex 173.05 -156.95 0
endloop
endfacet
facet normal 0 0 -1
outer loop
vertex 93.05 -156.95 0
vertex 173.05 -156.95 0
vertex 173.05 -169 0
endloop
endfacet
facet normal 0 0 -1
outer loop
vertex 93.05 -156.95 0
vertex 173.05 -169 0
vertex 109.6104722110429 -169 0
endloop
endfacet
facet normal 0 0 -1
outer loop
vertex 93.05 -156.95 0
vertex 109.6104722110429 -169 0
vertex 89.56921410000022 -162.65274680000007 0
endloop
endfacet
facet normal 0 0 -1
outer loop
vertex 93.05 -156.95 0
vertex 89.56921410000022 -162.65274680000007 0
vertex 89.13047186901166 -162.47458737679275 0
endloop
endfacet
facet normal 0 0 -1
outer loop
vertex 93.05 -156.95 0
vertex 89.13047186901166 -162.47458737679275 0
vertex 88.72522581711652 -162.2296128069517 0
endloop
endfacet
facet normal 0 0 -1
outer loop
vertex 93.05 -156.95 0
vertex 88.72522581711652 -162.2296128069517 0
vertex 88.36357568535944 -161.92392328366776 0
endloop
endfacet
facet normal 0 0 -1
outer loop
vertex 93.05 -156.95 0
vertex 88.36357568535944 -161.92392328366776 0
vertex 88.0545320632199 -161.56513512603112 0
endloop
endfacet
facet normal 0 0 -1
outer loop
vertex 93.05 -156.95 0
vertex 88.0545320632199 -161.56513512603112 0
vertex 87.80579483786995 -161.16218761683092 0
endloop
endfacet
facet normal 0 0 -1
outer loop
vertex 93.05 -156.95 0
vertex 87.80579483786995 -161.16218761683092 0
vertex 87.62356134985797 -160.72512027843504 0
endloop
endfacet
facet normal 0 0 -1
outer loop
vertex 93.05 -156.95 0
vertex 87.62356134985797 -160.72512027843504 0
vertex 87.51237198505883 -160.26482273596832 0
endloop
endfacet
facet normal 0 0 -1
outer loop
vertex 93.05 -156.95 0
vertex 87.51237198505883 -160.26482273596832 0
vertex 87.47499704999998 -159.7927633999999 0
endloop
endfacet
facet normal 0 0 -1
outer loop
vertex 93.05 -156.95 0
vertex 87.47499704999998 -159.7927633999999 0
vertex 87.47499715670385 -156.95 0
endloop
endfacet
facet normal 0 0 -1
outer loop
vertex 199.94251539999993 -158.59473139999997 0
vertex 193.93503081641504 -169 0
vertex 186.95 -169 0
endloop
endfacet
facet normal 0 0 -1
outer loop
vertex 199.94251539999993 -158.59473139999997 0
vertex 186.95 -169 0
vertex 186.95 -158.59473139999997 0
endloop
endfacet
facet normal 0 0 -1
outer loop
vertex 173.05 -169 0
vertex 186.95 -169 0
vertex 193.93503081641504 -169 0
endloop
endfacet
facet normal 0 0 -1
outer loop
vertex 173.05 -169 0
vertex 193.93503081641504 -169 0
vertex 192.99251539999997 -170.63248459999997 0
endloop
endfacet
facet normal 0 0 -1
outer loop
vertex 173.05 -169 0
vertex 192.99251539999997 -170.63248459999997 0
vertex 114.76499247358765 -170.63248459999997 0
endloop
endfacet
facet normal 0 0 -1
outer loop
vertex 173.05 -169 0
vertex 114.76499247358765 -170.63248459999997 0
vertex 109.6104722110429 -169 0
endloop
endfacet
facet normal 0 0 -1
outer loop
vertex 224.5424717 -166.2513957 0
vertex 236.75471838366656 -166.2513957 0
vertex 225.9447819404676 -172.492515370092 0
endloop
endfacet
facet normal 0 0 -1
outer loop
vertex 224.5424717 -166.2513957 0
vertex 225.9447819404676 -172.492515370092 0
vertex 207.9689636837188 -172.492515370092 0
endloop
endfacet
facet normal 0 0 -1
outer loop
vertex 224.5424717 -166.2513957 0
vertex 207.9689636837188 -172.492515370092 0
vertex 211.5722757791304 -166.2513957 0
endloop
endfacet
facet normal 0 0 -1
outer loop
vertex 225.9447819404676 -172.492515370092 0
vertex 227.43145883236969 -175.06751530000003 0
vertex 221.4847512 -175.06751530000003 0
endloop
endfacet
facet normal 0 0 -1
outer loop
vertex 225.9447819404676 -172.492515370092 0
vertex 221.4847512 -175.06751530000003 0
vertex 206.4822867918167 -175.06751530000003 0
endloop
endfacet
facet normal 0 0 -1
outer loop
vertex 225.9447819404676 -172.492515370092 0
vertex 206.4822867918167 -175.06751530000003 0
vertex 207.9689636837188 -172.492515370092 0
endloop
endfacet
facet normal 0 0 -1
outer loop
vertex 252.22994081750662 -165.542515370092 0
vertex 255.21063052625766 -177.58026857009187 0
vertex 244.93253514046762 -177.58026857009187 0
endloop
endfacet
facet normal 0 0 -1
outer loop
vertex 252.22994081750662 -165.542515370092 0
vertex 244.93253514046762 -177.58026857009187 0
vertex 237.98253514046758 -165.542515370092 0
endloop
endfacet
facet normal 0 0 -1
outer loop
vertex 192.99251539999997 -170.63248459999997 0
vertex 205.03026860000003 -177.5824846 0
vertex 136.70940519557402 -177.5824846 0
endloop
endfacet
facet normal 0 0 -1
outer loop
vertex 192.99251539999997 -170.63248459999997 0
vertex 136.70940519557402 -177.5824846 0
vertex 114.76499247358765 -170.63248459999997 0
endloop
endfacet
facet normal 0 0 -1
outer loop
vertex 221.4847512 -175.06751530000003 0
vertex 217.1286965612984 -177.5824846 0
vertex 205.03026860000003 -177.5824846 0
endloop
endfacet
facet normal 0 0 -1
outer loop
vertex 221.4847512 -175.06751530000003 0
vertex 205.03026860000003 -177.5824846 0
vertex 206.4822867918167 -175.06751530000003 0
endloop
endfacet
facet normal 0 0 -1
outer loop
vertex 205.03026860000003 -177.5824846 0
vertex 217.1286965612984 -177.5824846 0
vertex 209.446998 -182.0175153 0
endloop
endfacet
facet normal 0 0 -1
outer loop
vertex 205.03026860000003 -177.5824846 0
vertex 209.446998 -182.0175153 0
vertex 150.71287916902443 -182.0175153 0
endloop
endfacet
facet normal 0 0 -1
outer loop
vertex 205.03026860000003 -177.5824846 0
vertex 150.71287916902443 -182.0175153 0
vertex 136.70940519557402 -177.5824846 0
endloop
endfacet
facet normal 0 0 -1
outer loop
vertex 227.43145883236969 -175.06751530000003 0
vertex 232.8947819404676 -184.5302685700919 0
vertex 226.94807430809783 -184.5302685700919 0
endloop
endfacet
facet normal 0 0 -1
outer loop
vertex 227.43145883236969 -175.06751530000003 0
vertex 226.94807430809783 -184.5302685700919 0
vertex 221.4847512 -175.06751530000003 0
endloop
endfacet
facet normal 0 0 -1
outer loop
vertex 255.21063052625766 -177.58026857009187 0
vertex 256.9315325194818 -184.5302685700919 0
vertex 232.8947819404676 -184.5302685700919 0
endloop
endfacet
facet normal 0 0 -1
outer loop
vertex 255.21063052625766 -177.58026857009187 0
vertex 232.8947819404676 -184.5302685700919 0
vertex 244.93253514046762 -177.58026857009187 0
endloop
endfacet
facet normal 0 0 -1
outer loop
vertex 232.8947819404676 -184.5302685700919 0
vertex 256.9315325194818 -184.5302685700919 0
vertex 256.9606516 -184.64786830000008 0
endloop
endfacet
facet normal 0 0 -1
outer loop
vertex 232.8947819404676 -184.5302685700919 0
vertex 256.9606516 -184.64786830000008 0
vertex 257.0094053097055 -184.88558548132158 0
endloop
endfacet
facet normal 0 0 -1
outer loop
vertex 232.8947819404676 -184.5302685700919 0
vertex 257.0094053097055 -184.88558548132158 0
vertex 257.03878271359963 -185.12646415828192 0
endloop
endfacet
facet normal 0 0 -1
outer loop
vertex 232.8947819404676 -184.5302685700919 0
vertex 257.03878271359963 -185.12646415828192 0
vertex 257.0485958 -185.3689291499997 0
endloop
endfacet
facet normal 0 0 -1
outer loop
vertex 232.8947819404676 -184.5302685700919 0
vertex 257.0485958 -185.3689291499997 0
vertex 257.04859573900865 -187.10526849999994 0
endloop
endfacet
facet normal 0 0 -1
outer loop
vertex 232.8947819404676 -184.5302685700919 0
vertex 257.04859573900865 -187.10526849999994 0
vertex 228.43475119999997 -187.10526849999994 0
endloop
endfacet
facet normal 0 0 -1
outer loop
vertex 232.8947819404676 -184.5302685700919 0
vertex 228.43475119999997 -187.10526849999994 0
vertex 226.94807430809783 -184.5302685700919 0
endloop
endfacet
facet normal 0 0 -1
outer loop
vertex 257.04859573900865 -187.10526849999994 0
vertex 257.0485957357589 -187.19778390000002 0
vertex 231.95226660000017 -187.19778390000002 0
endloop
endfacet
facet normal 0 0 -1
outer loop
vertex 257.04859573900865 -187.10526849999994 0
vertex 231.95226660000017 -187.19778390000002 0
vertex 228.27450982555396 -187.19778390000002 0
endloop
endfacet
facet normal 0 0 -1
outer loop
vertex 257.04859573900865 -187.10526849999994 0
vertex 228.27450982555396 -187.19778390000002 0
vertex 228.43475119999997 -187.10526849999994 0
endloop
endfacet
facet normal 0 0 -1
outer loop
vertex 231.95226660000017 -187.19778390000002 0
vertex 231.78643982628674 -187.21411641165724 0
vertex 228.24622108534305 -187.21411641165724 0
endloop
endfacet
facet normal 0 0 -1
outer loop
vertex 231.95226660000017 -187.19778390000002 0
vertex 228.24622108534305 -187.21411641165724 0
vertex 228.27450982555396 -187.19778390000002 0
endloop
endfacet
facet normal 0 0 -1
outer loop
vertex 257.0485957357589 -187.19778390000002 0
vertex 257.0485957351852 -187.21411641165724 0
vertex 232.11809337371363 -187.21411641165724 0
endloop
endfacet
facet normal 0 0 -1
outer loop
vertex 257.0485957357589 -187.19778390000002 0
vertex 232.11809337371363 -187.21411641165724 0
vertex 231.95226660000017 -187.19778390000002 0
endloop
endfacet
facet normal 0 0 -1
outer loop
vertex 231.78643982628674 -187.21411641165724 0
vertex 231.6269856824894 -187.26248629736546 0
vertex 228.1624419851319 -187.26248629736546 0
endloop
endfacet
facet normal 0 0 -1
outer loop
vertex 231.78643982628674 -187.21411641165724 0
vertex 228.1624419851319 -187.26248629736546 0
vertex 228.24622108534305 -187.21411641165724 0
endloop
endfacet
facet normal 0 0 -1
outer loop
vertex 257.0485957351852 -187.21411641165724 0
vertex 257.04859573348614 -187.26248629736546 0
vertex 232.27754751751038 -187.26248629736546 0
endloop
endfacet
facet normal 0 0 -1
outer loop
vertex 257.0485957351852 -187.21411641165724 0
vertex 232.27754751751038 -187.26248629736546 0
vertex 232.11809337371363 -187.21411641165724 0
endloop
endfacet
facet normal 0 0 -1
outer loop
vertex 231.6269856824894 -187.26248629736546 0
vertex 231.48003190193342 -187.34103472954288 0
vertex 228.02639210875796 -187.34103472954288 0
endloop
endfacet
facet normal 0 0 -1
outer loop
vertex 231.6269856824894 -187.26248629736546 0
vertex 228.02639210875796 -187.34103472954288 0
vertex 228.1624419851319 -187.26248629736546 0
endloop
endfacet
facet normal 0 0 -1
outer loop
vertex 257.04859573348614 -187.26248629736546 0
vertex 257.048595730727 -187.34103472954288 0
vertex 232.42450129806673 -187.34103472954288 0
endloop
endfacet
facet normal 0 0 -1
outer loop
vertex 257.04859573348614 -187.26248629736546 0
vertex 232.42450129806673 -187.34103472954288 0
vertex 232.27754751751038 -187.26248629736546 0
endloop
endfacet
facet normal 0 0 -1
outer loop
vertex 231.48003190193342 -187.34103472954288 0
vertex 231.35122583599147 -187.44674313599137 0
vertex 227.84329977667275 -187.44674313599137 0
endloop
endfacet
facet normal 0 0 -1
outer loop
vertex 231.48003190193342 -187.34103472954288 0
vertex 227.84329977667275 -187.44674313599137 0
vertex 228.02639210875796 -187.34103472954288 0
endloop
endfacet
facet normal 0 0 -1
outer loop
vertex 257.048595730727 -187.34103472954288 0
vertex 257.0485957270139 -187.44674313599137 0
vertex 232.55330736400848 -187.44674313599137 0
endloop
endfacet
facet normal 0 0 -1
outer loop
vertex 257.048595730727 -187.34103472954288 0
vertex 232.55330736400848 -187.44674313599137 0
vertex 232.42450129806673 -187.34103472954288 0
endloop
endfacet
facet normal 0 0 -1
outer loop
vertex 231.35122583599147 -187.44674313599137 0
vertex 231.24551742954299 -187.57554920193337 0
vertex 227.6202011245184 -187.57554920193337 0
endloop
endfacet
facet normal 0 0 -1
outer loop
vertex 231.35122583599147 -187.44674313599137 0
vertex 227.6202011245184 -187.57554920193337 0
vertex 227.84329977667275 -187.44674313599137 0
endloop
endfacet
facet normal 0 0 -1
outer loop
vertex 257.0485957270139 -187.44674313599137 0
vertex 257.0485957224894 -187.57554920193337 0
vertex 232.65901577045716 -187.57554920193337 0
endloop
endfacet
facet normal 0 0 -1
outer loop
vertex 257.0485957270139 -187.44674313599137 0
vertex 232.65901577045716 -187.57554920193337 0
vertex 232.55330736400848 -187.44674313599137 0
endloop
endfacet
facet normal 0 0 -1
outer loop
vertex 231.24551742954299 -187.57554920193337 0
vertex 231.16696899736522 -187.72250298248986 0
vertex 227.36566970838228 -187.72250298248986 0
endloop
endfacet
facet normal 0 0 -1
outer loop
vertex 231.24551742954299 -187.57554920193337 0
vertex 227.36566970838228 -187.72250298248986 0
vertex 227.6202011245184 -187.57554920193337 0
endloop
endfacet
facet normal 0 0 -1
outer loop
vertex 257.0485957224894 -187.57554920193337 0
vertex 257.04859571732743 -187.72250298248986 0
vertex 232.73756420263467 -187.72250298248986 0
endloop
endfacet
facet normal 0 0 -1
outer loop
vertex 257.0485957224894 -187.57554920193337 0
vertex 232.73756420263467 -187.72250298248986 0
vertex 232.65901577045716 -187.57554920193337 0
endloop
endfacet
facet normal 0 0 -1
outer loop
vertex 231.16696899736522 -187.72250298248986 0
vertex 231.11859911165732 -187.88195712628615 0
vertex 227.08948702784457 -187.88195712628615 0
endloop
endfacet
facet normal 0 0 -1
outer loop
vertex 231.16696899736522 -187.72250298248986 0
vertex 227.08948702784457 -187.88195712628615 0
vertex 227.36566970838228 -187.72250298248986 0
endloop
endfacet
facet normal 0 0 -1
outer loop
vertex 257.04859571732743 -187.72250298248986 0
vertex 257.04859571172636 -187.88195712628615 0
vertex 232.78593408834274 -187.88195712628615 0
endloop
endfacet
facet normal 0 0 -1
outer loop
vertex 257.04859571732743 -187.72250298248986 0
vertex 232.78593408834274 -187.88195712628615 0
vertex 232.73756420263467 -187.72250298248986 0
endloop
endfacet
facet normal 0 0 -1
outer loop
vertex 231.11859911165732 -187.88195712628615 0
vertex 231.1022666 -188.04778389999998 0
vertex 226.8022666284317 -188.04778389999998 0
endloop
endfacet
facet normal 0 0 -1
outer loop
vertex 231.11859911165732 -187.88195712628615 0
vertex 226.8022666284317 -188.04778389999998 0
vertex 227.08948702784457 -187.88195712628615 0
endloop
endfacet
facet normal 0 0 -1
outer loop
vertex 257.04859571172636 -187.88195712628615 0
vertex 257.04859570590145 -188.04778389999998 0
vertex 232.8022666 -188.04778389999998 0
endloop
endfacet
facet normal 0 0 -1
outer loop
vertex 257.04859571172636 -187.88195712628615 0
vertex 232.8022666 -188.04778389999998 0
vertex 232.78593408834274 -187.88195712628615 0
endloop
endfacet
facet normal 0 0 -1
outer loop
vertex 231.1022666 -188.04778389999998 0
vertex 231.11859911165726 -188.21361067371382 0
vertex 226.51504622901885 -188.21361067371382 0
endloop
endfacet
facet normal 0 0 -1
outer loop
vertex 231.1022666 -188.04778389999998 0
vertex 226.51504622901885 -188.21361067371382 0
vertex 226.8022666284317 -188.04778389999998 0
endloop
endfacet
facet normal 0 0 -1
outer loop
vertex 257.04859570590145 -188.04778389999998 0
vertex 257.0485957000766 -188.21361067371382 0
vertex 232.78593408834274 -188.21361067371382 0
endloop
endfacet
facet normal 0 0 -1
outer loop
vertex 257.04859570590145 -188.04778389999998 0
vertex 232.78593408834274 -188.21361067371382 0
vertex 232.8022666 -188.04778389999998 0
endloop
endfacet
facet normal 0 0 -1
outer loop
vertex 231.11859911165726 -188.21361067371382 0
vertex 231.16696899736542 -188.3730648175103 0
vertex 226.23886354848077 -188.3730648175103 0
endloop
endfacet
facet normal 0 0 -1
outer loop
vertex 231.11859911165726 -188.21361067371382 0
vertex 226.23886354848077 -188.3730648175103 0
vertex 226.51504622901885 -188.21361067371382 0
endloop
endfacet
facet normal 0 0 -1
outer loop
vertex 257.0485957000766 -188.21361067371382 0
vertex 257.0485956944755 -188.3730648175103 0
vertex 232.7375642026346 -188.3730648175103 0
endloop
endfacet
facet normal 0 0 -1
outer loop
vertex 257.0485957000766 -188.21361067371382 0
vertex 232.7375642026346 -188.3730648175103 0
vertex 232.78593408834274 -188.21361067371382 0
endloop
endfacet
facet normal 0 0 -1
outer loop
vertex 231.16696899736542 -188.3730648175103 0
vertex 231.2455174295429 -188.52001859806677 0
vertex 225.98433213234472 -188.52001859806677 0
endloop
endfacet
facet normal 0 0 -1
outer loop
vertex 231.16696899736542 -188.3730648175103 0
vertex 225.98433213234472 -188.52001859806677 0
vertex 226.23886354848077 -188.3730648175103 0
endloop
endfacet
facet normal 0 0 -1
outer loop
vertex 257.0485956944755 -188.3730648175103 0
vertex 257.0485956893136 -188.52001859806677 0
vertex 232.65901577045727 -188.52001859806677 0
endloop
endfacet
facet normal 0 0 -1
outer loop
vertex 257.0485956944755 -188.3730648175103 0
vertex 232.65901577045727 -188.52001859806677 0
vertex 232.7375642026346 -188.3730648175103 0
endloop
endfacet
facet normal 0 0 -1
outer loop
vertex 231.2455174295429 -188.52001859806677 0
vertex 231.3512258359913 -188.64882466400843 0
vertex 225.76123348019095 -188.64882466400843 0
endloop
endfacet
facet normal 0 0 -1
outer loop
vertex 231.2455174295429 -188.52001859806677 0
vertex 225.76123348019095 -188.64882466400843 0
vertex 225.98433213234472 -188.52001859806677 0
endloop
endfacet
facet normal 0 0 -1
outer loop
vertex 257.0485956893136 -188.52001859806677 0
vertex 257.04859568478906 -188.64882466400843 0
vertex 232.5533073640084 -188.64882466400843 0
endloop
endfacet
facet normal 0 0 -1
outer loop
vertex 257.0485956893136 -188.52001859806677 0
vertex 232.5533073640084 -188.64882466400843 0
vertex 232.65901577045727 -188.52001859806677 0
endloop
endfacet
facet normal 0 0 -1
outer loop
vertex 231.3512258359913 -188.64882466400843 0
vertex 231.48003190193342 -188.75453307045723 0
vertex 225.5781411481052 -188.75453307045723 0
endloop
endfacet
facet normal 0 0 -1
outer loop
vertex 231.3512258359913 -188.64882466400843 0
vertex 225.5781411481052 -188.75453307045723 0
vertex 225.76123348019095 -188.64882466400843 0
endloop
endfacet
facet normal 0 0 -1
outer loop
vertex 257.04859568478906 -188.64882466400843 0
vertex 257.04859568107594 -188.75453307045723 0
vertex 232.42450129806664 -188.75453307045723 0
endloop
endfacet
facet normal 0 0 -1
outer loop
vertex 257.04859568478906 -188.64882466400843 0
vertex 232.42450129806664 -188.75453307045723 0
vertex 232.5533073640084 -188.64882466400843 0
endloop
endfacet
facet normal 0 0 -1
outer loop
vertex 257.04859568107594 -188.75453307045723 0
vertex 257.04859567870733 -188.8219636 0
vertex 251.4735951 -188.8219636 0
endloop
endfacet
facet normal 0 0 -1
outer loop
vertex 257.04859568107594 -188.75453307045723 0
vertex 251.4735951 -188.8219636 0
vertex 237.5735951 -188.8219636 0
endloop
endfacet
facet normal 0 0 -1
outer loop
vertex 257.04859568107594 -188.75453307045723 0
vertex 237.5735951 -188.8219636 0
vertex 232.29834765035466 -188.8219636 0
endloop
endfacet
facet normal 0 0 -1
outer loop
vertex 257.04859568107594 -188.75453307045723 0
vertex 232.29834765035466 -188.8219636 0
vertex 232.42450129806664 -188.75453307045723 0
endloop
endfacet
facet normal 0 0 -1
outer loop
vertex 231.48003190193342 -188.75453307045723 0
vertex 231.6269856824895 -188.8330815026345 0
vertex 225.44209127173153 -188.8330815026345 0
endloop
endfacet
facet normal 0 0 -1
outer loop
vertex 231.48003190193342 -188.75453307045723 0
vertex 225.44209127173153 -188.8330815026345 0
vertex 225.5781411481052 -188.75453307045723 0
endloop
endfacet
facet normal 0 0 -1
outer loop
vertex 237.5735951 -188.8219636 0
vertex 237.5735951 -188.8330815026345 0
vertex 232.27754751751038 -188.8330815026345 0
endloop
endfacet
facet normal 0 0 -1
outer loop
vertex 237.5735951 -188.8219636 0
vertex 232.27754751751038 -188.8330815026345 0
vertex 232.29834765035466 -188.8219636 0
endloop
endfacet
facet normal 0 0 -1
outer loop
vertex 231.6269856824895 -188.8330815026345 0
vertex 231.78643982628648 -188.88145138834278 0
vertex 225.35831217152025 -188.88145138834278 0
endloop
endfacet
facet normal 0 0 -1
outer loop
vertex 231.6269856824895 -188.8330815026345 0
vertex 225.35831217152025 -188.88145138834278 0
vertex 225.44209127173153 -188.8330815026345 0
endloop
endfacet
facet normal 0 0 -1
outer loop
vertex 237.5735951 -188.8330815026345 0
vertex 237.5735951 -188.88145138834278 0
vertex 232.11809337371366 -188.88145138834278 0
endloop
endfacet
facet normal 0 0 -1
outer loop
vertex 237.5735951 -188.8330815026345 0
vertex 232.11809337371366 -188.88145138834278 0
vertex 232.27754751751038 -188.8330815026345 0
endloop
endfacet
facet normal 0 0 -1
outer loop
vertex 231.78643982628648 -188.88145138834278 0
vertex 231.95226659999992 -188.8977839 0
vertex 225.33002343130934 -188.8977839 0
endloop
endfacet
facet normal 0 0 -1
outer loop
vertex 231.78643982628648 -188.88145138834278 0
vertex 225.33002343130934 -188.8977839 0
vertex 225.35831217152025 -188.88145138834278 0
endloop
endfacet
facet normal 0 0 -1
outer loop
vertex 237.5735951 -188.88145138834278 0
vertex 237.5735951 -188.8977839 0
vertex 231.95226659999992 -188.8977839 0
endloop
endfacet
facet normal 0 0 -1
outer loop
vertex 237.5735951 -188.88145138834278 0
vertex 231.95226659999992 -188.8977839 0
vertex 232.11809337371366 -188.88145138834278 0
endloop
endfacet
facet normal 0 0 -1
outer loop
vertex 209.446998 -182.0175153 0
vertex 216.396998 -194.05526849999998 0
vertex 188.7217172217166 -194.05526849999998 0
endloop
endfacet
facet normal 0 0 -1
outer loop
vertex 209.446998 -182.0175153 0
vertex 188.7217172217166 -194.05526849999998 0
vertex 150.71287916902443 -182.0175153 0
endloop
endfacet
facet normal 0 0 -1
outer loop
vertex 231.95226659999992 -188.8977839 0
vertex 237.5735951 -188.8977839 0
vertex 237.5735951 -194.05526849999998 0
endloop
endfacet
facet normal 0 0 -1
outer loop
vertex 231.95226659999992 -188.8977839 0
vertex 237.5735951 -194.05526849999998 0
vertex 216.396998 -194.05526849999998 0
endloop
endfacet
facet normal 0 0 -1
outer loop
vertex 231.95226659999992 -188.8977839 0
vertex 216.396998 -194.05526849999998 0
vertex 225.33002343130934 -188.8977839 0
endloop
endfacet
facet normal 0 0 -1
outer loop
vertex 216.396998 -194.05526849999998 0
vertex 237.5735951 -194.05526849999998 0
vertex 237.5735951 -202.7219636 0
endloop
endfacet
facet normal 0 0 -1
outer loop
vertex 216.396998 -194.05526849999998 0
vertex 237.5735951 -202.7219636 0
vertex 216.08654228790607 -202.7219636 0
endloop
endfacet
facet normal 0 0 -1
outer loop
vertex 216.396998 -194.05526849999998 0
vertex 216.08654228790607 -202.7219636 0
vertex 188.7217172217166 -194.05526849999998 0
endloop
endfacet
facet normal 0 0 -1
outer loop
vertex 257.04859567870733 -188.8219636 0
vertex 257.04859519045044 -202.7219636 0
vertex 251.4735951 -202.7219636 0
endloop
endfacet
facet normal 0 0 -1
outer loop
vertex 257.04859567870733 -188.8219636 0
vertex 251.4735951 -202.7219636 0
vertex 251.4735951 -188.8219636 0
endloop
endfacet
facet normal 0 0 -1
outer loop
vertex 237.5735951 -202.7219636 0
vertex 251.4735951 -202.7219636 0
vertex 257.04859519045044 -202.7219636 0
endloop
endfacet
facet normal 0 0 -1
outer loop
vertex 237.5735951 -202.7219636 0
vertex 257.04859519045044 -202.7219636 0
vertex 257.0485951 -205.29696360000057 0
endloop
endfacet
facet normal 0 0 -1
outer loop
vertex 237.5735951 -202.7219636 0
vertex 257.0485951 -205.29696360000057 0
vertex 257.0030208090367 -205.81790633300045 0
endloop
endfacet
facet normal 0 0 -1
outer loop
vertex 237.5735951 -202.7219636 0
vertex 257.0030208090367 -205.81790633300045 0
vertex 256.8676754123577 -206.32302222997708 0
endloop
endfacet
facet normal 0 0 -1
outer loop
vertex 237.5735951 -202.7219636 0
vertex 256.8676754123577 -206.32302222997708 0
vertex 256.6466737613534 -206.79696179999988 0
endloop
endfacet
facet normal 0 0 -1
outer loop
vertex 237.5735951 -202.7219636 0
vertex 256.6466737613534 -206.79696179999988 0
vertex 256.346730879357 -207.22532462905951 0
endloop
endfacet
facet normal 0 0 -1
outer loop
vertex 237.5735951 -202.7219636 0
vertex 256.346730879357 -207.22532462905951 0
vertex 255.97696037905948 -207.59509512935708 0
endloop
endfacet
facet normal 0 0 -1
outer loop
vertex 237.5735951 -202.7219636 0
vertex 255.97696037905948 -207.59509512935708 0
vertex 255.54859754999993 -207.8950380113534 0
endloop
endfacet
facet normal 0 0 -1
outer loop
vertex 237.5735951 -202.7219636 0
vertex 255.54859754999993 -207.8950380113534 0
vertex 255.0746579799772 -208.11603966235768 0
endloop
endfacet
facet normal 0 0 -1
outer loop
vertex 237.5735951 -202.7219636 0
vertex 255.0746579799772 -208.11603966235768 0
vertex 254.5695420830009 -208.2513850590366 0
endloop
endfacet
facet normal 0 0 -1
outer loop
vertex 237.5735951 -202.7219636 0
vertex 254.5695420830009 -208.2513850590366 0
vertex 254.04859754999973 -208.29696180000002 0
endloop
endfacet
facet normal 0 0 -1
outer loop
vertex 237.5735951 -202.7219636 0
vertex 254.04859754999973 -208.29696180000002 0
vertex 234.15316619999967 -208.29696329054343 0
endloop
endfacet
facet normal 0 0 -1
outer loop
vertex 237.5735951 -202.7219636 0
vertex 234.15316619999967 -208.29696329054343 0
vertex 234.15313706551652 -208.29696180000002 0
endloop
endfacet
facet normal 0 0 -1
outer loop
vertex 237.5735951 -202.7219636 0
vertex 234.15313706551652 -208.29696180000002 0
vertex 233.84698437715795 -208.2812987841153 0
endloop
endfacet
facet normal 0 0 -1
outer loop
vertex 237.5735951 -202.7219636 0
vertex 233.84698437715795 -208.2812987841153 0
vertex 233.5440029903103 -208.23446909681965 0
endloop
endfacet
facet normal 0 0 -1
outer loop
vertex 237.5735951 -202.7219636 0
vertex 233.5440029903103 -208.23446909681965 0
vertex 233.24738309999975 -208.15696179999992 0
endloop
endfacet
facet normal 0 0 -1
outer loop
vertex 237.5735951 -202.7219636 0
vertex 233.24738309999975 -208.15696179999992 0
vertex 216.08654228790607 -202.7219636 0
endloop
endfacet
facet normal 0 0 1
outer loop
vertex 234.15316619999967 -208.29696329054343 0
vertex 237.5735951 -208.29696329054343 0
vertex 252.1454957624834 -208.29696180000002 0
endloop
endfacet
facet normal 0 0 1
outer loop
vertex 234.15316619999967 -208.29696329054343 0
vertex 252.1454957624834 -208.29696180000002 0
vertex 237.5735951 -208.29696329054343 0
endloop
endfacet
facet normal 0 0 1
outer loop
vertex 234.15316619999967 -208.29696329054343 0
vertex 237.5735951 -208.29696329054343 0
vertex 234.15316619999967 -208.29696329054343 0
endloop
endfacet
facet normal 0 0 1
outer loop
vertex 234.15316619999967 -208.29696329054343 0
vertex 234.15316619999967 -208.29696329054343 0
vertex 234.15313706551652 -208.29696180000002 0
endloop
endfacet
facet normal 0 0 1
outer loop
vertex 237.5735951 -208.2969636 1.2
vertex 252.1454957624834 -208.29696197217942 1.2
vertex 237.5735951 -208.2969636 1.2
endloop
endfacet
facet normal 0 0 1
outer loop
vertex 237.5735951 -208.2969636 1.2
vertex 237.5735951 -208.2969636 1.2
vertex 234.1531662000002 -208.2969636 1.2
endloop
endfacet
facet normal 0 0 1
outer loop
vertex 237.5735951 -208.2969636 1.2
vertex 234.1531662000002 -208.2969636 1.2
vertex 234.1531343828964 -208.29696197217942 1.2
endloop
endfacet
facet normal 0 0 1
outer loop
vertex 237.5735951 -208.2969636 1.2
vertex 234.1531343828964 -208.29696197217942 1.2
vertex 234.1531662000002 -208.2969636 1.2
endloop
endfacet
facet normal 0 0 1
outer loop
vertex 234.1531662000002 -208.2969636 1.2
vertex 254.04859755000012 -208.29696197217942 1.2
vertex 254.56954208300075 -208.25138505903664 1.2
endloop
endfacet
facet normal 0 0 1
outer loop
vertex 234.1531662000002 -208.2969636 1.2
vertex 254.56954208300075 -208.25138505903664 1.2
vertex 255.074657979977 -208.11603966235774 1.2
endloop
endfacet
facet normal 0 0 1
outer loop
vertex 234.1531662000002 -208.2969636 1.2
vertex 255.074657979977 -208.11603966235774 1.2
vertex 255.5485975500002 -207.89503801135322 1.2
endloop
endfacet
facet normal 0 0 1
outer loop
vertex 234.1531662000002 -208.2969636 1.2
vertex 255.5485975500002 -207.89503801135322 1.2
vertex 255.9769603790593 -207.59509512935722 1.2
endloop
endfacet
facet normal 0 0 1
outer loop
vertex 234.1531662000002 -208.2969636 1.2
vertex 255.9769603790593 -207.59509512935722 1.2
vertex 256.34673087935704 -207.2253246290595 1.2
endloop
endfacet
facet normal 0 0 1
outer loop
vertex 234.1531662000002 -208.2969636 1.2
vertex 256.34673087935704 -207.2253246290595 1.2
vertex 256.6466737613534 -206.79696179999993 1.2
endloop
endfacet
facet normal 0 0 1
outer loop
vertex 234.1531662000002 -208.2969636 1.2
vertex 256.6466737613534 -206.79696179999993 1.2
vertex 256.8676754123577 -206.3230222299771 1.2
endloop
endfacet
facet normal 0 0 1
outer loop
vertex 234.1531662000002 -208.2969636 1.2
vertex 256.8676754123577 -206.3230222299771 1.2
vertex 257.0030208090367 -205.8179063330004 1.2
endloop
endfacet
facet normal 0 0 1
outer loop
vertex 234.1531662000002 -208.2969636 1.2
vertex 257.0030208090367 -205.8179063330004 1.2
vertex 257.0485951 -205.29696360000003 1.2
endloop
endfacet
facet normal 0 0 1
outer loop
vertex 234.1531662000002 -208.2969636 1.2
vertex 257.0485951 -205.29696360000003 1.2
vertex 257.04859519045044 -202.7219636 1.2
endloop
endfacet
facet normal 0 0 1
outer loop
vertex 234.1531662000002 -208.2969636 1.2
vertex 257.04859519045044 -202.7219636 1.2
vertex 251.4735951 -202.7219636 1.2
endloop
endfacet
facet normal 0 0 1
outer loop
vertex 234.1531662000002 -208.2969636 1.2
vertex 251.4735951 -202.7219636 1.2
vertex 237.5735951 -202.7219636 1.2
endloop
endfacet
facet normal 0 0 1
outer loop
vertex 234.1531662000002 -208.2969636 1.2
vertex 237.5735951 -202.7219636 1.2
vertex 216.08654228790607 -202.7219636 1.2
endloop
endfacet
facet normal 0 0 1
outer loop
vertex 234.1531662000002 -208.2969636 1.2
vertex 216.08654228790607 -202.7219636 1.2
vertex 233.24738309999984 -208.15696179999995 1.2
endloop
endfacet
facet normal 0 0 1
outer loop
vertex 234.1531662000002 -208.2969636 1.2
vertex 233.24738309999984 -208.15696179999995 1.2
vertex 233.5440029903105 -208.2344690968197 1.2
endloop
endfacet
facet normal 0 0 1
outer loop
vertex 234.1531662000002 -208.2969636 1.2
vertex 233.5440029903105 -208.2344690968197 1.2
vertex 233.8469843771573 -208.28129878411525 1.2
endloop
endfacet
facet normal 0 0 1
outer loop
vertex 234.1531662000002 -208.2969636 1.2
vertex 233.8469843771573 -208.28129878411525 1.2
vertex 234.1531343828964 -208.29696197217942 1.2
endloop
endfacet
facet normal 0 0 1
outer loop
vertex 237.5735951 -202.7219636 1.2
vertex 237.5735951 -194.0552685 1.2
vertex 216.396998 -194.0552685 1.2
endloop
endfacet
facet normal 0 0 1
outer loop
vertex 237.5735951 -202.7219636 1.2
vertex 216.396998 -194.0552685 1.2
vertex 188.7217172217167 -194.0552685 1.2
endloop
endfacet
facet normal 0 0 1
outer loop
vertex 237.5735951 -202.7219636 1.2
vertex 188.7217172217167 -194.0552685 1.2
vertex 216.08654228790607 -202.7219636 1.2
endloop
endfacet
facet normal 0 0 1
outer loop
vertex 237.5735951 -194.0552685 1.2
vertex 237.5735951 -188.8977839 1.2
vertex 231.95226660000006 -188.8977839 1.2
endloop
endfacet
facet normal 0 0 1
outer loop
vertex 237.5735951 -194.0552685 1.2
vertex 231.95226660000006 -188.8977839 1.2
vertex 225.33002343130934 -188.8977839 1.2
endloop
endfacet
facet normal 0 0 1
outer loop
vertex 237.5735951 -194.0552685 1.2
vertex 225.33002343130934 -188.8977839 1.2
vertex 216.396998 -194.0552685 1.2
endloop
endfacet
facet normal 0 0 1
outer loop
vertex 231.95226660000006 -188.8977839 1.2
vertex 231.78643982628637 -188.88145138834275 1.2
vertex 225.3583121715203 -188.88145138834275 1.2
endloop
endfacet
facet normal 0 0 1
outer loop
vertex 231.95226660000006 -188.8977839 1.2
vertex 225.3583121715203 -188.88145138834275 1.2
vertex 225.33002343130934 -188.8977839 1.2
endloop
endfacet
facet normal 0 0 1
outer loop
vertex 237.5735951 -188.8977839 1.2
vertex 237.5735951 -188.88145138834275 1.2
vertex 232.11809337371386 -188.88145138834275 1.2
endloop
endfacet
facet normal 0 0 1
outer loop
vertex 237.5735951 -188.8977839 1.2
vertex 232.11809337371386 -188.88145138834275 1.2
vertex 231.95226660000006 -188.8977839 1.2
endloop
endfacet
facet normal 0 0 1
outer loop
vertex 231.78643982628637 -188.88145138834275 1.2
vertex 231.62698568248956 -188.83308150263454 1.2
vertex 225.44209127173147 -188.83308150263454 1.2
endloop
endfacet
facet normal 0 0 1
outer loop
vertex 231.78643982628637 -188.88145138834275 1.2
vertex 225.44209127173147 -188.83308150263454 1.2
vertex 225.3583121715203 -188.88145138834275 1.2
endloop
endfacet
facet normal 0 0 1
outer loop
vertex 237.5735951 -188.88145138834275 1.2
vertex 237.5735951 -188.83308150263454 1.2
vertex 232.2775475175103 -188.83308150263454 1.2
endloop
endfacet
facet normal 0 0 1
outer loop
vertex 237.5735951 -188.88145138834275 1.2
vertex 232.2775475175103 -188.83308150263454 1.2
vertex 232.11809337371386 -188.88145138834275 1.2
endloop
endfacet
facet normal 0 0 1
outer loop
vertex 237.5735951 -188.83308150263454 1.2
vertex 237.5735951 -188.8219636 1.2
vertex 232.29834765035488 -188.8219636 1.2
endloop
endfacet
facet normal 0 0 1
outer loop
vertex 237.5735951 -188.83308150263454 1.2
vertex 232.29834765035488 -188.8219636 1.2
vertex 232.2775475175103 -188.83308150263454 1.2
endloop
endfacet
facet normal 0 0 1
outer loop
vertex 257.04859519045044 -202.7219636 1.2
vertex 257.04859567870733 -188.8219636 1.2
vertex 251.4735951 -188.8219636 1.2
endloop
endfacet
facet normal 0 0 1
outer loop
vertex 257.04859519045044 -202.7219636 1.2
vertex 251.4735951 -188.8219636 1.2
vertex 251.4735951 -202.7219636 1.2
endloop
endfacet
facet normal 0 0 1
outer loop
vertex 231.62698568248956 -188.83308150263454 1.2
vertex 231.48003190193347 -188.75453307045726 1.2
vertex 225.57814114810515 -188.75453307045726 1.2
endloop
endfacet
facet normal 0 0 1
outer loop
vertex 231.62698568248956 -188.83308150263454 1.2
vertex 225.57814114810515 -188.75453307045726 1.2
vertex 225.44209127173147 -188.83308150263454 1.2
endloop
endfacet
facet normal 0 0 1
outer loop
vertex 237.5735951 -188.8219636 1.2
vertex 251.4735951 -188.8219636 1.2
vertex 257.04859567870733 -188.8219636 1.2
endloop
endfacet
facet normal 0 0 1
outer loop
vertex 237.5735951 -188.8219636 1.2
vertex 257.04859567870733 -188.8219636 1.2
vertex 257.04859568107594 -188.75453307045726 1.2
endloop
endfacet
facet normal 0 0 1
outer loop
vertex 237.5735951 -188.8219636 1.2
vertex 257.04859568107594 -188.75453307045726 1.2
vertex 232.42450129806662 -188.75453307045726 1.2
endloop
endfacet
facet normal 0 0 1
outer loop
vertex 237.5735951 -188.8219636 1.2
vertex 232.42450129806662 -188.75453307045726 1.2
vertex 232.29834765035488 -188.8219636 1.2
endloop
endfacet
facet normal 0 0 1
outer loop
vertex 231.48003190193347 -188.75453307045726 1.2
vertex 231.35122583599136 -188.64882466400846 1.2
vertex 225.7612334801909 -188.64882466400846 1.2
endloop
endfacet
facet normal 0 0 1
outer loop
vertex 231.48003190193347 -188.75453307045726 1.2
vertex 225.7612334801909 -188.64882466400846 1.2
vertex 225.57814114810515 -188.75453307045726 1.2
endloop
endfacet
facet normal 0 0 1
outer loop
vertex 257.04859568107594 -188.75453307045726 1.2
vertex 257.04859568478906 -188.64882466400846 1.2
vertex 232.55330736400876 -188.64882466400846 1.2
endloop
endfacet
facet normal 0 0 1
outer loop
vertex 257.04859568107594 -188.75453307045726 1.2
vertex 232.55330736400876 -188.64882466400846 1.2
vertex 232.42450129806662 -188.75453307045726 1.2
endloop
endfacet
facet normal 0 0 1
outer loop
vertex 231.35122583599136 -188.64882466400846 1.2
vertex 231.24551742954284 -188.52001859806668 1.2
vertex 225.98433213234486 -188.52001859806668 1.2
endloop
endfacet
facet normal 0 0 1
outer loop
vertex 231.35122583599136 -188.64882466400846 1.2
vertex 225.98433213234486 -188.52001859806668 1.2
vertex 225.7612334801909 -188.64882466400846 1.2
endloop
endfacet
facet normal 0 0 1
outer loop
vertex 257.04859568478906 -188.64882466400846 1.2
vertex 257.0485956893136 -188.52001859806668 1.2
vertex 232.65901577045722 -188.52001859806668 1.2
endloop
endfacet
facet normal 0 0 1
outer loop
vertex 257.04859568478906 -188.64882466400846 1.2
vertex 232.65901577045722 -188.52001859806668 1.2
vertex 232.55330736400876 -188.64882466400846 1.2
endloop
endfacet
facet normal 0 0 1
outer loop
vertex 231.24551742954284 -188.52001859806668 1.2
vertex 231.1669689973654 -188.37306481751028 1.2
vertex 226.23886354848082 -188.37306481751028 1.2
endloop
endfacet
facet normal 0 0 1
outer loop
vertex 231.24551742954284 -188.52001859806668 1.2
vertex 226.23886354848082 -188.37306481751028 1.2
vertex 225.98433213234486 -188.52001859806668 1.2
endloop
endfacet
facet normal 0 0 1
outer loop
vertex 257.0485956893136 -188.52001859806668 1.2
vertex 257.0485956944755 -188.37306481751028 1.2
vertex 232.73756420263467 -188.37306481751028 1.2
endloop
endfacet
facet normal 0 0 1
outer loop
vertex 257.0485956893136 -188.52001859806668 1.2
vertex 232.73756420263467 -188.37306481751028 1.2
vertex 232.65901577045722 -188.52001859806668 1.2
endloop
endfacet
facet normal 0 0 1
outer loop
vertex 231.1669689973654 -188.37306481751028 1.2
vertex 231.11859911165732 -188.213610673714 1.2
vertex 226.51504622901854 -188.213610673714 1.2
endloop
endfacet
facet normal 0 0 1
outer loop
vertex 231.1669689973654 -188.37306481751028 1.2
vertex 226.51504622901854 -188.213610673714 1.2
vertex 226.23886354848082 -188.37306481751028 1.2
endloop
endfacet
facet normal 0 0 1
outer loop
vertex 257.0485956944755 -188.37306481751028 1.2
vertex 257.0485957000766 -188.213610673714 1.2
vertex 232.7859340883427 -188.213610673714 1.2
endloop
endfacet
facet normal 0 0 1
outer loop
vertex 257.0485956944755 -188.37306481751028 1.2
vertex 232.7859340883427 -188.213610673714 1.2
vertex 232.73756420263467 -188.37306481751028 1.2
endloop
endfacet
facet normal 0 0 1
outer loop
vertex 231.11859911165732 -188.213610673714 1.2
vertex 231.10226660000004 -188.04778389999987 1.2
vertex 226.80226662843188 -188.04778389999987 1.2
endloop
endfacet
facet normal 0 0 1
outer loop
vertex 231.11859911165732 -188.213610673714 1.2
vertex 226.80226662843188 -188.04778389999987 1.2
vertex 226.51504622901854 -188.213610673714 1.2
endloop
endfacet
facet normal 0 0 1
outer loop
vertex 257.0485957000766 -188.213610673714 1.2
vertex 257.04859570590145 -188.04778389999987 1.2
vertex 232.8022666 -188.04778389999987 1.2
endloop
endfacet
facet normal 0 0 1
outer loop
vertex 257.0485957000766 -188.213610673714 1.2
vertex 232.8022666 -188.04778389999987 1.2
vertex 232.7859340883427 -188.213610673714 1.2
endloop
endfacet
facet normal 0 0 1
outer loop
vertex 231.10226660000004 -188.04778389999987 1.2
vertex 231.1185991116573 -187.88195712628627 1.2
vertex 227.0894870278443 -187.88195712628627 1.2
endloop
endfacet
facet normal 0 0 1
outer loop
vertex 231.10226660000004 -188.04778389999987 1.2
vertex 227.0894870278443 -187.88195712628627 1.2
vertex 226.80226662843188 -188.04778389999987 1.2
endloop
endfacet
facet normal 0 0 1
outer loop
vertex 257.04859570590145 -188.04778389999987 1.2
vertex 257.04859571172636 -187.88195712628627 1.2
vertex 232.78593408834274 -187.88195712628627 1.2
endloop
endfacet
facet normal 0 0 1
outer loop
vertex 257.04859570590145 -188.04778389999987 1.2
vertex 232.78593408834274 -187.88195712628627 1.2
vertex 232.8022666 -188.04778389999987 1.2
endloop
endfacet
facet normal 0 0 1
outer loop
vertex 231.1185991116573 -187.88195712628627 1.2
vertex 231.1669689973653 -187.72250298248974 1.2
vertex 227.36566970838243 -187.72250298248974 1.2
endloop
endfacet
facet normal 0 0 1
outer loop
vertex 231.1185991116573 -187.88195712628627 1.2
vertex 227.36566970838243 -187.72250298248974 1.2
vertex 227.0894870278443 -187.88195712628627 1.2
endloop
endfacet
facet normal 0 0 1
outer loop
vertex 257.04859571172636 -187.88195712628627 1.2
vertex 257.04859571732743 -187.72250298248974 1.2
vertex 232.73756420263462 -187.72250298248974 1.2
endloop
endfacet
facet normal 0 0 1
outer loop
vertex 257.04859571172636 -187.88195712628627 1.2
vertex 232.73756420263462 -187.72250298248974 1.2
vertex 232.78593408834274 -187.88195712628627 1.2
endloop
endfacet
facet normal 0 0 1
outer loop
vertex 231.1669689973653 -187.72250298248974 1.2
vertex 231.24551742954273 -187.57554920193337 1.2
vertex 227.62020112451833 -187.57554920193337 1.2
endloop
endfacet
facet normal 0 0 1
outer loop
vertex 231.1669689973653 -187.72250298248974 1.2
vertex 227.62020112451833 -187.57554920193337 1.2
vertex 227.36566970838243 -187.72250298248974 1.2
endloop
endfacet
facet normal 0 0 1
outer loop
vertex 257.04859571732743 -187.72250298248974 1.2
vertex 257.0485957224894 -187.57554920193337 1.2
vertex 232.65901577045716 -187.57554920193337 1.2
endloop
endfacet
facet normal 0 0 1
outer loop
vertex 257.04859571732743 -187.72250298248974 1.2
vertex 232.65901577045716 -187.57554920193337 1.2
vertex 232.73756420263462 -187.72250298248974 1.2
endloop
endfacet
facet normal 0 0 1
outer loop
vertex 231.24551742954273 -187.57554920193337 1.2
vertex 231.35122583599164 -187.4467431359914 1.2
vertex 227.84329977667264 -187.4467431359914 1.2
endloop
endfacet
facet normal 0 0 1
outer loop
vertex 231.24551742954273 -187.57554920193337 1.2
vertex 227.84329977667264 -187.4467431359914 1.2
vertex 227.62020112451833 -187.57554920193337 1.2
endloop
endfacet
facet normal 0 0 1
outer loop
vertex 257.0485957224894 -187.57554920193337 1.2
vertex 257.0485957270139 -187.4467431359914 1.2
vertex 232.5533073640085 -187.4467431359914 1.2
endloop
endfacet
facet normal 0 0 1
outer loop
vertex 257.0485957224894 -187.57554920193337 1.2
vertex 232.5533073640085 -187.4467431359914 1.2
vertex 232.65901577045716 -187.57554920193337 1.2
endloop
endfacet
facet normal 0 0 1
outer loop
vertex 231.35122583599164 -187.4467431359914 1.2
vertex 231.48003190193327 -187.3410347295428 1.2
vertex 228.02639210875805 -187.3410347295428 1.2
endloop
endfacet
facet normal 0 0 1
outer loop
vertex 231.35122583599164 -187.4467431359914 1.2
vertex 228.02639210875805 -187.3410347295428 1.2
vertex 227.84329977667264 -187.4467431359914 1.2
endloop
endfacet
facet normal 0 0 1
outer loop
vertex 257.0485957270139 -187.4467431359914 1.2
vertex 257.048595730727 -187.3410347295428 1.2
vertex 232.4245012980666 -187.3410347295428 1.2
endloop
endfacet
facet normal 0 0 1
outer loop
vertex 257.0485957270139 -187.4467431359914 1.2
vertex 232.4245012980666 -187.3410347295428 1.2
vertex 232.5533073640085 -187.4467431359914 1.2
endloop
endfacet
facet normal 0 0 1
outer loop
vertex 231.48003190193327 -187.3410347295428 1.2
vertex 231.6269856824899 -187.26248629736543 1.2
vertex 228.16244198513186 -187.26248629736543 1.2
endloop
endfacet
facet normal 0 0 1
outer loop
vertex 231.48003190193327 -187.3410347295428 1.2
vertex 228.16244198513186 -187.26248629736543 1.2
vertex 228.02639210875805 -187.3410347295428 1.2
endloop
endfacet
facet normal 0 0 1
outer loop
vertex 257.048595730727 -187.3410347295428 1.2
vertex 257.04859573348614 -187.26248629736543 1.2
vertex 232.27754751751036 -187.26248629736543 1.2
endloop
endfacet
facet normal 0 0 1
outer loop
vertex 257.048595730727 -187.3410347295428 1.2
vertex 232.27754751751036 -187.26248629736543 1.2
vertex 232.4245012980666 -187.3410347295428 1.2
endloop
endfacet
facet normal 0 0 1
outer loop
vertex 231.6269856824899 -187.26248629736543 1.2
vertex 231.78643982628617 -187.21411641165724 1.2
vertex 228.246221085343 -187.21411641165724 1.2
endloop
endfacet
facet normal 0 0 1
outer loop
vertex 231.6269856824899 -187.26248629736543 1.2
vertex 228.246221085343 -187.21411641165724 1.2
vertex 228.16244198513186 -187.26248629736543 1.2
endloop
endfacet
facet normal 0 0 1
outer loop
vertex 257.04859573348614 -187.26248629736543 1.2
vertex 257.0485957351852 -187.21411641165724 1.2
vertex 232.11809337371366 -187.21411641165724 1.2
endloop
endfacet
facet normal 0 0 1
outer loop
vertex 257.04859573348614 -187.26248629736543 1.2
vertex 232.11809337371366 -187.21411641165724 1.2
vertex 232.27754751751036 -187.26248629736543 1.2
endloop
endfacet
facet normal 0 0 1
outer loop
vertex 231.78643982628617 -187.21411641165724 1.2
vertex 231.95226660000014 -187.19778390000002 1.2
vertex 228.2745098255539 -187.19778390000002 1.2
endloop
endfacet
facet normal 0 0 1
outer loop
vertex 231.78643982628617 -187.21411641165724 1.2
vertex 228.2745098255539 -187.19778390000002 1.2
vertex 228.246221085343 -187.21411641165724 1.2
endloop
endfacet
facet normal 0 0 1
outer loop
vertex 257.0485957351852 -187.21411641165724 1.2
vertex 257.0485957357589 -187.19778390000002 1.2
vertex 231.95226660000014 -187.19778390000002 1.2
endloop
endfacet
facet normal 0 0 1
outer loop
vertex 257.0485957351852 -187.21411641165724 1.2
vertex 231.95226660000014 -187.19778390000002 1.2
vertex 232.11809337371366 -187.21411641165724 1.2
endloop
endfacet
facet normal 0 0 1
outer loop
vertex 231.95226660000014 -187.19778390000002 1.2
vertex 257.0485957357589 -187.19778390000002 1.2
vertex 257.04859573900865 -187.10526849999997 1.2
endloop
endfacet
facet normal 0 0 1
outer loop
vertex 231.95226660000014 -187.19778390000002 1.2
vertex 257.04859573900865 -187.10526849999997 1.2
vertex 228.43475119999994 -187.10526849999997 1.2
endloop
endfacet
facet normal 0 0 1
outer loop
vertex 231.95226660000014 -187.19778390000002 1.2
vertex 228.43475119999994 -187.10526849999997 1.2
vertex 228.2745098255539 -187.19778390000002 1.2
endloop
endfacet
facet normal 0 0 1
outer loop
vertex 257.04859573900865 -187.10526849999997 1.2
vertex 257.0485958 -185.36892914999962 1.2
vertex 257.03878271359963 -185.12646415828206 1.2
endloop
endfacet
facet normal 0 0 1
outer loop
vertex 257.04859573900865 -187.10526849999997 1.2
vertex 257.03878271359963 -185.12646415828206 1.2
vertex 257.0094053097055 -184.88558548132139 1.2
endloop
endfacet
facet normal 0 0 1
outer loop
vertex 257.04859573900865 -187.10526849999997 1.2
vertex 257.0094053097055 -184.88558548132139 1.2
vertex 256.9606516000001 -184.6478683000004 1.2
endloop
endfacet
facet normal 0 0 1
outer loop
vertex 257.04859573900865 -187.10526849999997 1.2
vertex 256.9606516000001 -184.6478683000004 1.2
vertex 256.93153251948183 -184.53026857009195 1.2
endloop
endfacet
facet normal 0 0 1
outer loop
vertex 257.04859573900865 -187.10526849999997 1.2
vertex 256.93153251948183 -184.53026857009195 1.2
vertex 232.8947819404676 -184.53026857009195 1.2
endloop
endfacet
facet normal 0 0 1
outer loop
vertex 257.04859573900865 -187.10526849999997 1.2
vertex 232.8947819404676 -184.53026857009195 1.2
vertex 226.9480743080979 -184.53026857009195 1.2
endloop
endfacet
facet normal 0 0 1
outer loop
vertex 257.04859573900865 -187.10526849999997 1.2
vertex 226.9480743080979 -184.53026857009195 1.2
vertex 228.43475119999994 -187.10526849999997 1.2
endloop
endfacet
facet normal 0 0 1
outer loop
vertex 216.396998 -194.0552685 1.2
vertex 209.44699800000004 -182.01751530000004 1.2
vertex 150.71287916902452 -182.01751530000004 1.2
endloop
endfacet
facet normal 0 0 1
outer loop
vertex 216.396998 -194.0552685 1.2
vertex 150.71287916902452 -182.01751530000004 1.2
vertex 188.7217172217167 -194.0552685 1.2
endloop
endfacet
facet normal 0 0 1
outer loop
vertex 209.44699800000004 -182.01751530000004 1.2
vertex 217.12869656129837 -177.5824846 1.2
vertex 205.0302686 -177.5824846 1.2
endloop
endfacet
facet normal 0 0 1
outer loop
vertex 209.44699800000004 -182.01751530000004 1.2
vertex 205.0302686 -177.5824846 1.2
vertex 136.70940519557405 -177.5824846 1.2
endloop
endfacet
facet normal 0 0 1
outer loop
vertex 209.44699800000004 -182.01751530000004 1.2
vertex 136.70940519557405 -177.5824846 1.2
vertex 150.71287916902452 -182.01751530000004 1.2
endloop
endfacet
facet normal 0 0 1
outer loop
vertex 256.93153251948183 -184.53026857009195 1.2
vertex 255.2106305262577 -177.58026857009187 1.2
vertex 244.93253514046765 -177.58026857009187 1.2
endloop
endfacet
facet normal 0 0 1
outer loop
vertex 256.93153251948183 -184.53026857009195 1.2
vertex 244.93253514046765 -177.58026857009187 1.2
vertex 232.8947819404676 -184.53026857009195 1.2
endloop
endfacet
facet normal 0 0 1
outer loop
vertex 217.12869656129837 -177.5824846 1.2
vertex 221.4847512 -175.06751530000003 1.2
vertex 206.4822867918167 -175.06751530000003 1.2
endloop
endfacet
facet normal 0 0 1
outer loop
vertex 217.12869656129837 -177.5824846 1.2
vertex 206.4822867918167 -175.06751530000003 1.2
vertex 205.0302686 -177.5824846 1.2
endloop
endfacet
facet normal 0 0 1
outer loop
vertex 232.8947819404676 -184.53026857009195 1.2
vertex 227.4314588323697 -175.06751530000003 1.2
vertex 221.4847512 -175.06751530000003 1.2
endloop
endfacet
facet normal 0 0 1
outer loop
vertex 232.8947819404676 -184.53026857009195 1.2
vertex 221.4847512 -175.06751530000003 1.2
vertex 226.9480743080979 -184.53026857009195 1.2
endloop
endfacet
facet normal 0 0 1
outer loop
vertex 221.4847512 -175.06751530000003 1.2
vertex 227.4314588323697 -175.06751530000003 1.2
vertex 225.94478194046758 -172.492515370092 1.2
endloop
endfacet
facet normal 0 0 1
outer loop
vertex 221.4847512 -175.06751530000003 1.2
vertex 225.94478194046758 -172.492515370092 1.2
vertex 207.9689636837188 -172.492515370092 1.2
endloop
endfacet
facet normal 0 0 1
outer loop
vertex 221.4847512 -175.06751530000003 1.2
vertex 207.9689636837188 -172.492515370092 1.2
vertex 206.4822867918167 -175.06751530000003 1.2
endloop
endfacet
facet normal 0 0 1
outer loop
vertex 205.0302686 -177.5824846 1.2
vertex 192.99251539999997 -170.63248459999997 1.2
vertex 114.76499247358768 -170.63248459999997 1.2
endloop
endfacet
facet normal 0 0 1
outer loop
vertex 205.0302686 -177.5824846 1.2
vertex 114.76499247358768 -170.63248459999997 1.2
vertex 136.70940519557405 -177.5824846 1.2
endloop
endfacet
facet normal 0 0 1
outer loop
vertex 192.99251539999997 -170.63248459999997 1.2
vertex 193.93503081641504 -169 1.2
vertex 186.95 -169 1.2
endloop
endfacet
facet normal 0 0 1
outer loop
vertex 192.99251539999997 -170.63248459999997 1.2
vertex 186.95 -169 1.2
vertex 173.05 -169 1.2
endloop
endfacet
facet normal 0 0 1
outer loop
vertex 192.99251539999997 -170.63248459999997 1.2
vertex 173.05 -169 1.2
vertex 109.61047221104293 -169 1.2
endloop
endfacet
facet normal 0 0 1
outer loop
vertex 192.99251539999997 -170.63248459999997 1.2
vertex 109.61047221104293 -169 1.2
vertex 114.76499247358768 -170.63248459999997 1.2
endloop
endfacet
facet normal 0 0 1
outer loop
vertex 225.94478194046758 -172.492515370092 1.2
vertex 236.75471838366659 -166.2513957 1.2
vertex 224.54247170000002 -166.2513957 1.2
endloop
endfacet
facet normal 0 0 1
outer loop
vertex 225.94478194046758 -172.492515370092 1.2
vertex 224.54247170000002 -166.2513957 1.2
vertex 211.57227577913042 -166.2513957 1.2
endloop
endfacet
facet normal 0 0 1
outer loop
vertex 225.94478194046758 -172.492515370092 1.2
vertex 211.57227577913042 -166.2513957 1.2
vertex 207.9689636837188 -172.492515370092 1.2
endloop
endfacet
facet normal 0 0 1
outer loop
vertex 224.54247170000002 -166.2513957 1.2
vertex 223.3184932196186 -165.5447314 1.2
vertex 211.98026860000002 -165.5447314 1.2
endloop
endfacet
facet normal 0 0 1
outer loop
vertex 224.54247170000002 -166.2513957 1.2
vertex 211.98026860000002 -165.5447314 1.2
vertex 211.57227577913042 -166.2513957 1.2
endloop
endfacet
facet normal 0 0 1
outer loop
vertex 236.75471838366659 -166.2513957 1.2
vertex 237.9825351404676 -165.542515370092 1.2
vertex 224.95174394632426 -165.542515370092 1.2
endloop
endfacet
facet normal 0 0 1
outer loop
vertex 236.75471838366659 -166.2513957 1.2
vertex 224.95174394632426 -165.542515370092 1.2
vertex 224.54247170000002 -166.2513957 1.2
endloop
endfacet
facet normal 0 0 1
outer loop
vertex 255.2106305262577 -177.58026857009187 1.2
vertex 252.22994081750664 -165.542515370092 1.2
vertex 237.9825351404676 -165.542515370092 1.2
endloop
endfacet
facet normal 0 0 1
outer loop
vertex 255.2106305262577 -177.58026857009187 1.2
vertex 237.9825351404676 -165.542515370092 1.2
vertex 244.93253514046765 -177.58026857009187 1.2
endloop
endfacet
facet normal 0 0 1
outer loop
vertex 223.3184932196186 -165.5447314 1.2
vertex 212.5047185 -159.3013957 1.2
vertex 201.1664938803814 -159.3013957 1.2
endloop
endfacet
facet normal 0 0 1
outer loop
vertex 223.3184932196186 -165.5447314 1.2
vertex 201.1664938803814 -159.3013957 1.2
vertex 211.98026860000002 -165.5447314 1.2
endloop
endfacet
facet normal 0 0 1
outer loop
vertex 193.93503081641504 -169 1.2
vertex 199.9425154 -158.5947314 1.2
vertex 186.95 -158.5947314 1.2
endloop
endfacet
facet normal 0 0 1
outer loop
vertex 193.93503081641504 -169 1.2
vertex 186.95 -158.5947314 1.2
vertex 186.95 -169 1.2
endloop
endfacet
facet normal 0 0 1
outer loop
vertex 212.5047185 -159.3013957 1.2
vertex 212.9127113208696 -158.5947314 1.2
vertex 199.9425154 -158.5947314 1.2
endloop
endfacet
facet normal 0 0 1
outer loop
vertex 212.5047185 -159.3013957 1.2
vertex 199.9425154 -158.5947314 1.2
vertex 201.1664938803814 -159.3013957 1.2
endloop
endfacet
facet normal 0 0 1
outer loop
vertex 173.05 -169 1.2
vertex 173.05 -156.95 1.2
vertex 125.95 -156.95 1.2
endloop
endfacet
facet normal 0 0 1
outer loop
vertex 173.05 -169 1.2
vertex 125.95 -156.95 1.2
vertex 112.05 -156.95 1.2
endloop
endfacet
facet normal 0 0 1
outer loop
vertex 173.05 -169 1.2
vertex 112.05 -156.95 1.2
vertex 106.94999999999999 -156.95 1.2
endloop
endfacet
facet normal 0 0 1
outer loop
vertex 173.05 -169 1.2
vertex 106.94999999999999 -156.95 1.2
vertex 93.05 -156.95 1.2
endloop
endfacet
facet normal 0 0 1
outer loop
vertex 173.05 -169 1.2
vertex 93.05 -156.95 1.2
vertex 87.47499715670385 -156.95 1.2
endloop
endfacet
facet normal 0 0 1
outer loop
vertex 173.05 -169 1.2
vertex 87.47499715670385 -156.95 1.2
vertex 87.47499704999998 -159.7927633999998 1.2
endloop
endfacet
facet normal 0 0 1
outer loop
vertex 173.05 -169 1.2
vertex 87.47499704999998 -159.7927633999998 1.2
vertex 87.51237198505883 -160.2648227359683 1.2
endloop
endfacet
facet normal 0 0 1
outer loop
vertex 173.05 -169 1.2
vertex 87.51237198505883 -160.2648227359683 1.2
vertex 87.62356134985798 -160.72512027843504 1.2
endloop
endfacet
facet normal 0 0 1
outer loop
vertex 173.05 -169 1.2
vertex 87.62356134985798 -160.72512027843504 1.2
vertex 87.80579483787002 -161.16218761683106 1.2
endloop
endfacet
facet normal 0 0 1
outer loop
vertex 173.05 -169 1.2
vertex 87.80579483787002 -161.16218761683106 1.2
vertex 88.05453206321988 -161.5651351260311 1.2
endloop
endfacet
facet normal 0 0 1
outer loop
vertex 173.05 -169 1.2
vertex 88.05453206321988 -161.5651351260311 1.2
vertex 88.36357568535941 -161.9239232836677 1.2
endloop
endfacet
facet normal 0 0 1
outer loop
vertex 173.05 -169 1.2
vertex 88.36357568535941 -161.9239232836677 1.2
vertex 88.72522581711674 -162.22961280695188 1.2
endloop
endfacet
facet normal 0 0 1
outer loop
vertex 173.05 -169 1.2
vertex 88.72522581711674 -162.22961280695188 1.2
vertex 89.13047186901137 -162.4745873767926 1.2
endloop
endfacet
facet normal 0 0 1
outer loop
vertex 173.05 -169 1.2
vertex 89.13047186901137 -162.4745873767926 1.2
vertex 89.56921410000052 -162.65274680000016 1.2
endloop
endfacet
facet normal 0 0 1
outer loop
vertex 173.05 -169 1.2
vertex 89.56921410000052 -162.65274680000016 1.2
vertex 109.61047221104293 -169 1.2
endloop
endfacet
facet normal 0 0 1
outer loop
vertex 173.05 -156.95 1.2
vertex 173.05 -155.1 1.2
vertex 125.95 -155.1 1.2
endloop
endfacet
facet normal 0 0 1
outer loop
vertex 173.05 -156.95 1.2
vertex 125.95 -155.1 1.2
vertex 125.95 -156.95 1.2
endloop
endfacet
facet normal 0 0 1
outer loop
vertex 199.9425154 -158.5947314 1.2
vertex 212.9127113208696 -158.5947314 1.2
vertex 214.9303954207563 -155.1 1.2
endloop
endfacet
facet normal 0 0 1
outer loop
vertex 199.9425154 -158.5947314 1.2
vertex 214.9303954207563 -155.1 1.2
vertex 186.95 -155.1 1.2
endloop
endfacet
facet normal 0 0 1
outer loop
vertex 199.9425154 -158.5947314 1.2
vertex 186.95 -155.1 1.2
vertex 186.95 -158.5947314 1.2
endloop
endfacet
facet normal 0 0 1
outer loop
vertex 237.9825351404676 -165.542515370092 1.2
vertex 252.22994081750664 -165.542515370092 1.2
vertex 249.42477824151757 -154.2136425 1.2
endloop
endfacet
facet normal 0 0 1
outer loop
vertex 237.9825351404676 -165.542515370092 1.2
vertex 249.42477824151757 -154.2136425 1.2
vertex 231.49247170000004 -154.2136425 1.2
endloop
endfacet
facet normal 0 0 1
outer loop
vertex 237.9825351404676 -165.542515370092 1.2
vertex 231.49247170000004 -154.2136425 1.2
vertex 224.95174394632426 -165.542515370092 1.2
endloop
endfacet
facet normal 0 0 1
outer loop
vertex 173.05 -155.1 1.2
vertex 186.95 -155.1 1.2
vertex 214.9303954207563 -155.1 1.2
endloop
endfacet
facet normal 0 0 1
outer loop
vertex 173.05 -155.1 1.2
vertex 214.9303954207563 -155.1 1.2
vertex 215.92632462787776 -153.375 1.2
endloop
endfacet
facet normal 0 0 1
outer loop
vertex 173.05 -155.1 1.2
vertex 215.92632462787776 -153.375 1.2
vertex 166.47499999999994 -153.375 1.2
endloop
endfacet
facet normal 0 0 1
outer loop
vertex 173.05 -155.1 1.2
vertex 166.47499999999994 -153.375 1.2
vertex 125.95 -153.375 1.2
endloop
endfacet
facet normal 0 0 1
outer loop
vertex 173.05 -155.1 1.2
vertex 125.95 -153.375 1.2
vertex 125.95 -155.1 1.2
endloop
endfacet
facet normal 0 0 1
outer loop
vertex 166.47499999999994 -153.375 1.2
vertex 166.30917322628625 -153.35866748834275 1.2
vertex 125.95 -153.35866748834275 1.2
endloop
endfacet
facet normal 0 0 1
outer loop
vertex 166.47499999999994 -153.375 1.2
vertex 125.95 -153.35866748834275 1.2
vertex 125.95 -153.375 1.2
endloop
endfacet
facet normal 0 0 1
outer loop
vertex 215.92632462787776 -153.375 1.2
vertex 215.93575420781116 -153.35866748834275 1.2
vertex 166.64082677371357 -153.35866748834275 1.2
endloop
endfacet
facet normal 0 0 1
outer loop
vertex 215.92632462787776 -153.375 1.2
vertex 166.64082677371357 -153.35866748834275 1.2
vertex 166.47499999999994 -153.375 1.2
endloop
endfacet
facet normal 0 0 1
outer loop
vertex 166.30917322628625 -153.35866748834275 1.2
vertex 166.14971908248955 -153.31029760263456 1.2
vertex 125.95 -153.31029760263456 1.2
endloop
endfacet
facet normal 0 0 1
outer loop
vertex 166.30917322628625 -153.35866748834275 1.2
vertex 125.95 -153.31029760263456 1.2
vertex 125.95 -153.35866748834275 1.2
endloop
endfacet
facet normal 0 0 1
outer loop
vertex 215.93575420781116 -153.35866748834275 1.2
vertex 215.9636805741427 -153.31029760263456 1.2
vertex 166.80028091751052 -153.31029760263456 1.2
endloop
endfacet
facet normal 0 0 1
outer loop
vertex 215.93575420781116 -153.35866748834275 1.2
vertex 166.80028091751052 -153.31029760263456 1.2
vertex 166.64082677371357 -153.35866748834275 1.2
endloop
endfacet
facet normal 0 0 1
outer loop
vertex 166.14971908248955 -153.31029760263456 1.2
vertex 166.00276530193335 -153.2317491704572 1.2
vertex 125.95 -153.2317491704572 1.2
endloop
endfacet
facet normal 0 0 1
outer loop
vertex 166.14971908248955 -153.31029760263456 1.2
vertex 125.95 -153.2317491704572 1.2
vertex 125.95 -153.31029760263456 1.2
endloop
endfacet
facet normal 0 0 1
outer loop
vertex 215.9636805741427 -153.31029760263456 1.2
vertex 216.0090305322755 -153.2317491704572 1.2
vertex 166.94723469806647 -153.2317491704572 1.2
endloop
endfacet
facet normal 0 0 1
outer loop
vertex 215.9636805741427 -153.31029760263456 1.2
vertex 166.94723469806647 -153.2317491704572 1.2
vertex 166.80028091751052 -153.31029760263456 1.2
endloop
endfacet
facet normal 0 0 1
outer loop
vertex 166.00276530193335 -153.2317491704572 1.2
vertex 165.8739592359914 -153.12604076400854 1.2
vertex 125.95 -153.12604076400854 1.2
endloop
endfacet
facet normal 0 0 1
outer loop
vertex 166.00276530193335 -153.2317491704572 1.2
vertex 125.95 -153.12604076400854 1.2
vertex 125.95 -153.2317491704572 1.2
endloop
endfacet
facet normal 0 0 1
outer loop
vertex 216.0090305322755 -153.2317491704572 1.2
vertex 216.07006130875112 -153.12604076400854 1.2
vertex 167.07604076400864 -153.12604076400854 1.2
endloop
endfacet
facet normal 0 0 1
outer loop
vertex 216.0090305322755 -153.2317491704572 1.2
vertex 167.07604076400864 -153.12604076400854 1.2
vertex 166.94723469806647 -153.2317491704572 1.2
endloop
endfacet
facet normal 0 0 1
outer loop
vertex 165.8739592359914 -153.12604076400854 1.2
vertex 165.7682508295428 -152.99723469806665 1.2
vertex 125.95 -152.99723469806665 1.2
endloop
endfacet
facet normal 0 0 1
outer loop
vertex 165.8739592359914 -153.12604076400854 1.2
vertex 125.95 -152.99723469806665 1.2
vertex 125.95 -153.12604076400854 1.2
endloop
endfacet
facet normal 0 0 1
outer loop
vertex 216.07006130875112 -153.12604076400854 1.2
vertex 216.14442752505602 -152.99723469806665 1.2
vertex 167.18174917045718 -152.99723469806665 1.2
endloop
endfacet
facet normal 0 0 1
outer loop
vertex 216.07006130875112 -153.12604076400854 1.2
vertex 167.18174917045718 -152.99723469806665 1.2
vertex 167.07604076400864 -153.12604076400854 1.2
endloop
endfacet
facet normal 0 0 1
outer loop
vertex 165.7682508295428 -152.99723469806665 1.2
vertex 165.6897023973654 -152.85028091751036 1.2
vertex 125.95 -152.85028091751036 1.2
endloop
endfacet
facet normal 0 0 1
outer loop
vertex 165.7682508295428 -152.99723469806665 1.2
vertex 125.95 -152.85028091751036 1.2
vertex 125.95 -152.99723469806665 1.2
endloop
endfacet
facet normal 0 0 1
outer loop
vertex 216.14442752505602 -152.99723469806665 1.2
vertex 216.22927132920265 -152.85028091751036 1.2
vertex 167.2602976026346 -152.85028091751036 1.2
endloop
endfacet
facet normal 0 0 1
outer loop
vertex 216.14442752505602 -152.99723469806665 1.2
vertex 167.2602976026346 -152.85028091751036 1.2
vertex 167.18174917045718 -152.99723469806665 1.2
endloop
endfacet
facet normal 0 0 1
outer loop
vertex 165.6897023973654 -152.85028091751036 1.2
vertex 165.64133251165725 -152.69082677371372 1.2
vertex 125.95 -152.69082677371372 1.2
endloop
endfacet
facet normal 0 0 1
outer loop
vertex 165.6897023973654 -152.85028091751036 1.2
vertex 125.95 -152.69082677371372 1.2
vertex 125.95 -152.85028091751036 1.2
endloop
endfacet
facet normal 0 0 1
outer loop
vertex 216.22927132920265 -152.85028091751036 1.2
vertex 216.32133222137867 -152.69082677371372 1.2
vertex 167.3086674883427 -152.69082677371372 1.2
endloop
endfacet
facet normal 0 0 1
outer loop
vertex 216.22927132920265 -152.85028091751036 1.2
vertex 167.3086674883427 -152.69082677371372 1.2
vertex 167.2602976026346 -152.85028091751036 1.2
endloop
endfacet
facet normal 0 0 1
outer loop
vertex 165.64133251165725 -152.69082677371372 1.2
vertex 165.625 -152.52499999999995 1.2
vertex 125.95 -152.52499999999995 1.2
endloop
endfacet
facet normal 0 0 1
outer loop
vertex 165.64133251165725 -152.69082677371372 1.2
vertex 125.95 -152.52499999999995 1.2
vertex 125.95 -152.69082677371372 1.2
endloop
endfacet
facet normal 0 0 1
outer loop
vertex 216.32133222137867 -152.69082677371372 1.2
vertex 216.41707235312606 -152.52499999999995 1.2
vertex 167.325 -152.52499999999995 1.2
endloop
endfacet
facet normal 0 0 1
outer loop
vertex 216.32133222137867 -152.69082677371372 1.2
vertex 167.325 -152.52499999999995 1.2
vertex 167.3086674883427 -152.69082677371372 1.2
endloop
endfacet
facet normal 0 0 1
outer loop
vertex 165.625 -152.52499999999995 1.2
vertex 165.64133251165728 -152.3591732262863 1.2
vertex 125.95 -152.3591732262863 1.2
endloop
endfacet
facet normal 0 0 1
outer loop
vertex 165.625 -152.52499999999995 1.2
vertex 125.95 -152.3591732262863 1.2
vertex 125.95 -152.52499999999995 1.2
endloop
endfacet
facet normal 0 0 1
outer loop
vertex 216.41707235312606 -152.52499999999995 1.2
vertex 216.5128124848734 -152.3591732262863 1.2
vertex 167.30866748834273 -152.3591732262863 1.2
endloop
endfacet
facet normal 0 0 1
outer loop
vertex 216.41707235312606 -152.52499999999995 1.2
vertex 167.30866748834273 -152.3591732262863 1.2
vertex 167.325 -152.52499999999995 1.2
endloop
endfacet
facet normal 0 0 1
outer loop
vertex 165.64133251165728 -152.3591732262863 1.2
vertex 165.68970239736544 -152.1997190824897 1.2
vertex 125.95 -152.1997190824897 1.2
endloop
endfacet
facet normal 0 0 1
outer loop
vertex 165.64133251165728 -152.3591732262863 1.2
vertex 125.95 -152.1997190824897 1.2
vertex 125.95 -152.3591732262863 1.2
endloop
endfacet
facet normal 0 0 1
outer loop
vertex 216.5128124848734 -152.3591732262863 1.2
vertex 216.6048733770494 -152.1997190824897 1.2
vertex 167.26029760263458 -152.1997190824897 1.2
endloop
endfacet
facet normal 0 0 1
outer loop
vertex 216.5128124848734 -152.3591732262863 1.2
vertex 167.26029760263458 -152.1997190824897 1.2
vertex 167.30866748834273 -152.3591732262863 1.2
endloop
endfacet
facet normal 0 0 1
outer loop
vertex 165.68970239736544 -152.1997190824897 1.2
vertex 165.7682508295428 -152.05276530193328 1.2
vertex 125.95 -152.05276530193328 1.2
endloop
endfacet
facet normal 0 0 1
outer loop
vertex 165.68970239736544 -152.1997190824897 1.2
vertex 125.95 -152.05276530193328 1.2
vertex 125.95 -152.1997190824897 1.2
endloop
endfacet
facet normal 0 0 1
outer loop
vertex 216.6048733770494 -152.1997190824897 1.2
vertex 216.6897171811961 -152.05276530193328 1.2
vertex 167.1817491704571 -152.05276530193328 1.2
endloop
endfacet
facet normal 0 0 1
outer loop
vertex 216.6048733770494 -152.1997190824897 1.2
vertex 167.1817491704571 -152.05276530193328 1.2
vertex 167.26029760263458 -152.1997190824897 1.2
endloop
endfacet
facet normal 0 0 1
outer loop
vertex 165.7682508295428 -152.05276530193328 1.2
vertex 165.87395923599135 -151.9239592359914 1.2
vertex 125.95 -151.9239592359914 1.2
endloop
endfacet
facet normal 0 0 1
outer loop
vertex 165.7682508295428 -152.05276530193328 1.2
vertex 125.95 -151.9239592359914 1.2
vertex 125.95 -152.05276530193328 1.2
endloop
endfacet
facet normal 0 0 1
outer loop
vertex 216.6897171811961 -152.05276530193328 1.2
vertex 216.764083397501 -151.9239592359914 1.2
vertex 167.0760407640085 -151.9239592359914 1.2
endloop
endfacet
facet normal 0 0 1
outer loop
vertex 216.6897171811961 -152.05276530193328 1.2
vertex 167.0760407640085 -151.9239592359914 1.2
vertex 167.1817491704571 -152.05276530193328 1.2
endloop
endfacet
facet normal 0 0 1
outer loop
vertex 165.87395923599135 -151.9239592359914 1.2
vertex 166.00276530193338 -151.81825082954288 1.2
vertex 125.95 -151.81825082954288 1.2
endloop
endfacet
facet normal 0 0 1
outer loop
vertex 165.87395923599135 -151.9239592359914 1.2
vertex 125.95 -151.81825082954288 1.2
vertex 125.95 -151.9239592359914 1.2
endloop
endfacet
facet normal 0 0 1
outer loop
vertex 216.764083397501 -151.9239592359914 1.2
vertex 216.82511417397654 -151.81825082954288 1.2
vertex 166.94723469806672 -151.81825082954288 1.2
endloop
endfacet
facet normal 0 0 1
outer loop
vertex 216.764083397501 -151.9239592359914 1.2
vertex 166.94723469806672 -151.81825082954288 1.2
vertex 167.0760407640085 -151.9239592359914 1.2
endloop
endfacet
facet normal 0 0 1
outer loop
vertex 166.00276530193338 -151.81825082954288 1.2
vertex 166.14971908248947 -151.73970239736548 1.2
vertex 125.95 -151.73970239736548 1.2
endloop
endfacet
facet normal 0 0 1
outer loop
vertex 166.00276530193338 -151.81825082954288 1.2
vertex 125.95 -151.73970239736548 1.2
vertex 125.95 -151.81825082954288 1.2
endloop
endfacet
facet normal 0 0 1
outer loop
vertex 216.82511417397654 -151.81825082954288 1.2
vertex 216.87046413210933 -151.73970239736548 1.2
vertex 166.80028091751043 -151.73970239736548 1.2
endloop
endfacet
facet normal 0 0 1
outer loop
vertex 216.82511417397654 -151.81825082954288 1.2
vertex 166.80028091751043 -151.73970239736548 1.2
vertex 166.94723469806672 -151.81825082954288 1.2
endloop
endfacet
facet normal 0 0 1
outer loop
vertex 166.14971908248947 -151.73970239736548 1.2
vertex 166.30917322628642 -151.6913325116572 1.2
vertex 125.95 -151.6913325116572 1.2
endloop
endfacet
facet normal 0 0 1
outer loop
vertex 166.14971908248947 -151.73970239736548 1.2
vertex 125.95 -151.6913325116572 1.2
vertex 125.95 -151.73970239736548 1.2
endloop
endfacet
facet normal 0 0 1
outer loop
vertex 216.87046413210933 -151.73970239736548 1.2
vertex 216.89839049844093 -151.6913325116572 1.2
vertex 166.64082677371346 -151.6913325116572 1.2
endloop
endfacet
facet normal 0 0 1
outer loop
vertex 216.87046413210933 -151.73970239736548 1.2
vertex 166.64082677371346 -151.6913325116572 1.2
vertex 166.80028091751043 -151.73970239736548 1.2
endloop
endfacet
facet normal 0 0 1
outer loop
vertex 166.30917322628642 -151.6913325116572 1.2
vertex 166.47500000000005 -151.67499999999998 1.2
vertex 125.95 -151.67499999999998 1.2
endloop
endfacet
facet normal 0 0 1
outer loop
vertex 166.30917322628642 -151.6913325116572 1.2
vertex 125.95 -151.67499999999998 1.2
vertex 125.95 -151.6913325116572 1.2
endloop
endfacet
facet normal 0 0 1
outer loop
vertex 216.89839049844093 -151.6913325116572 1.2
vertex 216.9078200783743 -151.67499999999998 1.2
vertex 166.47500000000005 -151.67499999999998 1.2
endloop
endfacet
facet normal 0 0 1
outer loop
vertex 216.89839049844093 -151.6913325116572 1.2
vertex 166.47500000000005 -151.67499999999998 1.2
vertex 166.64082677371346 -151.6913325116572 1.2
endloop
endfacet
facet normal 0 0 1
outer loop
vertex 166.47500000000005 -151.67499999999998 1.2
vertex 216.9078200783743 -151.67499999999998 1.2
vertex 217.9037492854958 -149.95 1.2
endloop
endfacet
facet normal 0 0 1
outer loop
vertex 166.47500000000005 -151.67499999999998 1.2
vertex 217.9037492854958 -149.95 1.2
vertex 201.95 -149.95 1.2
endloop
endfacet
facet normal 0 0 1
outer loop
vertex 166.47500000000005 -151.67499999999998 1.2
vertex 201.95 -149.95 1.2
vertex 188.05 -149.95 1.2
endloop
endfacet
facet normal 0 0 1
outer loop
vertex 166.47500000000005 -151.67499999999998 1.2
vertex 188.05 -149.95 1.2
vertex 182.95 -149.95 1.2
endloop
endfacet
facet normal 0 0 1
outer loop
vertex 166.47500000000005 -151.67499999999998 1.2
vertex 182.95 -149.95 1.2
vertex 169.05 -149.95 1.2
endloop
endfacet
facet normal 0 0 1
outer loop
vertex 166.47500000000005 -151.67499999999998 1.2
vertex 169.05 -149.95 1.2
vertex 144.95 -149.95 1.2
endloop
endfacet
facet normal 0 0 1
outer loop
vertex 166.47500000000005 -151.67499999999998 1.2
vertex 144.95 -149.95 1.2
vertex 131.05 -149.95 1.2
endloop
endfacet
facet normal 0 0 1
outer loop
vertex 166.47500000000005 -151.67499999999998 1.2
vertex 131.05 -149.95 1.2
vertex 125.95 -149.95 1.2
endloop
endfacet
facet normal 0 0 1
outer loop
vertex 166.47500000000005 -151.67499999999998 1.2
vertex 125.95 -149.95 1.2
vertex 125.95 -151.67499999999998 1.2
endloop
endfacet
facet normal 0 0 1
outer loop
vertex 217.9037492854958 -149.95 1.2
vertex 219.45471850000004 -147.26364250000003 1.2
vertex 201.95 -147.26364250000003 1.2
endloop
endfacet
facet normal 0 0 1
outer loop
vertex 217.9037492854958 -149.95 1.2
vertex 201.95 -147.26364250000003 1.2
vertex 201.95 -149.95 1.2
endloop
endfacet
facet normal 0 0 1
outer loop
vertex 249.42477824151757 -154.2136425 1.2
vertex 247.70387624829345 -147.26364250000003 1.2
vertex 219.45471850000004 -147.26364250000003 1.2
endloop
endfacet
facet normal 0 0 1
outer loop
vertex 249.42477824151757 -154.2136425 1.2
vertex 219.45471850000004 -147.26364250000003 1.2
vertex 231.49247170000004 -154.2136425 1.2
endloop
endfacet
facet normal 0 0 1
outer loop
vertex 93.05 -156.95 1.2
vertex 93.05 -143.05 1.2
vertex 87.474997678444 -143.05 1.2
endloop
endfacet
facet normal 0 0 1
outer loop
vertex 93.05 -156.95 1.2
vertex 87.474997678444 -143.05 1.2
vertex 87.47499715670385 -156.95 1.2
endloop
endfacet
facet normal 0 0 1
outer loop
vertex 112.05 -156.95 1.2
vertex 112.05 -143.05 1.2
vertex 106.94999999999999 -143.05 1.2
endloop
endfacet
facet normal 0 0 1
outer loop
vertex 112.05 -156.95 1.2
vertex 106.94999999999999 -143.05 1.2
vertex 106.94999999999999 -156.95 1.2
endloop
endfacet
facet normal 0 0 1
outer loop
vertex 131.05 -149.95 1.2
vertex 131.05 -143.05 1.2
vertex 125.95 -143.05 1.2
endloop
endfacet
facet normal 0 0 1
outer loop
vertex 131.05 -149.95 1.2
vertex 125.95 -143.05 1.2
vertex 125.95 -149.95 1.2
endloop
endfacet
facet normal 0 0 1
outer loop
vertex 169.05 -149.95 1.2
vertex 169.05 -142.95 1.2
vertex 163.95 -142.95 1.2
endloop
endfacet
facet normal 0 0 1
outer loop
vertex 169.05 -149.95 1.2
vertex 163.95 -142.95 1.2
vertex 150.05 -142.95 1.2
endloop
endfacet
facet normal 0 0 1
outer loop
vertex 169.05 -149.95 1.2
vertex 150.05 -142.95 1.2
vertex 144.95 -142.95 1.2
endloop
endfacet
facet normal 0 0 1
outer loop
vertex 169.05 -149.95 1.2
vertex 144.95 -142.95 1.2
vertex 144.95 -149.95 1.2
endloop
endfacet
facet normal 0 0 1
outer loop
vertex 93.05 -143.05 1.2
vertex 106.94999999999999 -143.05 1.2
vertex 112.05 -143.05 1.2
endloop
endfacet
facet normal 0 0 1
outer loop
vertex 93.05 -143.05 1.2
vertex 112.05 -143.05 1.2
vertex 125.95 -143.05 1.2
endloop
endfacet
facet normal 0 0 1
outer loop
vertex 93.05 -143.05 1.2
vertex 125.95 -143.05 1.2
vertex 131.05 -143.05 1.2
endloop
endfacet
facet normal 0 0 1
outer loop
vertex 93.05 -143.05 1.2
vertex 131.05 -143.05 1.2
vertex 131.05 -141.325 1.2
endloop
endfacet
facet normal 0 0 1
outer loop
vertex 93.05 -143.05 1.2
vertex 131.05 -141.325 1.2
vertex 109.5249999999998 -141.325 1.2
endloop
endfacet
facet normal 0 0 1
outer loop
vertex 93.05 -143.05 1.2
vertex 109.5249999999998 -141.325 1.2
vertex 87.47499774319233 -141.325 1.2
endloop
endfacet
facet normal 0 0 1
outer loop
vertex 93.05 -143.05 1.2
vertex 87.47499774319233 -141.325 1.2
vertex 87.474997678444 -143.05 1.2
endloop
endfacet
facet normal 0 0 1
outer loop
vertex 109.5249999999998 -141.325 1.2
vertex 109.35917322628636 -141.30866748834276 1.2
vertex 87.47499774380537 -141.30866748834276 1.2
endloop
endfacet
facet normal 0 0 1
outer loop
vertex 109.5249999999998 -141.325 1.2
vertex 87.47499774380537 -141.30866748834276 1.2
vertex 87.47499774319233 -141.325 1.2
endloop
endfacet
facet normal 0 0 1
outer loop
vertex 131.05 -141.325 1.2
vertex 131.05 -141.30866748834276 1.2
vertex 109.69082677371328 -141.30866748834276 1.2
endloop
endfacet
facet normal 0 0 1
outer loop
vertex 131.05 -141.325 1.2
vertex 109.69082677371328 -141.30866748834276 1.2
vertex 109.5249999999998 -141.325 1.2
endloop
endfacet
facet normal 0 0 1
outer loop
vertex 109.35917322628636 -141.30866748834276 1.2
vertex 109.19971908248974 -141.2602976026346 1.2
vertex 87.47499774562095 -141.2602976026346 1.2
endloop
endfacet
facet normal 0 0 1
outer loop
vertex 109.35917322628636 -141.30866748834276 1.2
vertex 87.47499774562095 -141.2602976026346 1.2
vertex 87.47499774380537 -141.30866748834276 1.2
endloop
endfacet
facet normal 0 0 1
outer loop
vertex 131.05 -141.30866748834276 1.2
vertex 131.05 -141.2602976026346 1.2
vertex 109.85028091751042 -141.2602976026346 1.2
endloop
endfacet
facet normal 0 0 1
outer loop
vertex 131.05 -141.30866748834276 1.2
vertex 109.85028091751042 -141.2602976026346 1.2
vertex 109.69082677371328 -141.30866748834276 1.2
endloop
endfacet
facet normal 0 0 1
outer loop
vertex 109.19971908248974 -141.2602976026346 1.2
vertex 109.05276530193345 -141.1817491704572 1.2
vertex 87.47499774856928 -141.1817491704572 1.2
endloop
endfacet
facet normal 0 0 1
outer loop
vertex 109.19971908248974 -141.2602976026346 1.2
vertex 87.47499774856928 -141.1817491704572 1.2
vertex 87.47499774562095 -141.2602976026346 1.2
endloop
endfacet
facet normal 0 0 1
outer loop
vertex 131.05 -141.2602976026346 1.2
vertex 131.05 -141.1817491704572 1.2
vertex 109.99723469806658 -141.1817491704572 1.2
endloop
endfacet
facet normal 0 0 1
outer loop
vertex 131.05 -141.2602976026346 1.2
vertex 109.99723469806658 -141.1817491704572 1.2
vertex 109.85028091751042 -141.2602976026346 1.2
endloop
endfacet
facet normal 0 0 1
outer loop
vertex 109.05276530193345 -141.1817491704572 1.2
vertex 108.92395923599143 -141.07604076400852 1.2
vertex 87.47499775253708 -141.07604076400852 1.2
endloop
endfacet
facet normal 0 0 1
outer loop
vertex 109.05276530193345 -141.1817491704572 1.2
vertex 87.47499775253708 -141.07604076400852 1.2
vertex 87.47499774856928 -141.1817491704572 1.2
endloop
endfacet
facet normal 0 0 1
outer loop
vertex 131.05 -141.1817491704572 1.2
vertex 131.05 -141.07604076400852 1.2
vertex 110.1260407640085 -141.07604076400852 1.2
endloop
endfacet
facet normal 0 0 1
outer loop
vertex 131.05 -141.1817491704572 1.2
vertex 110.1260407640085 -141.07604076400852 1.2
vertex 109.99723469806658 -141.1817491704572 1.2
endloop
endfacet
facet normal 0 0 1
outer loop
vertex 219.45471850000004 -147.26364250000003 1.2
vertex 247.70387624829345 -147.26364250000003 1.2
vertex 246.14054387955179 -140.95 1.2
endloop
endfacet
facet normal 0 0 1
outer loop
vertex 219.45471850000004 -147.26364250000003 1.2
vertex 246.14054387955179 -140.95 1.2
vertex 220.95 -140.95 1.2
endloop
endfacet
facet normal 0 0 1
outer loop
vertex 219.45471850000004 -147.26364250000003 1.2
vertex 220.95 -140.95 1.2
vertex 207.05 -140.95 1.2
endloop
endfacet
facet normal 0 0 1
outer loop
vertex 219.45471850000004 -147.26364250000003 1.2
vertex 207.05 -140.95 1.2
vertex 201.95 -140.95 1.2
endloop
endfacet
facet normal 0 0 1
outer loop
vertex 219.45471850000004 -147.26364250000003 1.2
vertex 201.95 -140.95 1.2
vertex 201.95 -147.26364250000003 1.2
endloop
endfacet
facet normal 0 0 1
outer loop
vertex 108.92395923599143 -141.07604076400852 1.2
vertex 108.81825082954279 -140.94723469806658 1.2
vertex 87.47499775737185 -140.94723469806658 1.2
endloop
endfacet
facet normal 0 0 1
outer loop
vertex 108.92395923599143 -141.07604076400852 1.2
vertex 87.47499775737185 -140.94723469806658 1.2
vertex 87.47499775253708 -141.07604076400852 1.2
endloop
endfacet
facet normal 0 0 1
outer loop
vertex 131.05 -141.07604076400852 1.2
vertex 131.05 -140.94723469806658 1.2
vertex 110.23174917045726 -140.94723469806658 1.2
endloop
endfacet
facet normal 0 0 1
outer loop
vertex 131.05 -141.07604076400852 1.2
vertex 110.23174917045726 -140.94723469806658 1.2
vertex 110.1260407640085 -141.07604076400852 1.2
endloop
endfacet
facet normal 0 0 1
outer loop
vertex 108.81825082954279 -140.94723469806658 1.2
vertex 108.73970239736538 -140.8002809175103 1.2
vertex 87.4749977628878 -140.8002809175103 1.2
endloop
endfacet
facet normal 0 0 1
outer loop
vertex 108.81825082954279 -140.94723469806658 1.2
vertex 87.4749977628878 -140.8002809175103 1.2
vertex 87.47499775737185 -140.94723469806658 1.2
endloop
endfacet
facet normal 0 0 1
outer loop
vertex 131.05 -140.94723469806658 1.2
vertex 131.05 -140.8002809175103 1.2
vertex 110.31029760263465 -140.8002809175103 1.2
endloop
endfacet
facet normal 0 0 1
outer loop
vertex 131.05 -140.94723469806658 1.2
vertex 110.31029760263465 -140.8002809175103 1.2
vertex 110.23174917045726 -140.94723469806658 1.2
endloop
endfacet
facet normal 0 0 1
outer loop
vertex 108.73970239736538 -140.8002809175103 1.2
vertex 108.69133251165727 -140.64082677371377 1.2
vertex 87.47499776887295 -140.64082677371377 1.2
endloop
endfacet
facet normal 0 0 1
outer loop
vertex 108.73970239736538 -140.8002809175103 1.2
vertex 87.47499776887295 -140.64082677371377 1.2
vertex 87.4749977628878 -140.8002809175103 1.2
endloop
endfacet
facet normal 0 0 1
outer loop
vertex 131.05 -140.8002809175103 1.2
vertex 131.05 -140.64082677371377 1.2
vertex 110.35866748834277 -140.64082677371377 1.2
endloop
endfacet
facet normal 0 0 1
outer loop
vertex 131.05 -140.8002809175103 1.2
vertex 110.35866748834277 -140.64082677371377 1.2
vertex 110.31029760263465 -140.8002809175103 1.2
endloop
endfacet
facet normal 0 0 1
outer loop
vertex 108.69133251165727 -140.64082677371377 1.2
vertex 108.67500000000001 -140.47500000000002 1.2
vertex 87.4749977750973 -140.47500000000002 1.2
endloop
endfacet
facet normal 0 0 1
outer loop
vertex 108.69133251165727 -140.64082677371377 1.2
vertex 87.4749977750973 -140.47500000000002 1.2
vertex 87.47499776887295 -140.64082677371377 1.2
endloop
endfacet
facet normal 0 0 1
outer loop
vertex 131.05 -140.64082677371377 1.2
vertex 131.05 -140.47500000000002 1.2
vertex 110.375 -140.47500000000002 1.2
endloop
endfacet
facet normal 0 0 1
outer loop
vertex 131.05 -140.64082677371377 1.2
vertex 110.375 -140.47500000000002 1.2
vertex 110.35866748834277 -140.64082677371377 1.2
endloop
endfacet
facet normal 0 0 1
outer loop
vertex 108.67500000000001 -140.47500000000002 1.2
vertex 108.69133251165725 -140.30917322628625 1.2
vertex 87.47499778132165 -140.30917322628625 1.2
endloop
endfacet
facet normal 0 0 1
outer loop
vertex 108.67500000000001 -140.47500000000002 1.2
vertex 87.47499778132165 -140.30917322628625 1.2
vertex 87.4749977750973 -140.47500000000002 1.2
endloop
endfacet
facet normal 0 0 1
outer loop
vertex 131.05 -140.47500000000002 1.2
vertex 131.05 -140.30917322628625 1.2
vertex 110.35866748834275 -140.30917322628625 1.2
endloop
endfacet
facet normal 0 0 1
outer loop
vertex 131.05 -140.47500000000002 1.2
vertex 110.35866748834275 -140.30917322628625 1.2
vertex 110.375 -140.47500000000002 1.2
endloop
endfacet
facet normal 0 0 1
outer loop
vertex 108.69133251165725 -140.30917322628625 1.2
vertex 108.73970239736543 -140.14971908248972 1.2
vertex 87.4749977873068 -140.14971908248972 1.2
endloop
endfacet
facet normal 0 0 1
outer loop
vertex 108.69133251165725 -140.30917322628625 1.2
vertex 87.4749977873068 -140.14971908248972 1.2
vertex 87.47499778132165 -140.30917322628625 1.2
endloop
endfacet
facet normal 0 0 1
outer loop
vertex 131.05 -140.30917322628625 1.2
vertex 131.05 -140.14971908248972 1.2
vertex 110.31029760263463 -140.14971908248972 1.2
endloop
endfacet
facet normal 0 0 1
outer loop
vertex 131.05 -140.30917322628625 1.2
vertex 110.31029760263463 -140.14971908248972 1.2
vertex 110.35866748834275 -140.30917322628625 1.2
endloop
endfacet
facet normal 0 0 1
outer loop
vertex 108.73970239736543 -140.14971908248972 1.2
vertex 108.81825082954288 -140.00276530193332 1.2
vertex 87.47499779282275 -140.00276530193332 1.2
endloop
endfacet
facet normal 0 0 1
outer loop
vertex 108.73970239736543 -140.14971908248972 1.2
vertex 87.47499779282275 -140.00276530193332 1.2
vertex 87.4749977873068 -140.14971908248972 1.2
endloop
endfacet
facet normal 0 0 1
outer loop
vertex 131.05 -140.14971908248972 1.2
vertex 131.05 -140.00276530193332 1.2
vertex 110.23174917045716 -140.00276530193332 1.2
endloop
endfacet
facet normal 0 0 1
outer loop
vertex 131.05 -140.14971908248972 1.2
vertex 110.23174917045716 -140.00276530193332 1.2
vertex 110.31029760263463 -140.14971908248972 1.2
endloop
endfacet
facet normal 0 0 1
outer loop
vertex 108.81825082954288 -140.00276530193332 1.2
vertex 108.92395923599148 -139.87395923599144 1.2
vertex 87.47499779765752 -139.87395923599144 1.2
endloop
endfacet
facet normal 0 0 1
outer loop
vertex 108.81825082954288 -140.00276530193332 1.2
vertex 87.47499779765752 -139.87395923599144 1.2
vertex 87.47499779282275 -140.00276530193332 1.2
endloop
endfacet
facet normal 0 0 1
outer loop
vertex 131.05 -140.00276530193332 1.2
vertex 131.05 -139.87395923599144 1.2
vertex 110.12604076400856 -139.87395923599144 1.2
endloop
endfacet
facet normal 0 0 1
outer loop
vertex 131.05 -140.00276530193332 1.2
vertex 110.12604076400856 -139.87395923599144 1.2
vertex 110.23174917045716 -140.00276530193332 1.2
endloop
endfacet
facet normal 0 0 1
outer loop
vertex 108.92395923599148 -139.87395923599144 1.2
vertex 109.05276530193343 -139.7682508295429 1.2
vertex 87.47499780162532 -139.7682508295429 1.2
endloop
endfacet
facet normal 0 0 1
outer loop
vertex 108.92395923599148 -139.87395923599144 1.2
vertex 87.47499780162532 -139.7682508295429 1.2
vertex 87.47499779765752 -139.87395923599144 1.2
endloop
endfacet
facet normal 0 0 1
outer loop
vertex 131.05 -139.87395923599144 1.2
vertex 131.05 -139.7682508295429 1.2
vertex 109.99723469806675 -139.7682508295429 1.2
endloop
endfacet
facet normal 0 0 1
outer loop
vertex 131.05 -139.87395923599144 1.2
vertex 109.99723469806675 -139.7682508295429 1.2
vertex 110.12604076400856 -139.87395923599144 1.2
endloop
endfacet
facet normal 0 0 1
outer loop
vertex 109.05276530193343 -139.7682508295429 1.2
vertex 109.19971908248982 -139.68970239736538 1.2
vertex 87.47499780457365 -139.68970239736538 1.2
endloop
endfacet
facet normal 0 0 1
outer loop
vertex 109.05276530193343 -139.7682508295429 1.2
vertex 87.47499780457365 -139.68970239736538 1.2
vertex 87.47499780162532 -139.7682508295429 1.2
endloop
endfacet
facet normal 0 0 1
outer loop
vertex 131.05 -139.7682508295429 1.2
vertex 131.05 -139.68970239736538 1.2
vertex 109.85028091751028 -139.68970239736538 1.2
endloop
endfacet
facet normal 0 0 1
outer loop
vertex 131.05 -139.7682508295429 1.2
vertex 109.85028091751028 -139.68970239736538 1.2
vertex 109.99723469806675 -139.7682508295429 1.2
endloop
endfacet
facet normal 0 0 1
outer loop
vertex 109.19971908248982 -139.68970239736538 1.2
vertex 109.35917322628629 -139.64133251165728 1.2
vertex 87.47499780638923 -139.64133251165728 1.2
endloop
endfacet
facet normal 0 0 1
outer loop
vertex 109.19971908248982 -139.68970239736538 1.2
vertex 87.47499780638923 -139.64133251165728 1.2
vertex 87.47499780457365 -139.68970239736538 1.2
endloop
endfacet
facet normal 0 0 1
outer loop
vertex 131.05 -139.68970239736538 1.2
vertex 131.05 -139.64133251165728 1.2
vertex 109.69082677371384 -139.64133251165728 1.2
endloop
endfacet
facet normal 0 0 1
outer loop
vertex 131.05 -139.68970239736538 1.2
vertex 109.69082677371384 -139.64133251165728 1.2
vertex 109.85028091751028 -139.68970239736538 1.2
endloop
endfacet
facet normal 0 0 1
outer loop
vertex 109.35917322628629 -139.64133251165728 1.2
vertex 109.52499999999978 -139.625 1.2
vertex 87.47499780700227 -139.625 1.2
endloop
endfacet
facet normal 0 0 1
outer loop
vertex 109.35917322628629 -139.64133251165728 1.2
vertex 87.47499780700227 -139.625 1.2
vertex 87.47499780638923 -139.64133251165728 1.2
endloop
endfacet
facet normal 0 0 1
outer loop
vertex 131.05 -139.64133251165728 1.2
vertex 131.05 -139.625 1.2
vertex 109.52499999999978 -139.625 1.2
endloop
endfacet
facet normal 0 0 1
outer loop
vertex 131.05 -139.64133251165728 1.2
vertex 109.52499999999978 -139.625 1.2
vertex 109.69082677371384 -139.64133251165728 1.2
endloop
endfacet
facet normal 0 0 1
outer loop
vertex 109.52499999999978 -139.625 1.2
vertex 131.05 -139.625 1.2
vertex 131.05 -137.95 1.2
endloop
endfacet
facet normal 0 0 1
outer loop
vertex 109.52499999999978 -139.625 1.2
vertex 131.05 -137.95 1.2
vertex 125.95 -137.95 1.2
endloop
endfacet
facet normal 0 0 1
outer loop
vertex 109.52499999999978 -139.625 1.2
vertex 125.95 -137.95 1.2
vertex 112.05 -137.95 1.2
endloop
endfacet
facet normal 0 0 1
outer loop
vertex 109.52499999999978 -139.625 1.2
vertex 112.05 -137.95 1.2
vertex 106.94999999999999 -137.95 1.2
endloop
endfacet
facet normal 0 0 1
outer loop
vertex 109.52499999999978 -139.625 1.2
vertex 106.94999999999999 -137.95 1.2
vertex 93.05 -137.95 1.2
endloop
endfacet
facet normal 0 0 1
outer loop
vertex 109.52499999999978 -139.625 1.2
vertex 93.05 -137.95 1.2
vertex 87.47499786987383 -137.95 1.2
endloop
endfacet
facet normal 0 0 1
outer loop
vertex 109.52499999999978 -139.625 1.2
vertex 87.47499786987383 -137.95 1.2
vertex 87.47499780700227 -139.625 1.2
endloop
endfacet
facet normal 0 0 1
outer loop
vertex 131.05 -137.95 1.2
vertex 131.05 -136.05 1.2
vertex 125.95 -136.05 1.2
endloop
endfacet
facet normal 0 0 1
outer loop
vertex 131.05 -137.95 1.2
vertex 125.95 -136.05 1.2
vertex 125.95 -137.95 1.2
endloop
endfacet
facet normal 0 0 1
outer loop
vertex 150.05 -142.95 1.2
vertex 150.05 -136.05 1.2
vertex 144.95 -136.05 1.2
endloop
endfacet
facet normal 0 0 1
outer loop
vertex 150.05 -142.95 1.2
vertex 144.95 -136.05 1.2
vertex 144.95 -142.95 1.2
endloop
endfacet
facet normal 0 0 1
outer loop
vertex 169.05 -142.95 1.2
vertex 169.05 -136.05 1.2
vertex 163.95 -136.05 1.2
endloop
endfacet
facet normal 0 0 1
outer loop
vertex 169.05 -142.95 1.2
vertex 163.95 -136.05 1.2
vertex 163.95 -142.95 1.2
endloop
endfacet
facet normal 0 0 1
outer loop
vertex 188.05 -149.95 1.2
vertex 188.05 -136.05 1.2
vertex 182.95 -136.05 1.2
endloop
endfacet
facet normal 0 0 1
outer loop
vertex 188.05 -149.95 1.2
vertex 182.95 -136.05 1.2
vertex 182.95 -149.95 1.2
endloop
endfacet
facet normal 0 0 1
outer loop
vertex 207.05 -140.95 1.2
vertex 207.05 -136.05 1.2
vertex 201.95 -136.05 1.2
endloop
endfacet
facet normal 0 0 1
outer loop
vertex 207.05 -140.95 1.2
vertex 201.95 -136.05 1.2
vertex 201.95 -140.95 1.2
endloop
endfacet
facet normal 0 0 1
outer loop
vertex 131.05 -136.05 1.2
vertex 144.95 -136.05 1.2
vertex 150.05 -136.05 1.2
endloop
endfacet
facet normal 0 0 1
outer loop
vertex 131.05 -136.05 1.2
vertex 150.05 -136.05 1.2
vertex 150.05 -130.95 1.2
endloop
endfacet
facet normal 0 0 1
outer loop
vertex 131.05 -136.05 1.2
vertex 150.05 -130.95 1.2
vertex 144.95 -130.95 1.2
endloop
endfacet
facet normal 0 0 1
outer loop
vertex 131.05 -136.05 1.2
vertex 144.95 -130.95 1.2
vertex 131.05 -130.95 1.2
endloop
endfacet
facet normal 0 0 1
outer loop
vertex 131.05 -136.05 1.2
vertex 131.05 -130.95 1.2
vertex 125.95 -130.95 1.2
endloop
endfacet
facet normal 0 0 1
outer loop
vertex 131.05 -136.05 1.2
vertex 125.95 -130.95 1.2
vertex 125.95 -136.05 1.2
endloop
endfacet
facet normal 0 0 1
outer loop
vertex 169.05 -136.05 1.2
vertex 182.95 -136.05 1.2
vertex 188.05 -136.05 1.2
endloop
endfacet
facet normal 0 0 1
outer loop
vertex 169.05 -136.05 1.2
vertex 188.05 -136.05 1.2
vertex 201.95 -136.05 1.2
endloop
endfacet
facet normal 0 0 1
outer loop
vertex 169.05 -136.05 1.2
vertex 201.95 -136.05 1.2
vertex 207.05 -136.05 1.2
endloop
endfacet
facet normal 0 0 1
outer loop
vertex 169.05 -136.05 1.2
vertex 207.05 -136.05 1.2
vertex 207.05 -130.95 1.2
endloop
endfacet
facet normal 0 0 1
outer loop
vertex 169.05 -136.05 1.2
vertex 207.05 -130.95 1.2
vertex 201.95 -130.95 1.2
endloop
endfacet
facet normal 0 0 1
outer loop
vertex 169.05 -136.05 1.2
vertex 201.95 -130.95 1.2
vertex 188.05 -130.95 1.2
endloop
endfacet
facet normal 0 0 1
outer loop
vertex 169.05 -136.05 1.2
vertex 188.05 -130.95 1.2
vertex 182.95 -130.95 1.2
endloop
endfacet
facet normal 0 0 1
outer loop
vertex 169.05 -136.05 1.2
vertex 182.95 -130.95 1.2
vertex 169.05 -130.95 1.2
endloop
endfacet
facet normal 0 0 1
outer loop
vertex 169.05 -136.05 1.2
vertex 169.05 -130.95 1.2
vertex 163.95 -130.95 1.2
endloop
endfacet
facet normal 0 0 1
outer loop
vertex 169.05 -136.05 1.2
vertex 163.95 -130.95 1.2
vertex 163.95 -136.05 1.2
endloop
endfacet
facet normal 0 0 1
outer loop
vertex 150.05 -130.95 1.2
vertex 150.05 -129.05 1.2
vertex 144.95 -129.05 1.2
endloop
endfacet
facet normal 0 0 1
outer loop
vertex 150.05 -130.95 1.2
vertex 144.95 -129.05 1.2
vertex 144.95 -130.95 1.2
endloop
endfacet
facet normal 0 0 1
outer loop
vertex 169.05 -130.95 1.2
vertex 169.05 -129.05 1.2
vertex 163.95 -129.05 1.2
endloop
endfacet
facet normal 0 0 1
outer loop
vertex 169.05 -130.95 1.2
vertex 163.95 -129.05 1.2
vertex 163.95 -130.95 1.2
endloop
endfacet
facet normal 0 0 1
outer loop
vertex 207.05 -130.95 1.2
vertex 207.05 -127.05 1.2
vertex 201.95 -127.05 1.2
endloop
endfacet
facet normal 0 0 1
outer loop
vertex 207.05 -130.95 1.2
vertex 201.95 -127.05 1.2
vertex 201.95 -130.95 1.2
endloop
endfacet
facet normal 0 0 1
outer loop
vertex 246.14054387955179 -140.95 1.2
vertex 242.69873989310355 -127.05 1.2
vertex 220.95 -127.05 1.2
endloop
endfacet
facet normal 0 0 1
outer loop
vertex 246.14054387955179 -140.95 1.2
vertex 220.95 -127.05 1.2
vertex 220.95 -140.95 1.2
endloop
endfacet
facet normal 0 0 1
outer loop
vertex 207.05 -127.05 1.2
vertex 220.95 -127.05 1.2
vertex 242.69873989310355 -127.05 1.2
endloop
endfacet
facet normal 0 0 1
outer loop
vertex 207.05 -127.05 1.2
vertex 242.69873989310355 -127.05 1.2
vertex 242.27160954226736 -125.32499999999999 1.2
endloop
endfacet
facet normal 0 0 1
outer loop
vertex 207.05 -127.05 1.2
vertex 242.27160954226736 -125.32499999999999 1.2
vertex 223.52500000000006 -125.32499999999999 1.2
endloop
endfacet
facet normal 0 0 1
outer loop
vertex 207.05 -127.05 1.2
vertex 223.52500000000006 -125.32499999999999 1.2
vertex 201.95 -125.32499999999999 1.2
endloop
endfacet
facet normal 0 0 1
outer loop
vertex 207.05 -127.05 1.2
vertex 201.95 -125.32499999999999 1.2
vertex 201.95 -127.05 1.2
endloop
endfacet
facet normal 0 0 1
outer loop
vertex 223.52500000000006 -125.32499999999999 1.2
vertex 223.35917322628632 -125.30866748834273 1.2
vertex 201.95 -125.30866748834273 1.2
endloop
endfacet
facet normal 0 0 1
outer loop
vertex 223.52500000000006 -125.32499999999999 1.2
vertex 201.95 -125.30866748834273 1.2
vertex 201.95 -125.32499999999999 1.2
endloop
endfacet
facet normal 0 0 1
outer loop
vertex 242.27160954226736 -125.32499999999999 1.2
vertex 242.2675654196968 -125.30866748834273 1.2
vertex 223.6908267737138 -125.30866748834273 1.2
endloop
endfacet
facet normal 0 0 1
outer loop
vertex 242.27160954226736 -125.32499999999999 1.2
vertex 223.6908267737138 -125.30866748834273 1.2
vertex 223.52500000000006 -125.32499999999999 1.2
endloop
endfacet
facet normal 0 0 1
outer loop
vertex 223.35917322628632 -125.30866748834273 1.2
vertex 223.19971908248965 -125.26029760263458 1.2
vertex 201.95 -125.26029760263458 1.2
endloop
endfacet
facet normal 0 0 1
outer loop
vertex 223.35917322628632 -125.30866748834273 1.2
vertex 201.95 -125.26029760263458 1.2
vertex 201.95 -125.30866748834273 1.2
endloop
endfacet
facet normal 0 0 1
outer loop
vertex 242.2675654196968 -125.30866748834273 1.2
vertex 242.25558846534756 -125.26029760263458 1.2
vertex 223.85028091751036 -125.26029760263458 1.2
endloop
endfacet
facet normal 0 0 1
outer loop
vertex 242.2675654196968 -125.30866748834273 1.2
vertex 223.85028091751036 -125.26029760263458 1.2
vertex 223.6908267737138 -125.30866748834273 1.2
endloop
endfacet
facet normal 0 0 1
outer loop
vertex 223.19971908248965 -125.26029760263458 1.2
vertex 223.05276530193325 -125.18174917045711 1.2
vertex 201.95 -125.18174917045711 1.2
endloop
endfacet
facet normal 0 0 1
outer loop
vertex 223.19971908248965 -125.26029760263458 1.2
vertex 201.95 -125.18174917045711 1.2
vertex 201.95 -125.26029760263458 1.2
endloop
endfacet
facet normal 0 0 1
outer loop
vertex 242.25558846534756 -125.26029760263458 1.2
vertex 242.23613894685852 -125.18174917045711 1.2
vertex 223.99723469806673 -125.18174917045711 1.2
endloop
endfacet
facet normal 0 0 1
outer loop
vertex 242.25558846534756 -125.26029760263458 1.2
vertex 223.99723469806673 -125.18174917045711 1.2
vertex 223.85028091751036 -125.26029760263458 1.2
endloop
endfacet
facet normal 0 0 1
outer loop
vertex 223.05276530193325 -125.18174917045711 1.2
vertex 222.92395923599145 -125.07604076400857 1.2
vertex 201.95 -125.07604076400857 1.2
endloop
endfacet
facet normal 0 0 1
outer loop
vertex 223.05276530193325 -125.18174917045711 1.2
vertex 201.95 -125.07604076400857 1.2
vertex 201.95 -125.18174917045711 1.2
endloop
endfacet
facet normal 0 0 1
outer loop
vertex 242.23613894685852 -125.18174917045711 1.2
vertex 242.20996429831783 -125.07604076400857 1.2
vertex 224.1260407640085 -125.07604076400857 1.2
endloop
endfacet
facet normal 0 0 1
outer loop
vertex 242.23613894685852 -125.18174917045711 1.2
vertex 224.1260407640085 -125.07604076400857 1.2
vertex 223.99723469806673 -125.18174917045711 1.2
endloop
endfacet
facet normal 0 0 1
outer loop
vertex 222.92395923599145 -125.07604076400857 1.2
vertex 222.81825082954276 -124.94723469806657 1.2
vertex 201.95 -124.94723469806657 1.2
endloop
endfacet
facet normal 0 0 1
outer loop
vertex 222.92395923599145 -125.07604076400857 1.2
vertex 201.95 -124.94723469806657 1.2
vertex 201.95 -125.07604076400857 1.2
endloop
endfacet
facet normal 0 0 1
outer loop
vertex 242.20996429831783 -125.07604076400857 1.2
vertex 242.1780703967899 -124.94723469806657 1.2
vertex 224.23174917045714 -124.94723469806657 1.2
endloop
endfacet
facet normal 0 0 1
outer loop
vertex 242.20996429831783 -125.07604076400857 1.2
vertex 224.23174917045714 -124.94723469806657 1.2
vertex 224.1260407640085 -125.07604076400857 1.2
endloop
endfacet
facet normal 0 0 1
outer loop
vertex 222.81825082954276 -124.94723469806657 1.2
vertex 222.73970239736553 -124.8002809175106 1.2
vertex 201.95 -124.8002809175106 1.2
endloop
endfacet
facet normal 0 0 1
outer loop
vertex 222.81825082954276 -124.94723469806657 1.2
vertex 201.95 -124.8002809175106 1.2
vertex 201.95 -124.94723469806657 1.2
endloop
endfacet
facet normal 0 0 1
outer loop
vertex 242.1780703967899 -124.94723469806657 1.2
vertex 242.14168290702438 -124.8002809175106 1.2
vertex 224.31029760263445 -124.8002809175106 1.2
endloop
endfacet
facet normal 0 0 1
outer loop
vertex 242.1780703967899 -124.94723469806657 1.2
vertex 224.31029760263445 -124.8002809175106 1.2
vertex 224.23174917045714 -124.94723469806657 1.2
endloop
endfacet
facet normal 0 0 1
outer loop
vertex 222.73970239736553 -124.8002809175106 1.2
vertex 222.69133251165727 -124.64082677371357 1.2
vertex 201.95 -124.64082677371357 1.2
endloop
endfacet
facet normal 0 0 1
outer loop
vertex 222.73970239736553 -124.8002809175106 1.2
vertex 201.95 -124.64082677371357 1.2
vertex 201.95 -124.8002809175106 1.2
endloop
endfacet
facet normal 0 0 1
outer loop
vertex 242.14168290702438 -124.8002809175106 1.2
vertex 242.10220017984622 -124.64082677371357 1.2
vertex 224.35866748834272 -124.64082677371357 1.2
endloop
endfacet
facet normal 0 0 1
outer loop
vertex 242.14168290702438 -124.8002809175106 1.2
vertex 224.35866748834272 -124.64082677371357 1.2
vertex 224.31029760263445 -124.8002809175106 1.2
endloop
endfacet
facet normal 0 0 1
outer loop
vertex 222.69133251165727 -124.64082677371357 1.2
vertex 222.675 -124.47499999999997 1.2
vertex 201.95 -124.47499999999997 1.2
endloop
endfacet
facet normal 0 0 1
outer loop
vertex 222.69133251165727 -124.64082677371357 1.2
vertex 201.95 -124.47499999999997 1.2
vertex 201.95 -124.64082677371357 1.2
endloop
endfacet
facet normal 0 0 1
outer loop
vertex 242.10220017984622 -124.64082677371357 1.2
vertex 242.06113951431905 -124.47499999999997 1.2
vertex 224.37499999999997 -124.47499999999997 1.2
endloop
endfacet
facet normal 0 0 1
outer loop
vertex 242.10220017984622 -124.64082677371357 1.2
vertex 224.37499999999997 -124.47499999999997 1.2
vertex 224.35866748834272 -124.64082677371357 1.2
endloop
endfacet
facet normal 0 0 1
outer loop
vertex 222.675 -124.47499999999997 1.2
vertex 222.69133251165727 -124.30917322628625 1.2
vertex 201.95 -124.30917322628625 1.2
endloop
endfacet
facet normal 0 0 1
outer loop
vertex 222.675 -124.47499999999997 1.2
vertex 201.95 -124.30917322628625 1.2
vertex 201.95 -124.47499999999997 1.2
endloop
endfacet
facet normal 0 0 1
outer loop
vertex 242.06113951431905 -124.47499999999997 1.2
vertex 242.02007884879188 -124.30917322628625 1.2
vertex 224.35866748834272 -124.30917322628625 1.2
endloop
endfacet
facet normal 0 0 1
outer loop
vertex 242.06113951431905 -124.47499999999997 1.2
vertex 224.35866748834272 -124.30917322628625 1.2
vertex 224.37499999999997 -124.47499999999997 1.2
endloop
endfacet
facet normal 0 0 1
outer loop
vertex 222.69133251165727 -124.30917322628625 1.2
vertex 222.73970239736545 -124.14971908248957 1.2
vertex 201.95 -124.14971908248957 1.2
endloop
endfacet
facet normal 0 0 1
outer loop
vertex 222.69133251165727 -124.30917322628625 1.2
vertex 201.95 -124.14971908248957 1.2
vertex 201.95 -124.30917322628625 1.2
endloop
endfacet
facet normal 0 0 1
outer loop
vertex 242.02007884879188 -124.30917322628625 1.2
vertex 241.98059612161381 -124.14971908248957 1.2
vertex 224.31029760263453 -124.14971908248957 1.2
endloop
endfacet
facet normal 0 0 1
outer loop
vertex 242.02007884879188 -124.30917322628625 1.2
vertex 224.31029760263453 -124.14971908248957 1.2
vertex 224.35866748834272 -124.30917322628625 1.2
endloop
endfacet
facet normal 0 0 1
outer loop
vertex 93.05 -137.95 1.2
vertex 93.05 -124.05 1.2
vertex 87.474998391614 -124.05 1.2
endloop
endfacet
facet normal 0 0 1
outer loop
vertex 93.05 -137.95 1.2
vertex 87.474998391614 -124.05 1.2
vertex 87.47499786987383 -137.95 1.2
endloop
endfacet
facet normal 0 0 1
outer loop
vertex 112.05 -137.95 1.2
vertex 112.05 -124.05 1.2
vertex 106.95 -124.05 1.2
endloop
endfacet
facet normal 0 0 1
outer loop
vertex 112.05 -137.95 1.2
vertex 106.95 -124.05 1.2
vertex 106.94999999999999 -137.95 1.2
endloop
endfacet
facet normal 0 0 1
outer loop
vertex 131.05 -130.95 1.2
vertex 131.05 -124.05 1.2
vertex 125.95 -124.05 1.2
endloop
endfacet
facet normal 0 0 1
outer loop
vertex 131.05 -130.95 1.2
vertex 125.95 -124.05 1.2
vertex 125.95 -130.95 1.2
endloop
endfacet
facet normal 0 0 1
outer loop
vertex 222.73970239736545 -124.14971908248957 1.2
vertex 222.81825082954285 -124.00276530193335 1.2
vertex 201.95 -124.00276530193335 1.2
endloop
endfacet
facet normal 0 0 1
outer loop
vertex 222.73970239736545 -124.14971908248957 1.2
vertex 201.95 -124.00276530193335 1.2
vertex 201.95 -124.14971908248957 1.2
endloop
endfacet
facet normal 0 0 1
outer loop
vertex 241.98059612161381 -124.14971908248957 1.2
vertex 241.94420863184823 -124.00276530193335 1.2
vertex 224.23174917045716 -124.00276530193335 1.2
endloop
endfacet
facet normal 0 0 1
outer loop
vertex 241.98059612161381 -124.14971908248957 1.2
vertex 224.23174917045716 -124.00276530193335 1.2
vertex 224.31029760263453 -124.14971908248957 1.2
endloop
endfacet
facet normal 0 0 1
outer loop
vertex 150.05 -129.05 1.2
vertex 163.95 -129.05 1.2
vertex 169.05 -129.05 1.2
endloop
endfacet
facet normal 0 0 1
outer loop
vertex 150.05 -129.05 1.2
vertex 169.05 -129.05 1.2
vertex 169.05 -123.95 1.2
endloop
endfacet
facet normal 0 0 1
outer loop
vertex 150.05 -129.05 1.2
vertex 169.05 -123.95 1.2
vertex 163.95 -123.95 1.2
endloop
endfacet
facet normal 0 0 1
outer loop
vertex 150.05 -129.05 1.2
vertex 163.95 -123.95 1.2
vertex 150.05 -123.95 1.2
endloop
endfacet
facet normal 0 0 1
outer loop
vertex 150.05 -129.05 1.2
vertex 150.05 -123.95 1.2
vertex 144.95 -123.95 1.2
endloop
endfacet
facet normal 0 0 1
outer loop
vertex 150.05 -129.05 1.2
vertex 144.95 -123.95 1.2
vertex 144.95 -129.05 1.2
endloop
endfacet
facet normal 0 0 1
outer loop
vertex 222.81825082954285 -124.00276530193335 1.2
vertex 222.92395923599133 -123.87395923599134 1.2
vertex 201.95 -123.87395923599134 1.2
endloop
endfacet
facet normal 0 0 1
outer loop
vertex 222.81825082954285 -124.00276530193335 1.2
vertex 201.95 -123.87395923599134 1.2
vertex 201.95 -124.00276530193335 1.2
endloop
endfacet
facet normal 0 0 1
outer loop
vertex 241.94420863184823 -124.00276530193335 1.2
vertex 241.9123147303203 -123.87395923599134 1.2
vertex 224.12604076400848 -123.87395923599134 1.2
endloop
endfacet
facet normal 0 0 1
outer loop
vertex 241.94420863184823 -124.00276530193335 1.2
vertex 224.12604076400848 -123.87395923599134 1.2
vertex 224.23174917045716 -124.00276530193335 1.2
endloop
endfacet
facet normal 0 0 1
outer loop
vertex 222.92395923599133 -123.87395923599134 1.2
vertex 223.0527653019333 -123.76825082954288 1.2
vertex 201.95 -123.76825082954288 1.2
endloop
endfacet
facet normal 0 0 1
outer loop
vertex 222.92395923599133 -123.87395923599134 1.2
vertex 201.95 -123.76825082954288 1.2
vertex 201.95 -123.87395923599134 1.2
endloop
endfacet
facet normal 0 0 1
outer loop
vertex 241.9123147303203 -123.87395923599134 1.2
vertex 241.88614008177962 -123.76825082954288 1.2
vertex 223.99723469806676 -123.76825082954288 1.2
endloop
endfacet
facet normal 0 0 1
outer loop
vertex 241.9123147303203 -123.87395923599134 1.2
vertex 223.99723469806676 -123.76825082954288 1.2
vertex 224.12604076400848 -123.87395923599134 1.2
endloop
endfacet
facet normal 0 0 1
outer loop
vertex 223.0527653019333 -123.76825082954288 1.2
vertex 223.19971908248982 -123.68970239736535 1.2
vertex 201.95 -123.68970239736535 1.2
endloop
endfacet
facet normal 0 0 1
outer loop
vertex 223.0527653019333 -123.76825082954288 1.2
vertex 201.95 -123.68970239736535 1.2
vertex 201.95 -123.76825082954288 1.2
endloop
endfacet
facet normal 0 0 1
outer loop
vertex 241.88614008177962 -123.76825082954288 1.2
vertex 241.86669056329058 -123.68970239736535 1.2
vertex 223.85028091751025 -123.68970239736535 1.2
endloop
endfacet
facet normal 0 0 1
outer loop
vertex 241.88614008177962 -123.76825082954288 1.2
vertex 223.85028091751025 -123.68970239736535 1.2
vertex 223.99723469806676 -123.76825082954288 1.2
endloop
endfacet
facet normal 0 0 1
outer loop
vertex 223.19971908248982 -123.68970239736535 1.2
vertex 223.35917322628615 -123.64133251165727 1.2
vertex 201.95 -123.64133251165727 1.2
endloop
endfacet
facet normal 0 0 1
outer loop
vertex 223.19971908248982 -123.68970239736535 1.2
vertex 201.95 -123.64133251165727 1.2
vertex 201.95 -123.68970239736535 1.2
endloop
endfacet
facet normal 0 0 1
outer loop
vertex 241.86669056329058 -123.68970239736535 1.2
vertex 241.85471360894135 -123.64133251165727 1.2
vertex 223.69082677371384 -123.64133251165727 1.2
endloop
endfacet
facet normal 0 0 1
outer loop
vertex 241.86669056329058 -123.68970239736535 1.2
vertex 223.69082677371384 -123.64133251165727 1.2
vertex 223.85028091751025 -123.68970239736535 1.2
endloop
endfacet
facet normal 0 0 1
outer loop
vertex 223.35917322628615 -123.64133251165727 1.2
vertex 223.52500000000003 -123.625 1.2
vertex 201.95 -123.625 1.2
endloop
endfacet
facet normal 0 0 1
outer loop
vertex 223.35917322628615 -123.64133251165727 1.2
vertex 201.95 -123.625 1.2
vertex 201.95 -123.64133251165727 1.2
endloop
endfacet
facet normal 0 0 1
outer loop
vertex 241.85471360894135 -123.64133251165727 1.2
vertex 241.8506694863708 -123.625 1.2
vertex 223.52500000000003 -123.625 1.2
endloop
endfacet
facet normal 0 0 1
outer loop
vertex 241.85471360894135 -123.64133251165727 1.2
vertex 223.52500000000003 -123.625 1.2
vertex 223.69082677371384 -123.64133251165727 1.2
endloop
endfacet
facet normal 0 0 1
outer loop
vertex 223.52500000000003 -123.625 1.2
vertex 241.8506694863708 -123.625 1.2
vertex 241.4359197254139 -121.95 1.2
endloop
endfacet
facet normal 0 0 1
outer loop
vertex 223.52500000000003 -123.625 1.2
vertex 241.4359197254139 -121.95 1.2
vertex 220.95 -121.95 1.2
endloop
endfacet
facet normal 0 0 1
outer loop
vertex 223.52500000000003 -123.625 1.2
vertex 220.95 -121.95 1.2
vertex 207.05 -121.95 1.2
endloop
endfacet
facet normal 0 0 1
outer loop
vertex 223.52500000000003 -123.625 1.2
vertex 207.05 -121.95 1.2
vertex 201.95 -121.95 1.2
endloop
endfacet
facet normal 0 0 1
outer loop
vertex 223.52500000000003 -123.625 1.2
vertex 201.95 -121.95 1.2
vertex 201.95 -123.625 1.2
endloop
endfacet
facet normal 0 0 1
outer loop
vertex 93.05 -124.05 1.2
vertex 106.95 -124.05 1.2
vertex 112.05 -124.05 1.2
endloop
endfacet
facet normal 0 0 1
outer loop
vertex 93.05 -124.05 1.2
vertex 112.05 -124.05 1.2
vertex 125.95 -124.05 1.2
endloop
endfacet
facet normal 0 0 1
outer loop
vertex 93.05 -124.05 1.2
vertex 125.95 -124.05 1.2
vertex 131.05 -124.05 1.2
endloop
endfacet
facet normal 0 0 1
outer loop
vertex 93.05 -124.05 1.2
vertex 131.05 -124.05 1.2
vertex 131.05 -118.95 1.2
endloop
endfacet
facet normal 0 0 1
outer loop
vertex 93.05 -124.05 1.2
vertex 131.05 -118.95 1.2
vertex 125.95 -118.95 1.2
endloop
endfacet
facet normal 0 0 1
outer loop
vertex 93.05 -124.05 1.2
vertex 125.95 -118.95 1.2
vertex 112.05 -118.95 1.2
endloop
endfacet
facet normal 0 0 1
outer loop
vertex 93.05 -124.05 1.2
vertex 112.05 -118.95 1.2
vertex 106.95 -118.95 1.2
endloop
endfacet
facet normal 0 0 1
outer loop
vertex 93.05 -124.05 1.2
vertex 106.95 -118.95 1.2
vertex 93.05 -118.95 1.2
endloop
endfacet
facet normal 0 0 1
outer loop
vertex 93.05 -124.05 1.2
vertex 93.05 -118.95 1.2
vertex 87.47499858304383 -118.95 1.2
endloop
endfacet
facet normal 0 0 1
outer loop
vertex 93.05 -124.05 1.2
vertex 87.47499858304383 -118.95 1.2
vertex 87.474998391614 -124.05 1.2
endloop
endfacet
facet normal 0 0 1
outer loop
vertex 131.05 -118.95 1.2
vertex 131.05 -117.05 1.2
vertex 125.95 -117.05 1.2
endloop
endfacet
facet normal 0 0 1
outer loop
vertex 131.05 -118.95 1.2
vertex 125.95 -117.05 1.2
vertex 125.95 -118.95 1.2
endloop
endfacet
facet normal 0 0 1
outer loop
vertex 150.05 -123.95 1.2
vertex 150.05 -117.05 1.2
vertex 144.95 -117.05 1.2
endloop
endfacet
facet normal 0 0 1
outer loop
vertex 150.05 -123.95 1.2
vertex 144.95 -117.05 1.2
vertex 144.95 -123.95 1.2
endloop
endfacet
facet normal 0 0 1
outer loop
vertex 169.05 -123.95 1.2
vertex 169.05 -117.05 1.2
vertex 163.95 -117.05 1.2
endloop
endfacet
facet normal 0 0 1
outer loop
vertex 169.05 -123.95 1.2
vertex 163.95 -117.05 1.2
vertex 163.95 -123.95 1.2
endloop
endfacet
facet normal 0 0 1
outer loop
vertex 188.05 -130.95 1.2
vertex 188.05 -117.05 1.2
vertex 182.95 -117.05 1.2
endloop
endfacet
facet normal 0 0 1
outer loop
vertex 188.05 -130.95 1.2
vertex 182.95 -117.05 1.2
vertex 182.95 -130.95 1.2
endloop
endfacet
facet normal 0 0 1
outer loop
vertex 207.05 -121.95 1.2
vertex 207.05 -117.05 1.2
vertex 201.95 -117.05 1.2
endloop
endfacet
facet normal 0 0 1
outer loop
vertex 207.05 -121.95 1.2
vertex 201.95 -117.05 1.2
vertex 201.95 -121.95 1.2
endloop
endfacet
facet normal 0 0 1
outer loop
vertex 131.05 -117.05 1.2
vertex 144.95 -117.05 1.2
vertex 150.05 -117.05 1.2
endloop
endfacet
facet normal 0 0 1
outer loop
vertex 131.05 -117.05 1.2
vertex 150.05 -117.05 1.2
vertex 150.05 -111.95 1.2
endloop
endfacet
facet normal 0 0 1
outer loop
vertex 131.05 -117.05 1.2
vertex 150.05 -111.95 1.2
vertex 144.95 -111.95 1.2
endloop
endfacet
facet normal 0 0 1
outer loop
vertex 131.05 -117.05 1.2
vertex 144.95 -111.95 1.2
vertex 131.05 -111.95 1.2
endloop
endfacet
facet normal 0 0 1
outer loop
vertex 131.05 -117.05 1.2
vertex 131.05 -111.95 1.2
vertex 125.95 -111.95 1.2
endloop
endfacet
facet normal 0 0 1
outer loop
vertex 131.05 -117.05 1.2
vertex 125.95 -111.95 1.2
vertex 125.95 -117.05 1.2
endloop
endfacet
facet normal 0 0 1
outer loop
vertex 169.05 -117.05 1.2
vertex 182.95 -117.05 1.2
vertex 188.05 -117.05 1.2
endloop
endfacet
facet normal 0 0 1
outer loop
vertex 169.05 -117.05 1.2
vertex 188.05 -117.05 1.2
vertex 201.95 -117.05 1.2
endloop
endfacet
facet normal 0 0 1
outer loop
vertex 169.05 -117.05 1.2
vertex 201.95 -117.05 1.2
vertex 207.05 -117.05 1.2
endloop
endfacet
facet normal 0 0 1
outer loop
vertex 169.05 -117.05 1.2
vertex 207.05 -117.05 1.2
vertex 207.05 -111.95 1.2
endloop
endfacet
facet normal 0 0 1
outer loop
vertex 169.05 -117.05 1.2
vertex 207.05 -111.95 1.2
vertex 201.95 -111.95 1.2
endloop
endfacet
facet normal 0 0 1
outer loop
vertex 169.05 -117.05 1.2
vertex 201.95 -111.95 1.2
vertex 188.05 -111.95 1.2
endloop
endfacet
facet normal 0 0 1
outer loop
vertex 169.05 -117.05 1.2
vertex 188.05 -111.95 1.2
vertex 182.95 -111.95 1.2
endloop
endfacet
facet normal 0 0 1
outer loop
vertex 169.05 -117.05 1.2
vertex 182.95 -111.95 1.2
vertex 169.05 -111.95 1.2
endloop
endfacet
facet normal 0 0 1
outer loop
vertex 169.05 -117.05 1.2
vertex 169.05 -111.95 1.2
vertex 163.95 -111.95 1.2
endloop
endfacet
facet normal 0 0 1
outer loop
vertex 169.05 -117.05 1.2
vertex 163.95 -111.95 1.2
vertex 163.95 -117.05 1.2
endloop
endfacet
facet normal 0 0 1
outer loop
vertex 150.05 -111.95 1.2
vertex 150.05 -110.05 1.2
vertex 144.95 -110.05 1.2
endloop
endfacet
facet normal 0 0 1
outer loop
vertex 150.05 -111.95 1.2
vertex 144.95 -110.05 1.2
vertex 144.95 -111.95 1.2
endloop
endfacet
facet normal 0 0 1
outer loop
vertex 169.05 -111.95 1.2
vertex 169.05 -110.05 1.2
vertex 163.95 -110.05 1.2
endloop
endfacet
facet normal 0 0 1
outer loop
vertex 169.05 -111.95 1.2
vertex 163.95 -110.05 1.2
vertex 163.95 -111.95 1.2
endloop
endfacet
facet normal 0 0 1
outer loop
vertex 207.05 -111.95 1.2
vertex 207.05 -108.05 1.2
vertex 201.95 -108.05 1.2
endloop
endfacet
facet normal 0 0 1
outer loop
vertex 207.05 -111.95 1.2
vertex 201.95 -108.05 1.2
vertex 201.95 -111.95 1.2
endloop
endfacet
facet normal 0 0 1
outer loop
vertex 241.4359197254139 -121.95 1.2
vertex 237.99411573896566 -108.05 1.2
vertex 220.95 -108.05 1.2
endloop
endfacet
facet normal 0 0 1
outer loop
vertex 241.4359197254139 -121.95 1.2
vertex 220.95 -108.05 1.2
vertex 220.95 -121.95 1.2
endloop
endfacet
facet normal 0 0 1
outer loop
vertex 93.05 -118.95 1.2
vertex 93.05 -105.05 1.2
vertex 87.47499910478398 -105.05 1.2
endloop
endfacet
facet normal 0 0 1
outer loop
vertex 93.05 -118.95 1.2
vertex 87.47499910478398 -105.05 1.2
vertex 87.47499858304383 -118.95 1.2
endloop
endfacet
facet normal 0 0 1
outer loop
vertex 112.05 -118.95 1.2
vertex 112.05 -105.05 1.2
vertex 106.95 -105.05 1.2
endloop
endfacet
facet normal 0 0 1
outer loop
vertex 112.05 -118.95 1.2
vertex 106.95 -105.05 1.2
vertex 106.95 -118.95 1.2
endloop
endfacet
facet normal 0 0 1
outer loop
vertex 131.05 -111.95 1.2
vertex 131.05 -105.05 1.2
vertex 125.95 -105.05 1.2
endloop
endfacet
facet normal 0 0 1
outer loop
vertex 131.05 -111.95 1.2
vertex 125.95 -105.05 1.2
vertex 125.95 -111.95 1.2
endloop
endfacet
facet normal 0 0 1
outer loop
vertex 150.05 -110.05 1.2
vertex 163.95 -110.05 1.2
vertex 169.05 -110.05 1.2
endloop
endfacet
facet normal 0 0 1
outer loop
vertex 150.05 -110.05 1.2
vertex 169.05 -110.05 1.2
vertex 169.05 -104.95 1.2
endloop
endfacet
facet normal 0 0 1
outer loop
vertex 150.05 -110.05 1.2
vertex 169.05 -104.95 1.2
vertex 163.95 -104.95 1.2
endloop
endfacet
facet normal 0 0 1
outer loop
vertex 150.05 -110.05 1.2
vertex 163.95 -104.95 1.2
vertex 150.05 -104.95 1.2
endloop
endfacet
facet normal 0 0 1
outer loop
vertex 150.05 -110.05 1.2
vertex 150.05 -104.95 1.2
vertex 144.95 -104.95 1.2
endloop
endfacet
facet normal 0 0 1
outer loop
vertex 150.05 -110.05 1.2
vertex 144.95 -104.95 1.2
vertex 144.95 -110.05 1.2
endloop
endfacet
facet normal 0 0 1
outer loop
vertex 207.05 -108.05 1.2
vertex 220.95 -108.05 1.2
vertex 237.99411573896566 -108.05 1.2
endloop
endfacet
facet normal 0 0 1
outer loop
vertex 207.05 -108.05 1.2
vertex 237.99411573896566 -108.05 1.2
vertex 236.73129557127604 -102.95 1.2
endloop
endfacet
facet normal 0 0 1
outer loop
vertex 207.05 -108.05 1.2
vertex 236.73129557127604 -102.95 1.2
vertex 220.95 -102.95 1.2
endloop
endfacet
facet normal 0 0 1
outer loop
vertex 207.05 -108.05 1.2
vertex 220.95 -102.95 1.2
vertex 207.05 -102.95 1.2
endloop
endfacet
facet normal 0 0 1
outer loop
vertex 207.05 -108.05 1.2
vertex 207.05 -102.95 1.2
vertex 201.95 -102.95 1.2
endloop
endfacet
facet normal 0 0 1
outer loop
vertex 207.05 -108.05 1.2
vertex 201.95 -102.95 1.2
vertex 201.95 -108.05 1.2
endloop
endfacet
facet normal 0 0 1
outer loop
vertex 93.05 -105.05 1.2
vertex 106.95 -105.05 1.2
vertex 112.05 -105.05 1.2
endloop
endfacet
facet normal 0 0 1
outer loop
vertex 93.05 -105.05 1.2
vertex 112.05 -105.05 1.2
vertex 125.95 -105.05 1.2
endloop
endfacet
facet normal 0 0 1
outer loop
vertex 93.05 -105.05 1.2
vertex 125.95 -105.05 1.2
vertex 131.05 -105.05 1.2
endloop
endfacet
facet normal 0 0 1
outer loop
vertex 93.05 -105.05 1.2
vertex 131.05 -105.05 1.2
vertex 131.05 -99.95 1.2
endloop
endfacet
facet normal 0 0 1
outer loop
vertex 93.05 -105.05 1.2
vertex 131.05 -99.95 1.2
vertex 125.95 -99.95 1.2
endloop
endfacet
facet normal 0 0 1
outer loop
vertex 93.05 -105.05 1.2
vertex 125.95 -99.95 1.2
vertex 112.05 -99.95 1.2
endloop
endfacet
facet normal 0 0 1
outer loop
vertex 93.05 -105.05 1.2
vertex 112.05 -99.95 1.2
vertex 106.95 -99.95 1.2
endloop
endfacet
facet normal 0 0 1
outer loop
vertex 93.05 -105.05 1.2
vertex 106.95 -99.95 1.2
vertex 93.05 -99.95 1.2
endloop
endfacet
facet normal 0 0 1
outer loop
vertex 93.05 -105.05 1.2
vertex 93.05 -99.95 1.2
vertex 87.47499929621381 -99.95 1.2
endloop
endfacet
facet normal 0 0 1
outer loop
vertex 93.05 -105.05 1.2
vertex 87.47499929621381 -99.95 1.2
vertex 87.47499910478398 -105.05 1.2
endloop
endfacet
facet normal 0 0 1
outer loop
vertex 131.05 -99.95 1.2
vertex 131.05 -98.05 1.2
vertex 125.95 -98.05 1.2
endloop
endfacet
facet normal 0 0 1
outer loop
vertex 131.05 -99.95 1.2
vertex 125.95 -98.05 1.2
vertex 125.95 -99.95 1.2
endloop
endfacet
facet normal 0 0 1
outer loop
vertex 150.05 -104.95 1.2
vertex 150.05 -98.05 1.2
vertex 144.95 -98.05 1.2
endloop
endfacet
facet normal 0 0 1
outer loop
vertex 150.05 -104.95 1.2
vertex 144.95 -98.05 1.2
vertex 144.95 -104.95 1.2
endloop
endfacet
facet normal 0 0 1
outer loop
vertex 169.05 -104.95 1.2
vertex 169.05 -98.05 1.2
vertex 163.95 -98.05 1.2
endloop
endfacet
facet normal 0 0 1
outer loop
vertex 169.05 -104.95 1.2
vertex 163.95 -98.05 1.2
vertex 163.95 -104.95 1.2
endloop
endfacet
facet normal 0 0 1
outer loop
vertex 188.05 -111.95 1.2
vertex 188.05 -98.05 1.2
vertex 182.95 -98.05 1.2
endloop
endfacet
facet normal 0 0 1
outer loop
vertex 188.05 -111.95 1.2
vertex 182.95 -98.05 1.2
vertex 182.95 -111.95 1.2
endloop
endfacet
facet normal 0 0 1
outer loop
vertex 207.05 -102.95 1.2
vertex 207.05 -98.05 1.2
vertex 201.95 -98.05 1.2
endloop
endfacet
facet normal 0 0 1
outer loop
vertex 207.05 -102.95 1.2
vertex 201.95 -98.05 1.2
vertex 201.95 -102.95 1.2
endloop
endfacet
facet normal 0 0 1
outer loop
vertex 131.05 -98.05 1.2
vertex 144.95 -98.05 1.2
vertex 150.05 -98.05 1.2
endloop
endfacet
facet normal 0 0 1
outer loop
vertex 131.05 -98.05 1.2
vertex 150.05 -98.05 1.2
vertex 150.05 -92.95 1.2
endloop
endfacet
facet normal 0 0 1
outer loop
vertex 131.05 -98.05 1.2
vertex 150.05 -92.95 1.2
vertex 144.95 -92.95 1.2
endloop
endfacet
facet normal 0 0 1
outer loop
vertex 131.05 -98.05 1.2
vertex 144.95 -92.95 1.2
vertex 131.05 -92.95 1.2
endloop
endfacet
facet normal 0 0 1
outer loop
vertex 131.05 -98.05 1.2
vertex 131.05 -92.95 1.2
vertex 125.95 -92.95 1.2
endloop
endfacet
facet normal 0 0 1
outer loop
vertex 131.05 -98.05 1.2
vertex 125.95 -92.95 1.2
vertex 125.95 -98.05 1.2
endloop
endfacet
facet normal 0 0 1
outer loop
vertex 169.05 -98.05 1.2
vertex 182.95 -98.05 1.2
vertex 188.05 -98.05 1.2
endloop
endfacet
facet normal 0 0 1
outer loop
vertex 169.05 -98.05 1.2
vertex 188.05 -98.05 1.2
vertex 201.95 -98.05 1.2
endloop
endfacet
facet normal 0 0 1
outer loop
vertex 169.05 -98.05 1.2
vertex 201.95 -98.05 1.2
vertex 207.05 -98.05 1.2
endloop
endfacet
facet normal 0 0 1
outer loop
vertex 169.05 -98.05 1.2
vertex 207.05 -98.05 1.2
vertex 207.05 -92.95 1.2
endloop
endfacet
facet normal 0 0 1
outer loop
vertex 169.05 -98.05 1.2
vertex 207.05 -92.95 1.2
vertex 201.95 -92.95 1.2
endloop
endfacet
facet normal 0 0 1
outer loop
vertex 169.05 -98.05 1.2
vertex 201.95 -92.95 1.2
vertex 188.05 -92.95 1.2
endloop
endfacet
facet normal 0 0 1
outer loop
vertex 169.05 -98.05 1.2
vertex 188.05 -92.95 1.2
vertex 182.95 -92.95 1.2
endloop
endfacet
facet normal 0 0 1
outer loop
vertex 169.05 -98.05 1.2
vertex 182.95 -92.95 1.2
vertex 169.05 -92.95 1.2
endloop
endfacet
facet normal 0 0 1
outer loop
vertex 169.05 -98.05 1.2
vertex 169.05 -92.95 1.2
vertex 163.95 -92.95 1.2
endloop
endfacet
facet normal 0 0 1
outer loop
vertex 169.05 -98.05 1.2
vertex 163.95 -92.95 1.2
vertex 163.95 -98.05 1.2
endloop
endfacet
facet normal 0 0 1
outer loop
vertex 150.05 -92.95 1.2
vertex 150.05 -91.05 1.2
vertex 144.95 -91.05 1.2
endloop
endfacet
facet normal 0 0 1
outer loop
vertex 150.05 -92.95 1.2
vertex 144.95 -91.05 1.2
vertex 144.95 -92.95 1.2
endloop
endfacet
facet normal 0 0 1
outer loop
vertex 169.05 -92.95 1.2
vertex 169.05 -91.05 1.2
vertex 163.95 -91.05 1.2
endloop
endfacet
facet normal 0 0 1
outer loop
vertex 169.05 -92.95 1.2
vertex 163.95 -91.05 1.2
vertex 163.95 -92.95 1.2
endloop
endfacet
facet normal 0 0 1
outer loop
vertex 207.05 -92.95 1.2
vertex 207.05 -89.05 1.2
vertex 201.95 -89.05 1.2
endloop
endfacet
facet normal 0 0 1
outer loop
vertex 207.05 -92.95 1.2
vertex 201.95 -89.05 1.2
vertex 201.95 -92.95 1.2
endloop
endfacet
facet normal 0 0 1
outer loop
vertex 236.73129557127604 -102.95 1.2
vertex 233.28949158482777 -89.05 1.2
vertex 220.95 -89.05 1.2
endloop
endfacet
facet normal 0 0 1
outer loop
vertex 236.73129557127604 -102.95 1.2
vertex 220.95 -89.05 1.2
vertex 220.95 -102.95 1.2
endloop
endfacet
facet normal 0 0 1
outer loop
vertex 93.05 -99.95 1.2
vertex 93.05 -86.05 1.2
vertex 87.47499981795397 -86.05 1.2
endloop
endfacet
facet normal 0 0 1
outer loop
vertex 93.05 -99.95 1.2
vertex 87.47499981795397 -86.05 1.2
vertex 87.47499929621381 -99.95 1.2
endloop
endfacet
facet normal 0 0 1
outer loop
vertex 112.05 -99.95 1.2
vertex 112.05 -86.05 1.2
vertex 106.95 -86.05 1.2
endloop
endfacet
facet normal 0 0 1
outer loop
vertex 112.05 -99.95 1.2
vertex 106.95 -86.05 1.2
vertex 106.95 -99.95 1.2
endloop
endfacet
facet normal 0 0 1
outer loop
vertex 131.05 -92.95 1.2
vertex 131.05 -86.05 1.2
vertex 125.95 -86.05 1.2
endloop
endfacet
facet normal 0 0 1
outer loop
vertex 131.05 -92.95 1.2
vertex 125.95 -86.05 1.2
vertex 125.95 -92.95 1.2
endloop
endfacet
facet normal 0 0 1
outer loop
vertex 150.05 -91.05 1.2
vertex 163.95 -91.05 1.2
vertex 169.05 -91.05 1.2
endloop
endfacet
facet normal 0 0 1
outer loop
vertex 150.05 -91.05 1.2
vertex 169.05 -91.05 1.2
vertex 169.05 -85.95 1.2
endloop
endfacet
facet normal 0 0 1
outer loop
vertex 150.05 -91.05 1.2
vertex 169.05 -85.95 1.2
vertex 163.95 -85.95 1.2
endloop
endfacet
facet normal 0 0 1
outer loop
vertex 150.05 -91.05 1.2
vertex 163.95 -85.95 1.2
vertex 150.05 -85.95 1.2
endloop
endfacet
facet normal 0 0 1
outer loop
vertex 150.05 -91.05 1.2
vertex 150.05 -85.95 1.2
vertex 144.95 -85.95 1.2
endloop
endfacet
facet normal 0 0 1
outer loop
vertex 150.05 -91.05 1.2
vertex 144.95 -85.95 1.2
vertex 144.95 -91.05 1.2
endloop
endfacet
facet normal 0 0 1
outer loop
vertex 93.05 -86.05 1.2
vertex 106.95 -86.05 1.2
vertex 112.05 -86.05 1.2
endloop
endfacet
facet normal 0 0 1
outer loop
vertex 93.05 -86.05 1.2
vertex 112.05 -86.05 1.2
vertex 125.95 -86.05 1.2
endloop
endfacet
facet normal 0 0 1
outer loop
vertex 93.05 -86.05 1.2
vertex 125.95 -86.05 1.2
vertex 131.05 -86.05 1.2
endloop
endfacet
facet normal 0 0 1
outer loop
vertex 93.05 -86.05 1.2
vertex 131.05 -86.05 1.2
vertex 131.05 -84.32499999999999 1.2
endloop
endfacet
facet normal 0 0 1
outer loop
vertex 93.05 -86.05 1.2
vertex 131.05 -84.32499999999999 1.2
vertex 109.52499999999993 -84.32499999999999 1.2
endloop
endfacet
facet normal 0 0 1
outer loop
vertex 93.05 -86.05 1.2
vertex 109.52499999999993 -84.32499999999999 1.2
vertex 87.47499988270229 -84.32499999999999 1.2
endloop
endfacet
facet normal 0 0 1
outer loop
vertex 93.05 -86.05 1.2
vertex 87.47499988270229 -84.32499999999999 1.2
vertex 87.47499981795397 -86.05 1.2
endloop
endfacet
facet normal 0 0 1
outer loop
vertex 109.52499999999993 -84.32499999999999 1.2
vertex 109.35917322628637 -84.30866748834275 1.2
vertex 87.47499988331535 -84.30866748834275 1.2
endloop
endfacet
facet normal 0 0 1
outer loop
vertex 109.52499999999993 -84.32499999999999 1.2
vertex 87.47499988331535 -84.30866748834275 1.2
vertex 87.47499988270229 -84.32499999999999 1.2
endloop
endfacet
facet normal 0 0 1
outer loop
vertex 131.05 -84.32499999999999 1.2
vertex 131.05 -84.30866748834275 1.2
vertex 109.69082677371352 -84.30866748834275 1.2
endloop
endfacet
facet normal 0 0 1
outer loop
vertex 131.05 -84.32499999999999 1.2
vertex 109.69082677371352 -84.30866748834275 1.2
vertex 109.52499999999993 -84.32499999999999 1.2
endloop
endfacet
facet normal 0 0 1
outer loop
vertex 109.35917322628637 -84.30866748834275 1.2
vertex 109.19971908248968 -84.26029760263458 1.2
vertex 87.47499988513091 -84.26029760263458 1.2
endloop
endfacet
facet normal 0 0 1
outer loop
vertex 109.35917322628637 -84.30866748834275 1.2
vertex 87.47499988513091 -84.26029760263458 1.2
vertex 87.47499988331535 -84.30866748834275 1.2
endloop
endfacet
facet normal 0 0 1
outer loop
vertex 131.05 -84.30866748834275 1.2
vertex 131.05 -84.26029760263458 1.2
vertex 109.85028091751052 -84.26029760263458 1.2
endloop
endfacet
facet normal 0 0 1
outer loop
vertex 131.05 -84.30866748834275 1.2
vertex 109.85028091751052 -84.26029760263458 1.2
vertex 109.69082677371352 -84.30866748834275 1.2
endloop
endfacet
facet normal 0 0 1
outer loop
vertex 109.19971908248968 -84.26029760263458 1.2
vertex 109.05276530193339 -84.18174917045717 1.2
vertex 87.47499988807925 -84.18174917045717 1.2
endloop
endfacet
facet normal 0 0 1
outer loop
vertex 109.19971908248968 -84.26029760263458 1.2
vertex 87.47499988807925 -84.18174917045717 1.2
vertex 87.47499988513091 -84.26029760263458 1.2
endloop
endfacet
facet normal 0 0 1
outer loop
vertex 131.05 -84.26029760263458 1.2
vertex 131.05 -84.18174917045717 1.2
vertex 109.99723469806652 -84.18174917045717 1.2
endloop
endfacet
facet normal 0 0 1
outer loop
vertex 131.05 -84.26029760263458 1.2
vertex 109.99723469806652 -84.18174917045717 1.2
vertex 109.85028091751052 -84.26029760263458 1.2
endloop
endfacet
facet normal 0 0 1
outer loop
vertex 109.05276530193339 -84.18174917045717 1.2
vertex 108.92395923599142 -84.07604076400851 1.2
vertex 87.47499989204705 -84.07604076400851 1.2
endloop
endfacet
facet normal 0 0 1
outer loop
vertex 109.05276530193339 -84.18174917045717 1.2
vertex 87.47499989204705 -84.07604076400851 1.2
vertex 87.47499988807925 -84.18174917045717 1.2
endloop
endfacet
facet normal 0 0 1
outer loop
vertex 131.05 -84.18174917045717 1.2
vertex 131.05 -84.07604076400851 1.2
vertex 110.12604076400865 -84.07604076400851 1.2
endloop
endfacet
facet normal 0 0 1
outer loop
vertex 131.05 -84.18174917045717 1.2
vertex 110.12604076400865 -84.07604076400851 1.2
vertex 109.99723469806652 -84.18174917045717 1.2
endloop
endfacet
facet normal 0 0 1
outer loop
vertex 108.92395923599142 -84.07604076400851 1.2
vertex 108.81825082954286 -83.94723469806667 1.2
vertex 87.47499989688181 -83.94723469806667 1.2
endloop
endfacet
facet normal 0 0 1
outer loop
vertex 108.92395923599142 -84.07604076400851 1.2
vertex 87.47499989688181 -83.94723469806667 1.2
vertex 87.47499989204705 -84.07604076400851 1.2
endloop
endfacet
facet normal 0 0 1
outer loop
vertex 131.05 -84.07604076400851 1.2
vertex 131.05 -83.94723469806667 1.2
vertex 110.23174917045719 -83.94723469806667 1.2
endloop
endfacet
facet normal 0 0 1
outer loop
vertex 131.05 -84.07604076400851 1.2
vertex 110.23174917045719 -83.94723469806667 1.2
vertex 110.12604076400865 -84.07604076400851 1.2
endloop
endfacet
facet normal 0 0 1
outer loop
vertex 108.81825082954286 -83.94723469806667 1.2
vertex 108.73970239736546 -83.80028091751042 1.2
vertex 87.47499990239777 -83.80028091751042 1.2
endloop
endfacet
facet normal 0 0 1
outer loop
vertex 108.81825082954286 -83.94723469806667 1.2
vertex 87.47499990239777 -83.80028091751042 1.2
vertex 87.47499989688181 -83.94723469806667 1.2
endloop
endfacet
facet normal 0 0 1
outer loop
vertex 131.05 -83.94723469806667 1.2
vertex 131.05 -83.80028091751042 1.2
vertex 110.31029760263455 -83.80028091751042 1.2
endloop
endfacet
facet normal 0 0 1
outer loop
vertex 131.05 -83.94723469806667 1.2
vertex 110.31029760263455 -83.80028091751042 1.2
vertex 110.23174917045719 -83.94723469806667 1.2
endloop
endfacet
facet normal 0 0 1
outer loop
vertex 108.73970239736546 -83.80028091751042 1.2
vertex 108.69133251165727 -83.64082677371363 1.2
vertex 87.47499990838293 -83.64082677371363 1.2
endloop
endfacet
facet normal 0 0 1
outer loop
vertex 108.73970239736546 -83.80028091751042 1.2
vertex 87.47499990838293 -83.64082677371363 1.2
vertex 87.47499990239777 -83.80028091751042 1.2
endloop
endfacet
facet normal 0 0 1
outer loop
vertex 131.05 -83.80028091751042 1.2
vertex 131.05 -83.64082677371363 1.2
vertex 110.35866748834279 -83.64082677371363 1.2
endloop
endfacet
facet normal 0 0 1
outer loop
vertex 131.05 -83.80028091751042 1.2
vertex 110.35866748834279 -83.64082677371363 1.2
vertex 110.31029760263455 -83.80028091751042 1.2
endloop
endfacet
facet normal 0 0 1
outer loop
vertex 108.69133251165727 -83.64082677371363 1.2
vertex 108.67500000000001 -83.47500000000004 1.2
vertex 87.47499991460727 -83.47500000000004 1.2
endloop
endfacet
facet normal 0 0 1
outer loop
vertex 108.69133251165727 -83.64082677371363 1.2
vertex 87.47499991460727 -83.47500000000004 1.2
vertex 87.47499990838293 -83.64082677371363 1.2
endloop
endfacet
facet normal 0 0 1
outer loop
vertex 131.05 -83.64082677371363 1.2
vertex 131.05 -83.47500000000004 1.2
vertex 110.37500000000001 -83.47500000000004 1.2
endloop
endfacet
facet normal 0 0 1
outer loop
vertex 131.05 -83.64082677371363 1.2
vertex 110.37500000000001 -83.47500000000004 1.2
vertex 110.35866748834279 -83.64082677371363 1.2
endloop
endfacet
facet normal 0 0 1
outer loop
vertex 108.67500000000001 -83.47500000000004 1.2
vertex 108.69133251165727 -83.30917322628635 1.2
vertex 87.47499992083162 -83.30917322628635 1.2
endloop
endfacet
facet normal 0 0 1
outer loop
vertex 108.67500000000001 -83.47500000000004 1.2
vertex 87.47499992083162 -83.30917322628635 1.2
vertex 87.47499991460727 -83.47500000000004 1.2
endloop
endfacet
facet normal 0 0 1
outer loop
vertex 131.05 -83.47500000000004 1.2
vertex 131.05 -83.30917322628635 1.2
vertex 110.35866748834276 -83.30917322628635 1.2
endloop
endfacet
facet normal 0 0 1
outer loop
vertex 131.05 -83.47500000000004 1.2
vertex 110.35866748834276 -83.30917322628635 1.2
vertex 110.37500000000001 -83.47500000000004 1.2
endloop
endfacet
facet normal 0 0 1
outer loop
vertex 108.69133251165727 -83.30917322628635 1.2
vertex 108.73970239736538 -83.14971908248967 1.2
vertex 87.47499992681678 -83.14971908248967 1.2
endloop
endfacet
facet normal 0 0 1
outer loop
vertex 108.69133251165727 -83.30917322628635 1.2
vertex 87.47499992681678 -83.14971908248967 1.2
vertex 87.47499992083162 -83.30917322628635 1.2
endloop
endfacet
facet normal 0 0 1
outer loop
vertex 131.05 -83.30917322628635 1.2
vertex 131.05 -83.14971908248967 1.2
vertex 110.3102976026346 -83.14971908248967 1.2
endloop
endfacet
facet normal 0 0 1
outer loop
vertex 131.05 -83.30917322628635 1.2
vertex 110.3102976026346 -83.14971908248967 1.2
vertex 110.35866748834276 -83.30917322628635 1.2
endloop
endfacet
facet normal 0 0 1
outer loop
vertex 108.73970239736538 -83.14971908248967 1.2
vertex 108.8182508295429 -83.00276530193334 1.2
vertex 87.47499993233272 -83.00276530193334 1.2
endloop
endfacet
facet normal 0 0 1
outer loop
vertex 108.73970239736538 -83.14971908248967 1.2
vertex 87.47499993233272 -83.00276530193334 1.2
vertex 87.47499992681678 -83.14971908248967 1.2
endloop
endfacet
facet normal 0 0 1
outer loop
vertex 131.05 -83.14971908248967 1.2
vertex 131.05 -83.00276530193334 1.2
vertex 110.23174917045716 -83.00276530193334 1.2
endloop
endfacet
facet normal 0 0 1
outer loop
vertex 131.05 -83.14971908248967 1.2
vertex 110.23174917045716 -83.00276530193334 1.2
vertex 110.3102976026346 -83.14971908248967 1.2
endloop
endfacet
facet normal 0 0 1
outer loop
vertex 108.8182508295429 -83.00276530193334 1.2
vertex 108.9239592359913 -82.87395923599146 1.2
vertex 87.4749999371675 -82.87395923599146 1.2
endloop
endfacet
facet normal 0 0 1
outer loop
vertex 108.8182508295429 -83.00276530193334 1.2
vertex 87.4749999371675 -82.87395923599146 1.2
vertex 87.47499993233272 -83.00276530193334 1.2
endloop
endfacet
facet normal 0 0 1
outer loop
vertex 131.05 -83.00276530193334 1.2
vertex 131.05 -82.87395923599146 1.2
vertex 110.1260407640086 -82.87395923599146 1.2
endloop
endfacet
facet normal 0 0 1
outer loop
vertex 131.05 -83.00276530193334 1.2
vertex 110.1260407640086 -82.87395923599146 1.2
vertex 110.23174917045716 -83.00276530193334 1.2
endloop
endfacet
facet normal 0 0 1
outer loop
vertex 108.9239592359913 -82.87395923599146 1.2
vertex 109.0527653019334 -82.7682508295428 1.2
vertex 87.47499994113528 -82.7682508295428 1.2
endloop
endfacet
facet normal 0 0 1
outer loop
vertex 108.9239592359913 -82.87395923599146 1.2
vertex 87.47499994113528 -82.7682508295428 1.2
vertex 87.4749999371675 -82.87395923599146 1.2
endloop
endfacet
facet normal 0 0 1
outer loop
vertex 131.05 -82.87395923599146 1.2
vertex 131.05 -82.7682508295428 1.2
vertex 109.9972346980666 -82.7682508295428 1.2
endloop
endfacet
facet normal 0 0 1
outer loop
vertex 131.05 -82.87395923599146 1.2
vertex 109.9972346980666 -82.7682508295428 1.2
vertex 110.1260407640086 -82.87395923599146 1.2
endloop
endfacet
facet normal 0 0 1
outer loop
vertex 109.0527653019334 -82.7682508295428 1.2
vertex 109.19971908248965 -82.68970239736541 1.2
vertex 87.47499994408362 -82.68970239736541 1.2
endloop
endfacet
facet normal 0 0 1
outer loop
vertex 109.0527653019334 -82.7682508295428 1.2
vertex 87.47499994408362 -82.68970239736541 1.2
vertex 87.47499994113528 -82.7682508295428 1.2
endloop
endfacet
facet normal 0 0 1
outer loop
vertex 131.05 -82.7682508295428 1.2
vertex 131.05 -82.68970239736541 1.2
vertex 109.85028091751037 -82.68970239736541 1.2
endloop
endfacet
facet normal 0 0 1
outer loop
vertex 131.05 -82.7682508295428 1.2
vertex 109.85028091751037 -82.68970239736541 1.2
vertex 109.9972346980666 -82.7682508295428 1.2
endloop
endfacet
facet normal 0 0 1
outer loop
vertex 109.19971908248965 -82.68970239736541 1.2
vertex 109.35917322628637 -82.64133251165727 1.2
vertex 87.4749999458992 -82.64133251165727 1.2
endloop
endfacet
facet normal 0 0 1
outer loop
vertex 109.19971908248965 -82.68970239736541 1.2
vertex 87.4749999458992 -82.64133251165727 1.2
vertex 87.47499994408362 -82.68970239736541 1.2
endloop
endfacet
facet normal 0 0 1
outer loop
vertex 131.05 -82.68970239736541 1.2
vertex 131.05 -82.64133251165727 1.2
vertex 109.69082677371377 -82.64133251165727 1.2
endloop
endfacet
facet normal 0 0 1
outer loop
vertex 131.05 -82.68970239736541 1.2
vertex 109.69082677371377 -82.64133251165727 1.2
vertex 109.85028091751037 -82.68970239736541 1.2
endloop
endfacet
facet normal 0 0 1
outer loop
vertex 109.35917322628637 -82.64133251165727 1.2
vertex 109.52499999999989 -82.625 1.2
vertex 87.47499994651224 -82.625 1.2
endloop
endfacet
facet normal 0 0 1
outer loop
vertex 109.35917322628637 -82.64133251165727 1.2
vertex 87.47499994651224 -82.625 1.2
vertex 87.4749999458992 -82.64133251165727 1.2
endloop
endfacet
facet normal 0 0 1
outer loop
vertex 131.05 -82.64133251165727 1.2
vertex 131.05 -82.625 1.2
vertex 109.52499999999989 -82.625 1.2
endloop
endfacet
facet normal 0 0 1
outer loop
vertex 131.05 -82.64133251165727 1.2
vertex 109.52499999999989 -82.625 1.2
vertex 109.69082677371377 -82.64133251165727 1.2
endloop
endfacet
facet normal 0 0 1
outer loop
vertex 109.52499999999989 -82.625 1.2
vertex 131.05 -82.625 1.2
vertex 131.05 -81.2 1.2
endloop
endfacet
facet normal 0 0 1
outer loop
vertex 109.52499999999989 -82.625 1.2
vertex 131.05 -81.2 1.2
vertex 126.05 -81.2 1.2
endloop
endfacet
facet normal 0 0 1
outer loop
vertex 109.52499999999989 -82.625 1.2
vertex 126.05 -81.2 1.2
vertex 87.475 -81.2 1.2
endloop
endfacet
facet normal 0 0 1
outer loop
vertex 109.52499999999989 -82.625 1.2
vertex 87.475 -81.2 1.2
vertex 87.47499994651224 -82.625 1.2
endloop
endfacet
facet normal 0 0 1
outer loop
vertex 131.05 -81.2 1.2
vertex 131.05 -79.05 1.2
vertex 126.05 -79.05 1.2
endloop
endfacet
facet normal 0 0 1
outer loop
vertex 131.05 -81.2 1.2
vertex 126.05 -79.05 1.2
vertex 126.05 -81.2 1.2
endloop
endfacet
facet normal 0 0 1
outer loop
vertex 150.05 -85.95 1.2
vertex 150.05 -79.05 1.2
vertex 144.95 -79.05 1.2
endloop
endfacet
facet normal 0 0 1
outer loop
vertex 150.05 -85.95 1.2
vertex 144.95 -79.05 1.2
vertex 144.95 -85.95 1.2
endloop
endfacet
facet normal 0 0 1
outer loop
vertex 169.05 -85.95 1.2
vertex 169.05 -79.05 1.2
vertex 163.95 -79.05 1.2
endloop
endfacet
facet normal 0 0 1
outer loop
vertex 169.05 -85.95 1.2
vertex 163.95 -79.05 1.2
vertex 163.95 -85.95 1.2
endloop
endfacet
facet normal 0 0 1
outer loop
vertex 188.05 -92.95 1.2
vertex 188.05 -79.05 1.2
vertex 182.95 -79.05 1.2
endloop
endfacet
facet normal 0 0 1
outer loop
vertex 188.05 -92.95 1.2
vertex 182.95 -79.05 1.2
vertex 182.95 -92.95 1.2
endloop
endfacet
facet normal 0 0 1
outer loop
vertex 207.05 -89.05 1.2
vertex 220.95 -89.05 1.2
vertex 233.28949158482777 -89.05 1.2
endloop
endfacet
facet normal 0 0 1
outer loop
vertex 207.05 -89.05 1.2
vertex 233.28949158482777 -89.05 1.2
vertex 230.81337360896575 -79.05 1.2
endloop
endfacet
facet normal 0 0 1
outer loop
vertex 207.05 -89.05 1.2
vertex 230.81337360896575 -79.05 1.2
vertex 201.95 -79.05 1.2
endloop
endfacet
facet normal 0 0 1
outer loop
vertex 207.05 -89.05 1.2
vertex 201.95 -79.05 1.2
vertex 201.95 -89.05 1.2
endloop
endfacet
facet normal 0 0 1
outer loop
vertex 169.05 -79.05 1.2
vertex 182.95 -79.05 1.2
vertex 188.05 -79.05 1.2
endloop
endfacet
facet normal 0 0 1
outer loop
vertex 169.05 -79.05 1.2
vertex 188.05 -79.05 1.2
vertex 201.95 -79.05 1.2
endloop
endfacet
facet normal 0 0 1
outer loop
vertex 169.05 -79.05 1.2
vertex 201.95 -79.05 1.2
vertex 230.81337360896575 -79.05 1.2
endloop
endfacet
facet normal 0 0 1
outer loop
vertex 169.05 -79.05 1.2
vertex 230.81337360896575 -79.05 1.2
vertex 230.6468345937722 -78.37741889999998 1.2
endloop
endfacet
facet normal 0 0 1
outer loop
vertex 169.05 -79.05 1.2
vertex 230.6468345937722 -78.37741889999998 1.2
vertex 209.44677939999997 -78.37741889999998 1.2
endloop
endfacet
facet normal 0 0 1
outer loop
vertex 169.05 -79.05 1.2
vertex 209.44677939999997 -78.37741889999998 1.2
vertex 163.95 -78.37741889999998 1.2
endloop
endfacet
facet normal 0 0 1
outer loop
vertex 169.05 -79.05 1.2
vertex 163.95 -78.37741889999998 1.2
vertex 163.95 -79.05 1.2
endloop
endfacet
facet normal 0 0 1
outer loop
vertex 230.6468345937722 -78.37741889999998 1.2
vertex 230.04780742842752 -75.95819989999998 1.2
vertex 219.1497366 -75.95819989999998 1.2
endloop
endfacet
facet normal 0 0 1
outer loop
vertex 230.6468345937722 -78.37741889999998 1.2
vertex 219.1497366 -75.95819989999998 1.2
vertex 209.44677939999997 -78.37741889999998 1.2
endloop
endfacet
facet normal 0 0 1
outer loop
vertex 131.05 -79.05 1.2
vertex 144.95 -79.05 1.2
vertex 150.05 -79.05 1.2
endloop
endfacet
facet normal 0 0 1
outer loop
vertex 131.05 -79.05 1.2
vertex 150.05 -79.05 1.2
vertex 150.05 -72.05 1.2
endloop
endfacet
facet normal 0 0 1
outer loop
vertex 131.05 -79.05 1.2
vertex 150.05 -72.05 1.2
vertex 126.05 -72.05 1.2
endloop
endfacet
facet normal 0 0 1
outer loop
vertex 131.05 -79.05 1.2
vertex 126.05 -72.05 1.2
vertex 126.05 -79.05 1.2
endloop
endfacet
facet normal 0 0 1
outer loop
vertex 209.44677939999997 -78.37741889999998 1.2
vertex 207.86917666594493 -72.05 1.2
vertex 163.95 -72.05 1.2
endloop
endfacet
facet normal 0 0 1
outer loop
vertex 209.44677939999997 -78.37741889999998 1.2
vertex 163.95 -72.05 1.2
vertex 163.95 -78.37741889999998 1.2
endloop
endfacet
facet normal 0 0 1
outer loop
vertex 150.05 -72.05 1.2
vertex 163.95 -72.05 1.2
vertex 207.86917666594493 -72.05 1.2
endloop
endfacet
facet normal 0 0 1
outer loop
vertex 150.05 -72.05 1.2
vertex 207.86917666594493 -72.05 1.2
vertex 206.57267103754626 -66.85 1.2
endloop
endfacet
facet normal 0 0 1
outer loop
vertex 150.05 -72.05 1.2
vertex 206.57267103754626 -66.85 1.2
vertex 201.7 -66.85 1.2
endloop
endfacet
facet normal 0 0 1
outer loop
vertex 150.05 -72.05 1.2
vertex 201.7 -66.85 1.2
vertex 131.0000000000001 -66.85 1.2
endloop
endfacet
facet normal 0 0 1
outer loop
vertex 150.05 -72.05 1.2
vertex 131.0000000000001 -66.85 1.2
vertex 126.05 -66.85 1.2
endloop
endfacet
facet normal 0 0 1
outer loop
vertex 150.05 -72.05 1.2
vertex 126.05 -66.85 1.2
vertex 126.05 -72.05 1.2
endloop
endfacet
facet normal 0 0 1
outer loop
vertex 230.04780742842752 -75.95819989999998 1.2
vertex 227.79250967841404 -66.85 1.2
vertex 221.30000000000004 -66.85 1.2
endloop
endfacet
facet normal 0 0 1
outer loop
vertex 230.04780742842752 -75.95819989999998 1.2
vertex 221.30000000000004 -66.85 1.2
vertex 216.87880731519803 -66.85 1.2
endloop
endfacet
facet normal 0 0 1
outer loop
vertex 230.04780742842752 -75.95819989999998 1.2
vertex 216.87880731519803 -66.85 1.2
vertex 219.1497366 -75.95819989999998 1.2
endloop
endfacet
facet normal 0 0 1
outer loop
vertex 131.0000000000001 -66.85 1.2
vertex 130.83417322628628 -66.83366748834274 1.2
vertex 126.05 -66.83366748834274 1.2
endloop
endfacet
facet normal 0 0 1
outer loop
vertex 131.0000000000001 -66.85 1.2
vertex 126.05 -66.83366748834274 1.2
vertex 126.05 -66.85 1.2
endloop
endfacet
facet normal 0 0 1
outer loop
vertex 201.7 -66.85 1.2
vertex 201.53417322628624 -66.83366748834274 1.2
vertex 131.16582677371372 -66.83366748834274 1.2
endloop
endfacet
facet normal 0 0 1
outer loop
vertex 201.7 -66.85 1.2
vertex 131.16582677371372 -66.83366748834274 1.2
vertex 131.0000000000001 -66.85 1.2
endloop
endfacet
facet normal 0 0 1
outer loop
vertex 206.57267103754626 -66.85 1.2
vertex 206.5685988849906 -66.83366748834274 1.2
vertex 201.86582677371376 -66.83366748834274 1.2
endloop
endfacet
facet normal 0 0 1
outer loop
vertex 206.57267103754626 -66.85 1.2
vertex 201.86582677371376 -66.83366748834274 1.2
vertex 201.7 -66.85 1.2
endloop
endfacet
facet normal 0 0 1
outer loop
vertex 221.30000000000004 -66.85 1.2
vertex 221.1341732262863 -66.83366748834274 1.2
vertex 216.87473516269546 -66.83366748834274 1.2
endloop
endfacet
facet normal 0 0 1
outer loop
vertex 221.30000000000004 -66.85 1.2
vertex 216.87473516269546 -66.83366748834274 1.2
vertex 216.87880731519803 -66.85 1.2
endloop
endfacet
facet normal 0 0 1
outer loop
vertex 227.79250967841404 -66.85 1.2
vertex 227.7884655558435 -66.83366748834274 1.2
vertex 221.46582677371381 -66.83366748834274 1.2
endloop
endfacet
facet normal 0 0 1
outer loop
vertex 227.79250967841404 -66.85 1.2
vertex 221.46582677371381 -66.83366748834274 1.2
vertex 221.30000000000004 -66.85 1.2
endloop
endfacet
facet normal 0 0 1
outer loop
vertex 130.83417322628628 -66.83366748834274 1.2
vertex 130.67471908248964 -66.78529760263457 1.2
vertex 126.05 -66.78529760263457 1.2
endloop
endfacet
facet normal 0 0 1
outer loop
vertex 130.83417322628628 -66.83366748834274 1.2
vertex 126.05 -66.78529760263457 1.2
vertex 126.05 -66.83366748834274 1.2
endloop
endfacet
facet normal 0 0 1
outer loop
vertex 201.53417322628624 -66.83366748834274 1.2
vertex 201.37471908248972 -66.78529760263457 1.2
vertex 131.3252809175104 -66.78529760263457 1.2
endloop
endfacet
facet normal 0 0 1
outer loop
vertex 201.53417322628624 -66.83366748834274 1.2
vertex 131.3252809175104 -66.78529760263457 1.2
vertex 131.16582677371372 -66.83366748834274 1.2
endloop
endfacet
facet normal 0 0 1
outer loop
vertex 206.5685988849906 -66.83366748834274 1.2
vertex 206.55653891786258 -66.78529760263457 1.2
vertex 202.02528091751043 -66.78529760263457 1.2
endloop
endfacet
facet normal 0 0 1
outer loop
vertex 206.5685988849906 -66.83366748834274 1.2
vertex 202.02528091751043 -66.78529760263457 1.2
vertex 201.86582677371376 -66.83366748834274 1.2
endloop
endfacet
facet normal 0 0 1
outer loop
vertex 221.1341732262863 -66.83366748834274 1.2
vertex 220.9747190824896 -66.78529760263457 1.2
vertex 216.86267519572468 -66.78529760263457 1.2
endloop
endfacet
facet normal 0 0 1
outer loop
vertex 221.1341732262863 -66.83366748834274 1.2
vertex 216.86267519572468 -66.78529760263457 1.2
vertex 216.87473516269546 -66.83366748834274 1.2
endloop
endfacet
facet normal 0 0 1
outer loop
vertex 227.7884655558435 -66.83366748834274 1.2
vertex 227.77648860149426 -66.78529760263457 1.2
vertex 221.6252809175104 -66.78529760263457 1.2
endloop
endfacet
facet normal 0 0 1
outer loop
vertex 227.7884655558435 -66.83366748834274 1.2
vertex 221.6252809175104 -66.78529760263457 1.2
vertex 221.46582677371381 -66.83366748834274 1.2
endloop
endfacet
facet normal 0 0 1
outer loop
vertex 130.67471908248964 -66.78529760263457 1.2
vertex 130.52776530193333 -66.70674917045716 1.2
vertex 126.05 -66.70674917045716 1.2
endloop
endfacet
facet normal 0 0 1
outer loop
vertex 130.67471908248964 -66.78529760263457 1.2
vertex 126.05 -66.70674917045716 1.2
vertex 126.05 -66.78529760263457 1.2
endloop
endfacet
facet normal 0 0 1
outer loop
vertex 201.37471908248972 -66.78529760263457 1.2
vertex 201.22776530193323 -66.70674917045716 1.2
vertex 131.47223469806667 -66.70674917045716 1.2
endloop
endfacet
facet normal 0 0 1
outer loop
vertex 201.37471908248972 -66.78529760263457 1.2
vertex 131.47223469806667 -66.70674917045716 1.2
vertex 131.3252809175104 -66.78529760263457 1.2
endloop
endfacet
facet normal 0 0 1
outer loop
vertex 206.55653891786258 -66.78529760263457 1.2
vertex 206.5369545939357 -66.70674917045716 1.2
vertex 202.1722346980666 -66.70674917045716 1.2
endloop
endfacet
facet normal 0 0 1
outer loop
vertex 206.55653891786258 -66.78529760263457 1.2
vertex 202.1722346980666 -66.70674917045716 1.2
vertex 202.02528091751043 -66.78529760263457 1.2
endloop
endfacet
facet normal 0 0 1
outer loop
vertex 220.9747190824896 -66.78529760263457 1.2
vertex 220.82776530193343 -66.70674917045716 1.2
vertex 216.8430908720531 -66.70674917045716 1.2
endloop
endfacet
facet normal 0 0 1
outer loop
vertex 220.9747190824896 -66.78529760263457 1.2
vertex 216.8430908720531 -66.70674917045716 1.2
vertex 216.86267519572468 -66.78529760263457 1.2
endloop
endfacet
facet normal 0 0 1
outer loop
vertex 227.77648860149426 -66.78529760263457 1.2
vertex 227.75703908300522 -66.70674917045716 1.2
vertex 221.77223469806668 -66.70674917045716 1.2
endloop
endfacet
facet normal 0 0 1
outer loop
vertex 227.77648860149426 -66.78529760263457 1.2
vertex 221.77223469806668 -66.70674917045716 1.2
vertex 221.6252809175104 -66.78529760263457 1.2
endloop
endfacet
facet normal 0 0 1
outer loop
vertex 130.52776530193333 -66.70674917045716 1.2
vertex 130.3989592359914 -66.60104076400853 1.2
vertex 126.05 -66.60104076400853 1.2
endloop
endfacet
facet normal 0 0 1
outer loop
vertex 130.52776530193333 -66.70674917045716 1.2
vertex 126.05 -66.60104076400853 1.2
vertex 126.05 -66.70674917045716 1.2
endloop
endfacet
facet normal 0 0 1
outer loop
vertex 201.22776530193323 -66.70674917045716 1.2
vertex 201.0989592359914 -66.60104076400853 1.2
vertex 131.6010407640086 -66.60104076400853 1.2
endloop
endfacet
facet normal 0 0 1
outer loop
vertex 201.22776530193323 -66.70674917045716 1.2
vertex 131.6010407640086 -66.60104076400853 1.2
vertex 131.47223469806667 -66.70674917045716 1.2
endloop
endfacet
facet normal 0 0 1
outer loop
vertex 206.5369545939357 -66.70674917045716 1.2
vertex 206.51059852779537 -66.60104076400853 1.2
vertex 202.30104076400855 -66.60104076400853 1.2
endloop
endfacet
facet normal 0 0 1
outer loop
vertex 206.5369545939357 -66.70674917045716 1.2
vertex 202.30104076400855 -66.60104076400853 1.2
vertex 202.1722346980666 -66.70674917045716 1.2
endloop
endfacet
facet normal 0 0 1
outer loop
vertex 220.82776530193343 -66.70674917045716 1.2
vertex 220.6989592359914 -66.60104076400853 1.2
vertex 216.8167348062564 -66.60104076400853 1.2
endloop
endfacet
facet normal 0 0 1
outer loop
vertex 220.82776530193343 -66.70674917045716 1.2
vertex 216.8167348062564 -66.60104076400853 1.2
vertex 216.8430908720531 -66.70674917045716 1.2
endloop
endfacet
facet normal 0 0 1
outer loop
vertex 227.75703908300522 -66.70674917045716 1.2
vertex 227.7308644344645 -66.60104076400853 1.2
vertex 221.90104076400857 -66.60104076400853 1.2
endloop
endfacet
facet normal 0 0 1
outer loop
vertex 227.75703908300522 -66.70674917045716 1.2
vertex 221.90104076400857 -66.60104076400853 1.2
vertex 221.77223469806668 -66.70674917045716 1.2
endloop
endfacet
facet normal 0 0 1
outer loop
vertex 130.3989592359914 -66.60104076400853 1.2
vertex 130.2932508295429 -66.47223469806673 1.2
vertex 126.05 -66.47223469806673 1.2
endloop
endfacet
facet normal 0 0 1
outer loop
vertex 130.3989592359914 -66.60104076400853 1.2
vertex 126.05 -66.47223469806673 1.2
vertex 126.05 -66.60104076400853 1.2
endloop
endfacet
facet normal 0 0 1
outer loop
vertex 201.0989592359914 -66.60104076400853 1.2
vertex 200.99325082954283 -66.47223469806673 1.2
vertex 131.70674917045707 -66.47223469806673 1.2
endloop
endfacet
facet normal 0 0 1
outer loop
vertex 201.0989592359914 -66.60104076400853 1.2
vertex 131.70674917045707 -66.47223469806673 1.2
vertex 131.6010407640086 -66.60104076400853 1.2
endloop
endfacet
facet normal 0 0 1
outer loop
vertex 206.51059852779537 -66.60104076400853 1.2
vertex 206.47848356828277 -66.47223469806673 1.2
vertex 202.40674917045706 -66.47223469806673 1.2
endloop
endfacet
facet normal 0 0 1
outer loop
vertex 206.51059852779537 -66.60104076400853 1.2
vertex 202.40674917045706 -66.47223469806673 1.2
vertex 202.30104076400855 -66.60104076400853 1.2
endloop
endfacet
facet normal 0 0 1
outer loop
vertex 220.6989592359914 -66.60104076400853 1.2
vertex 220.59325082954282 -66.47223469806673 1.2
vertex 216.78461984716253 -66.47223469806673 1.2
endloop
endfacet
facet normal 0 0 1
outer loop
vertex 220.6989592359914 -66.60104076400853 1.2
vertex 216.78461984716253 -66.47223469806673 1.2
vertex 216.8167348062564 -66.60104076400853 1.2
endloop
endfacet
facet normal 0 0 1
outer loop
vertex 227.7308644344645 -66.60104076400853 1.2
vertex 227.69897053293664 -66.47223469806673 1.2
vertex 222.0067491704571 -66.47223469806673 1.2
endloop
endfacet
facet normal 0 0 1
outer loop
vertex 227.7308644344645 -66.60104076400853 1.2
vertex 222.0067491704571 -66.47223469806673 1.2
vertex 221.90104076400857 -66.60104076400853 1.2
endloop
endfacet
facet normal 0 0 1
outer loop
vertex 130.2932508295429 -66.47223469806673 1.2
vertex 130.21470239736536 -66.3252809175102 1.2
vertex 126.05 -66.3252809175102 1.2
endloop
endfacet
facet normal 0 0 1
outer loop
vertex 130.2932508295429 -66.47223469806673 1.2
vertex 126.05 -66.3252809175102 1.2
vertex 126.05 -66.47223469806673 1.2
endloop
endfacet
facet normal 0 0 1
outer loop
vertex 200.99325082954283 -66.47223469806673 1.2
vertex 200.91470239736543 -66.3252809175102 1.2
vertex 131.78529760263464 -66.3252809175102 1.2
endloop
endfacet
facet normal 0 0 1
outer loop
vertex 200.99325082954283 -66.47223469806673 1.2
vertex 131.78529760263464 -66.3252809175102 1.2
vertex 131.70674917045707 -66.47223469806673 1.2
endloop
endfacet
facet normal 0 0 1
outer loop
vertex 206.47848356828277 -66.47223469806673 1.2
vertex 206.44184387528162 -66.3252809175102 1.2
vertex 202.48529760263466 -66.3252809175102 1.2
endloop
endfacet
facet normal 0 0 1
outer loop
vertex 206.47848356828277 -66.47223469806673 1.2
vertex 202.48529760263466 -66.3252809175102 1.2
vertex 202.40674917045706 -66.47223469806673 1.2
endloop
endfacet
facet normal 0 0 1
outer loop
vertex 220.59325082954282 -66.47223469806673 1.2
vertex 220.51470239736545 -66.3252809175102 1.2
vertex 216.74798015463907 -66.3252809175102 1.2
endloop
endfacet
facet normal 0 0 1
outer loop
vertex 220.59325082954282 -66.47223469806673 1.2
vertex 216.74798015463907 -66.3252809175102 1.2
vertex 216.78461984716253 -66.47223469806673 1.2
endloop
endfacet
facet normal 0 0 1
outer loop
vertex 227.69897053293664 -66.47223469806673 1.2
vertex 227.66258304317097 -66.3252809175102 1.2
vertex 222.08529760263468 -66.3252809175102 1.2
endloop
endfacet
facet normal 0 0 1
outer loop
vertex 227.69897053293664 -66.47223469806673 1.2
vertex 222.08529760263468 -66.3252809175102 1.2
vertex 222.0067491704571 -66.47223469806673 1.2
endloop
endfacet
facet normal 0 0 1
outer loop
vertex 130.21470239736536 -66.3252809175102 1.2
vertex 130.16633251165723 -66.16582677371368 1.2
vertex 126.05 -66.16582677371368 1.2
endloop
endfacet
facet normal 0 0 1
outer loop
vertex 130.21470239736536 -66.3252809175102 1.2
vertex 126.05 -66.16582677371368 1.2
vertex 126.05 -66.3252809175102 1.2
endloop
endfacet
facet normal 0 0 1
outer loop
vertex 200.91470239736543 -66.3252809175102 1.2
vertex 200.86633251165725 -66.16582677371368 1.2
vertex 131.83366748834274 -66.16582677371368 1.2
endloop
endfacet
facet normal 0 0 1
outer loop
vertex 200.91470239736543 -66.3252809175102 1.2
vertex 131.83366748834274 -66.16582677371368 1.2
vertex 131.78529760263464 -66.3252809175102 1.2
endloop
endfacet
facet normal 0 0 1
outer loop
vertex 206.44184387528162 -66.3252809175102 1.2
vertex 206.40208749164628 -66.16582677371368 1.2
vertex 202.53366748834276 -66.16582677371368 1.2
endloop
endfacet
facet normal 0 0 1
outer loop
vertex 206.44184387528162 -66.3252809175102 1.2
vertex 202.53366748834276 -66.16582677371368 1.2
vertex 202.48529760263466 -66.3252809175102 1.2
endloop
endfacet
facet normal 0 0 1
outer loop
vertex 220.51470239736545 -66.3252809175102 1.2
vertex 220.46633251165727 -66.16582677371368 1.2
vertex 216.70822377152209 -66.16582677371368 1.2
endloop
endfacet
facet normal 0 0 1
outer loop
vertex 220.51470239736545 -66.3252809175102 1.2
vertex 216.70822377152209 -66.16582677371368 1.2
vertex 216.74798015463907 -66.3252809175102 1.2
endloop
endfacet
facet normal 0 0 1
outer loop
vertex 227.66258304317097 -66.3252809175102 1.2
vertex 227.62310031599293 -66.16582677371368 1.2
vertex 222.13366748834278 -66.16582677371368 1.2
endloop
endfacet
facet normal 0 0 1
outer loop
vertex 227.66258304317097 -66.3252809175102 1.2
vertex 222.13366748834278 -66.16582677371368 1.2
vertex 222.08529760263468 -66.3252809175102 1.2
endloop
endfacet
facet normal 0 0 1
outer loop
vertex 130.16633251165723 -66.16582677371368 1.2
vertex 130.15 -66.0000000000002 1.2
vertex 126.05 -66.0000000000002 1.2
endloop
endfacet
facet normal 0 0 1
outer loop
vertex 130.16633251165723 -66.16582677371368 1.2
vertex 126.05 -66.0000000000002 1.2
vertex 126.05 -66.16582677371368 1.2
endloop
endfacet
facet normal 0 0 1
outer loop
vertex 200.86633251165725 -66.16582677371368 1.2
vertex 200.85 -66.0000000000002 1.2
vertex 131.85 -66.0000000000002 1.2
endloop
endfacet
facet normal 0 0 1
outer loop
vertex 200.86633251165725 -66.16582677371368 1.2
vertex 131.85 -66.0000000000002 1.2
vertex 131.83366748834274 -66.16582677371368 1.2
endloop
endfacet
facet normal 0 0 1
outer loop
vertex 206.40208749164628 -66.16582677371368 1.2
vertex 206.36074223290424 -66.0000000000002 1.2
vertex 202.54999999999998 -66.0000000000002 1.2
endloop
endfacet
facet normal 0 0 1
outer loop
vertex 206.40208749164628 -66.16582677371368 1.2
vertex 202.54999999999998 -66.0000000000002 1.2
vertex 202.53366748834276 -66.16582677371368 1.2
endloop
endfacet
facet normal 0 0 1
outer loop
vertex 220.46633251165727 -66.16582677371368 1.2
vertex 220.45000000000002 -66.0000000000002 1.2
vertex 216.66687851331906 -66.0000000000002 1.2
endloop
endfacet
facet normal 0 0 1
outer loop
vertex 220.46633251165727 -66.16582677371368 1.2
vertex 216.66687851331906 -66.0000000000002 1.2
vertex 216.70822377152209 -66.16582677371368 1.2
endloop
endfacet
facet normal 0 0 1
outer loop
vertex 227.62310031599293 -66.16582677371368 1.2
vertex 227.58203965046582 -66.0000000000002 1.2
vertex 222.15 -66.0000000000002 1.2
endloop
endfacet
facet normal 0 0 1
outer loop
vertex 227.62310031599293 -66.16582677371368 1.2
vertex 222.15 -66.0000000000002 1.2
vertex 222.13366748834278 -66.16582677371368 1.2
endloop
endfacet
facet normal 0 0 1
outer loop
vertex 130.15 -66.0000000000002 1.2
vertex 130.1663325116573 -65.8341732262861 1.2
vertex 126.05 -65.8341732262861 1.2
endloop
endfacet
facet normal 0 0 1
outer loop
vertex 130.15 -66.0000000000002 1.2
vertex 126.05 -65.8341732262861 1.2
vertex 126.05 -66.0000000000002 1.2
endloop
endfacet
facet normal 0 0 1
outer loop
vertex 200.85 -66.0000000000002 1.2
vertex 200.86633251165722 -65.8341732262861 1.2
vertex 131.8336674883427 -65.8341732262861 1.2
endloop
endfacet
facet normal 0 0 1
outer loop
vertex 200.85 -66.0000000000002 1.2
vertex 131.8336674883427 -65.8341732262861 1.2
vertex 131.85 -66.0000000000002 1.2
endloop
endfacet
facet normal 0 0 1
outer loop
vertex 206.36074223290424 -66.0000000000002 1.2
vertex 206.319396974162 -65.8341732262861 1.2
vertex 202.5336674883427 -65.8341732262861 1.2
endloop
endfacet
facet normal 0 0 1
outer loop
vertex 206.36074223290424 -66.0000000000002 1.2
vertex 202.5336674883427 -65.8341732262861 1.2
vertex 202.54999999999998 -66.0000000000002 1.2
endloop
endfacet
facet normal 0 0 1
outer loop
vertex 220.45000000000002 -66.0000000000002 1.2
vertex 220.46633251165727 -65.8341732262861 1.2
vertex 216.6255332551159 -65.8341732262861 1.2
endloop
endfacet
facet normal 0 0 1
outer loop
vertex 220.45000000000002 -66.0000000000002 1.2
vertex 216.6255332551159 -65.8341732262861 1.2
vertex 216.66687851331906 -66.0000000000002 1.2
endloop
endfacet
facet normal 0 0 1
outer loop
vertex 227.58203965046582 -66.0000000000002 1.2
vertex 227.54097898493856 -65.8341732262861 1.2
vertex 222.13366748834272 -65.8341732262861 1.2
endloop
endfacet
facet normal 0 0 1
outer loop
vertex 227.58203965046582 -66.0000000000002 1.2
vertex 222.13366748834272 -65.8341732262861 1.2
vertex 222.15 -66.0000000000002 1.2
endloop
endfacet
facet normal 0 0 1
outer loop
vertex 130.1663325116573 -65.8341732262861 1.2
vertex 130.21470239736541 -65.67471908248979 1.2
vertex 126.05 -65.67471908248979 1.2
endloop
endfacet
facet normal 0 0 1
outer loop
vertex 130.1663325116573 -65.8341732262861 1.2
vertex 126.05 -65.67471908248979 1.2
vertex 126.05 -65.8341732262861 1.2
endloop
endfacet
facet normal 0 0 1
outer loop
vertex 200.86633251165722 -65.8341732262861 1.2
vertex 200.91470239736543 -65.67471908248979 1.2
vertex 131.78529760263467 -65.67471908248979 1.2
endloop
endfacet
facet normal 0 0 1
outer loop
vertex 200.86633251165722 -65.8341732262861 1.2
vertex 131.78529760263467 -65.67471908248979 1.2
vertex 131.8336674883427 -65.8341732262861 1.2
endloop
endfacet
facet normal 0 0 1
outer loop
vertex 206.319396974162 -65.8341732262861 1.2
vertex 206.27964059052675 -65.67471908248979 1.2
vertex 202.48529760263463 -65.67471908248979 1.2
endloop
endfacet
facet normal 0 0 1
outer loop
vertex 206.319396974162 -65.8341732262861 1.2
vertex 202.48529760263463 -65.67471908248979 1.2
vertex 202.5336674883427 -65.8341732262861 1.2
endloop
endfacet
facet normal 0 0 1
outer loop
vertex 220.46633251165727 -65.8341732262861 1.2
vertex 220.51470239736543 -65.67471908248979 1.2
vertex 216.58577687199895 -65.67471908248979 1.2
endloop
endfacet
facet normal 0 0 1
outer loop
vertex 220.46633251165727 -65.8341732262861 1.2
vertex 216.58577687199895 -65.67471908248979 1.2
vertex 216.6255332551159 -65.8341732262861 1.2
endloop
endfacet
facet normal 0 0 1
outer loop
vertex 227.54097898493856 -65.8341732262861 1.2
vertex 227.50149625776058 -65.67471908248979 1.2
vertex 222.08529760263465 -65.67471908248979 1.2
endloop
endfacet
facet normal 0 0 1
outer loop
vertex 227.54097898493856 -65.8341732262861 1.2
vertex 222.08529760263465 -65.67471908248979 1.2
vertex 222.13366748834272 -65.8341732262861 1.2
endloop
endfacet
facet normal 0 0 1
outer loop
vertex 130.21470239736541 -65.67471908248979 1.2
vertex 130.29325082954287 -65.52776530193324 1.2
vertex 126.05 -65.52776530193324 1.2
endloop
endfacet
facet normal 0 0 1
outer loop
vertex 130.21470239736541 -65.67471908248979 1.2
vertex 126.05 -65.52776530193324 1.2
vertex 126.05 -65.67471908248979 1.2
endloop
endfacet
facet normal 0 0 1
outer loop
vertex 200.91470239736543 -65.67471908248979 1.2
vertex 200.9932508295429 -65.52776530193324 1.2
vertex 131.70674917045704 -65.52776530193324 1.2
endloop
endfacet
facet normal 0 0 1
outer loop
vertex 200.91470239736543 -65.67471908248979 1.2
vertex 131.70674917045704 -65.52776530193324 1.2
vertex 131.78529760263467 -65.67471908248979 1.2
endloop
endfacet
facet normal 0 0 1
outer loop
vertex 206.27964059052675 -65.67471908248979 1.2
vertex 206.24300089752558 -65.52776530193324 1.2
vertex 202.40674917045712 -65.52776530193324 1.2
endloop
endfacet
facet normal 0 0 1
outer loop
vertex 206.27964059052675 -65.67471908248979 1.2
vertex 202.40674917045712 -65.52776530193324 1.2
vertex 202.48529760263463 -65.67471908248979 1.2
endloop
endfacet
facet normal 0 0 1
outer loop
vertex 220.51470239736543 -65.67471908248979 1.2
vertex 220.59325082954282 -65.52776530193324 1.2
vertex 216.5491371794755 -65.52776530193324 1.2
endloop
endfacet
facet normal 0 0 1
outer loop
vertex 220.51470239736543 -65.67471908248979 1.2
vertex 216.5491371794755 -65.52776530193324 1.2
vertex 216.58577687199895 -65.67471908248979 1.2
endloop
endfacet
facet normal 0 0 1
outer loop
vertex 227.50149625776058 -65.67471908248979 1.2
vertex 227.46510876799488 -65.52776530193324 1.2
vertex 222.0067491704571 -65.52776530193324 1.2
endloop
endfacet
facet normal 0 0 1
outer loop
vertex 227.50149625776058 -65.67471908248979 1.2
vertex 222.0067491704571 -65.52776530193324 1.2
vertex 222.08529760263465 -65.67471908248979 1.2
endloop
endfacet
facet normal 0 0 1
outer loop
vertex 130.29325082954287 -65.52776530193324 1.2
vertex 130.3989592359915 -65.39895923599154 1.2
vertex 126.05 -65.39895923599154 1.2
endloop
endfacet
facet normal 0 0 1
outer loop
vertex 130.29325082954287 -65.52776530193324 1.2
vertex 126.05 -65.39895923599154 1.2
vertex 126.05 -65.52776530193324 1.2
endloop
endfacet
facet normal 0 0 1
outer loop
vertex 200.9932508295429 -65.52776530193324 1.2
vertex 201.09895923599137 -65.39895923599154 1.2
vertex 131.60104076400867 -65.39895923599154 1.2
endloop
endfacet
facet normal 0 0 1
outer loop
vertex 200.9932508295429 -65.52776530193324 1.2
vertex 131.60104076400867 -65.39895923599154 1.2
vertex 131.70674917045704 -65.52776530193324 1.2
endloop
endfacet
facet normal 0 0 1
outer loop
vertex 206.24300089752558 -65.52776530193324 1.2
vertex 206.21088593801304 -65.39895923599154 1.2
vertex 202.30104076400875 -65.39895923599154 1.2
endloop
endfacet
facet normal 0 0 1
outer loop
vertex 206.24300089752558 -65.52776530193324 1.2
vertex 202.30104076400875 -65.39895923599154 1.2
vertex 202.40674917045712 -65.52776530193324 1.2
endloop
endfacet
facet normal 0 0 1
outer loop
vertex 220.59325082954282 -65.52776530193324 1.2
vertex 220.69895923599154 -65.39895923599154 1.2
vertex 216.51702222038165 -65.39895923599154 1.2
endloop
endfacet
facet normal 0 0 1
outer loop
vertex 220.59325082954282 -65.52776530193324 1.2
vertex 216.51702222038165 -65.39895923599154 1.2
vertex 216.5491371794755 -65.52776530193324 1.2
endloop
endfacet
facet normal 0 0 1
outer loop
vertex 227.46510876799488 -65.52776530193324 1.2
vertex 227.43321486646704 -65.39895923599154 1.2
vertex 221.90104076400868 -65.39895923599154 1.2
endloop
endfacet
facet normal 0 0 1
outer loop
vertex 227.46510876799488 -65.52776530193324 1.2
vertex 221.90104076400868 -65.39895923599154 1.2
vertex 222.0067491704571 -65.52776530193324 1.2
endloop
endfacet
facet normal 0 0 1
outer loop
vertex 130.3989592359915 -65.39895923599154 1.2
vertex 130.52776530193324 -65.29325082954283 1.2
vertex 126.05 -65.29325082954283 1.2
endloop
endfacet
facet normal 0 0 1
outer loop
vertex 130.3989592359915 -65.39895923599154 1.2
vertex 126.05 -65.29325082954283 1.2
vertex 126.05 -65.39895923599154 1.2
endloop
endfacet
facet normal 0 0 1
outer loop
vertex 201.09895923599137 -65.39895923599154 1.2
vertex 201.2277653019333 -65.29325082954283 1.2
vertex 131.47223469806653 -65.29325082954283 1.2
endloop
endfacet
facet normal 0 0 1
outer loop
vertex 201.09895923599137 -65.39895923599154 1.2
vertex 131.47223469806653 -65.29325082954283 1.2
vertex 131.60104076400867 -65.39895923599154 1.2
endloop
endfacet
facet normal 0 0 1
outer loop
vertex 206.21088593801304 -65.39895923599154 1.2
vertex 206.18452987187268 -65.29325082954283 1.2
vertex 202.17223469806657 -65.29325082954283 1.2
endloop
endfacet
facet normal 0 0 1
outer loop
vertex 206.21088593801304 -65.39895923599154 1.2
vertex 202.17223469806657 -65.29325082954283 1.2
vertex 202.30104076400875 -65.39895923599154 1.2
endloop
endfacet
facet normal 0 0 1
outer loop
vertex 220.69895923599154 -65.39895923599154 1.2
vertex 220.8277653019332 -65.29325082954283 1.2
vertex 216.49066615458491 -65.29325082954283 1.2
endloop
endfacet
facet normal 0 0 1
outer loop
vertex 220.69895923599154 -65.39895923599154 1.2
vertex 216.49066615458491 -65.29325082954283 1.2
vertex 216.51702222038165 -65.39895923599154 1.2
endloop
endfacet
facet normal 0 0 1
outer loop
vertex 227.43321486646704 -65.39895923599154 1.2
vertex 227.40704021792632 -65.29325082954283 1.2
vertex 221.77223469806665 -65.29325082954283 1.2
endloop
endfacet
facet normal 0 0 1
outer loop
vertex 227.43321486646704 -65.39895923599154 1.2
vertex 221.77223469806665 -65.29325082954283 1.2
vertex 221.90104076400868 -65.39895923599154 1.2
endloop
endfacet
facet normal 0 0 1
outer loop
vertex 130.52776530193324 -65.29325082954283 1.2
vertex 130.67471908248973 -65.21470239736537 1.2
vertex 126.05 -65.21470239736537 1.2
endloop
endfacet
facet normal 0 0 1
outer loop
vertex 130.52776530193324 -65.29325082954283 1.2
vertex 126.05 -65.21470239736537 1.2
vertex 126.05 -65.29325082954283 1.2
endloop
endfacet
facet normal 0 0 1
outer loop
vertex 201.2277653019333 -65.29325082954283 1.2
vertex 201.3747190824897 -65.21470239736537 1.2
vertex 131.3252809175103 -65.21470239736537 1.2
endloop
endfacet
facet normal 0 0 1
outer loop
vertex 201.2277653019333 -65.29325082954283 1.2
vertex 131.3252809175103 -65.21470239736537 1.2
vertex 131.47223469806653 -65.29325082954283 1.2
endloop
endfacet
facet normal 0 0 1
outer loop
vertex 206.18452987187268 -65.29325082954283 1.2
vertex 206.16494554794576 -65.21470239736537 1.2
vertex 202.02528091751034 -65.21470239736537 1.2
endloop
endfacet
facet normal 0 0 1
outer loop
vertex 206.18452987187268 -65.29325082954283 1.2
vertex 202.02528091751034 -65.21470239736537 1.2
vertex 202.17223469806657 -65.29325082954283 1.2
endloop
endfacet
facet normal 0 0 1
outer loop
vertex 220.8277653019332 -65.29325082954283 1.2
vertex 220.97471908248974 -65.21470239736537 1.2
vertex 216.47108183091333 -65.21470239736537 1.2
endloop
endfacet
facet normal 0 0 1
outer loop
vertex 220.8277653019332 -65.29325082954283 1.2
vertex 216.47108183091333 -65.21470239736537 1.2
vertex 216.49066615458491 -65.29325082954283 1.2
endloop
endfacet
facet normal 0 0 1
outer loop
vertex 227.40704021792632 -65.29325082954283 1.2
vertex 227.38759069943728 -65.21470239736537 1.2
vertex 221.62528091751028 -65.21470239736537 1.2
endloop
endfacet
facet normal 0 0 1
outer loop
vertex 227.40704021792632 -65.29325082954283 1.2
vertex 221.62528091751028 -65.21470239736537 1.2
vertex 221.77223469806665 -65.29325082954283 1.2
endloop
endfacet
facet normal 0 0 1
outer loop
vertex 130.67471908248973 -65.21470239736537 1.2
vertex 130.83417322628625 -65.16633251165726 1.2
vertex 126.05 -65.16633251165726 1.2
endloop
endfacet
facet normal 0 0 1
outer loop
vertex 130.67471908248973 -65.21470239736537 1.2
vertex 126.05 -65.16633251165726 1.2
vertex 126.05 -65.21470239736537 1.2
endloop
endfacet
facet normal 0 0 1
outer loop
vertex 201.3747190824897 -65.21470239736537 1.2
vertex 201.53417322628624 -65.16633251165726 1.2
vertex 131.16582677371375 -65.16633251165726 1.2
endloop
endfacet
facet normal 0 0 1
outer loop
vertex 201.3747190824897 -65.21470239736537 1.2
vertex 131.16582677371375 -65.16633251165726 1.2
vertex 131.3252809175103 -65.21470239736537 1.2
endloop
endfacet
facet normal 0 0 1
outer loop
vertex 206.16494554794576 -65.21470239736537 1.2
vertex 206.15288558081778 -65.16633251165726 1.2
vertex 201.8658267737138 -65.16633251165726 1.2
endloop
endfacet
facet normal 0 0 1
outer loop
vertex 206.16494554794576 -65.21470239736537 1.2
vertex 201.8658267737138 -65.16633251165726 1.2
vertex 202.02528091751034 -65.21470239736537 1.2
endloop
endfacet
facet normal 0 0 1
outer loop
vertex 220.97471908248974 -65.21470239736537 1.2
vertex 221.1341732262862 -65.16633251165726 1.2
vertex 216.45902186394258 -65.16633251165726 1.2
endloop
endfacet
facet normal 0 0 1
outer loop
vertex 220.97471908248974 -65.21470239736537 1.2
vertex 216.45902186394258 -65.16633251165726 1.2
vertex 216.47108183091333 -65.21470239736537 1.2
endloop
endfacet
facet normal 0 0 1
outer loop
vertex 227.38759069943728 -65.21470239736537 1.2
vertex 227.37561374508806 -65.16633251165726 1.2
vertex 221.46582677371381 -65.16633251165726 1.2
endloop
endfacet
facet normal 0 0 1
outer loop
vertex 227.38759069943728 -65.21470239736537 1.2
vertex 221.46582677371381 -65.16633251165726 1.2
vertex 221.62528091751028 -65.21470239736537 1.2
endloop
endfacet
facet normal 0 0 1
outer loop
vertex 130.83417322628625 -65.16633251165726 1.2
vertex 131 -65.15 1.2
vertex 126.05 -65.15 1.2
endloop
endfacet
facet normal 0 0 1
outer loop
vertex 130.83417322628625 -65.16633251165726 1.2
vertex 126.05 -65.15 1.2
vertex 126.05 -65.16633251165726 1.2
endloop
endfacet
facet normal 0 0 1
outer loop
vertex 201.53417322628624 -65.16633251165726 1.2
vertex 201.70000000000002 -65.15 1.2
vertex 131 -65.15 1.2
endloop
endfacet
facet normal 0 0 1
outer loop
vertex 201.53417322628624 -65.16633251165726 1.2
vertex 131 -65.15 1.2
vertex 131.16582677371375 -65.16633251165726 1.2
endloop
endfacet
facet normal 0 0 1
outer loop
vertex 206.15288558081778 -65.16633251165726 1.2
vertex 206.1488134282621 -65.15 1.2
vertex 201.70000000000002 -65.15 1.2
endloop
endfacet
facet normal 0 0 1
outer loop
vertex 206.15288558081778 -65.16633251165726 1.2
vertex 201.70000000000002 -65.15 1.2
vertex 201.8658267737138 -65.16633251165726 1.2
endloop
endfacet
facet normal 0 0 1
outer loop
vertex 221.1341732262862 -65.16633251165726 1.2
vertex 221.30000000000007 -65.15 1.2
vertex 216.45494971143998 -65.15 1.2
endloop
endfacet
facet normal 0 0 1
outer loop
vertex 221.1341732262862 -65.16633251165726 1.2
vertex 216.45494971143998 -65.15 1.2
vertex 216.45902186394258 -65.16633251165726 1.2
endloop
endfacet
facet normal 0 0 1
outer loop
vertex 227.37561374508806 -65.16633251165726 1.2
vertex 227.37156962251748 -65.15 1.2
vertex 221.30000000000007 -65.15 1.2
endloop
endfacet
facet normal 0 0 1
outer loop
vertex 227.37561374508806 -65.16633251165726 1.2
vertex 221.30000000000007 -65.15 1.2
vertex 221.46582677371381 -65.16633251165726 1.2
endloop
endfacet
facet normal 0 0 1
outer loop
vertex 131 -65.15 1.2
vertex 201.70000000000002 -65.15 1.2
vertex 206.1488134282621 -65.15 1.2
endloop
endfacet
facet normal 0 0 1
outer loop
vertex 131 -65.15 1.2
vertex 206.1488134282621 -65.15 1.2
vertex 204.85854099999995 -59.974999999999994 1.2
endloop
endfacet
facet normal 0 0 1
outer loop
vertex 131 -65.15 1.2
vertex 204.85854099999995 -59.974999999999994 1.2
vertex 126.05 -59.974999999999994 1.2
endloop
endfacet
facet normal 0 0 1
outer loop
vertex 131 -65.15 1.2
vertex 126.05 -59.974999999999994 1.2
vertex 126.05 -65.15 1.2
endloop
endfacet
facet normal 0 0 1
outer loop
vertex 221.30000000000007 -65.15 1.2
vertex 227.37156962251748 -65.15 1.2
vertex 226.65447099999986 -62.25393999999946 1.2
endloop
endfacet
facet normal 0 0 1
outer loop
vertex 221.30000000000007 -65.15 1.2
vertex 226.65447099999986 -62.25393999999946 1.2
vertex 226.49528365481606 -61.78264436203007 1.2
endloop
endfacet
facet normal 0 0 1
outer loop
vertex 221.30000000000007 -65.15 1.2
vertex 226.49528365481606 -61.78264436203007 1.2
vertex 226.26040458771755 -61.34413322981672 1.2
endloop
endfacet
facet normal 0 0 1
outer loop
vertex 221.30000000000007 -65.15 1.2
vertex 226.26040458771755 -61.34413322981672 1.2
vertex 225.95629193408118 -60.95046371977742 1.2
endloop
endfacet
facet normal 0 0 1
outer loop
vertex 221.30000000000007 -65.15 1.2
vertex 225.95629193408118 -60.95046371977742 1.2
vertex 225.59130744666464 -60.61246000207353 1.2
endloop
endfacet
facet normal 0 0 1
outer loop
vertex 221.30000000000007 -65.15 1.2
vertex 225.59130744666464 -60.61246000207353 1.2
vertex 225.17548658439304 -60.3394156838103 1.2
endloop
endfacet
facet normal 0 0 1
outer loop
vertex 221.30000000000007 -65.15 1.2
vertex 225.17548658439304 -60.3394156838103 1.2
vertex 224.72026258162902 -60.13883827595055 1.2
endloop
endfacet
facet normal 0 0 1
outer loop
vertex 221.30000000000007 -65.15 1.2
vertex 224.72026258162902 -60.13883827595055 1.2
vertex 224.23815208480246 -60.01624276997269 1.2
endloop
endfacet
facet normal 0 0 1
outer loop
vertex 221.30000000000007 -65.15 1.2
vertex 224.23815208480246 -60.01624276997269 1.2
vertex 223.7424120000001 -59.974999999999994 1.2
endloop
endfacet
facet normal 0 0 1
outer loop
vertex 221.30000000000007 -65.15 1.2
vertex 223.7424120000001 -59.974999999999994 1.2
vertex 215.1646773 -59.974999999999994 1.2
endloop
endfacet
facet normal 0 0 1
outer loop
vertex 221.30000000000007 -65.15 1.2
vertex 215.1646773 -59.974999999999994 1.2
vertex 216.45494971143998 -65.15 1.2
endloop
endfacet
facet normal -0.9968803795538481 -0.0789272377609649 0
outer loop
vertex 87.51237198505883 -160.2648227359683 1.2
vertex 87.47499704999998 -159.7927633999998 1.2
vertex 87.47499704999998 -159.7927633999999 0
endloop
endfacet
facet normal -0.9968803795538481 -0.0789272377609649 0
outer loop
vertex 87.51237198505883 -160.2648227359683 1.2
vertex 87.47499704999998 -159.7927633999999 0
vertex 87.51237198505883 -160.26482273596832 0
endloop
endfacet
facet normal -0.9720421859698015 -0.23480627907926535 0
outer loop
vertex 87.62356134985798 -160.72512027843504 1.2
vertex 87.51237198505883 -160.2648227359683 1.2
vertex 87.51237198505883 -160.26482273596832 0
endloop
endfacet
facet normal -0.9720421859698015 -0.23480627907926535 0
outer loop
vertex 87.62356134985798 -160.72512027843504 1.2
vertex 87.51237198505883 -160.26482273596832 0
vertex 87.62356134985797 -160.72512027843504 0
endloop
endfacet
facet normal -0.9229853558493122 -0.38483507232023223 0
outer loop
vertex 87.80579483787002 -161.16218761683106 1.2
vertex 87.62356134985798 -160.72512027843504 1.2
vertex 87.62356134985797 -160.72512027843504 0
endloop
endfacet
facet normal -0.9229853558493122 -0.38483507232023223 0
outer loop
vertex 87.80579483787002 -161.16218761683106 1.2
vertex 87.62356134985797 -160.72512027843504 0
vertex 87.80579483786995 -161.16218761683092 0
endloop
endfacet
facet normal -0.8509321504845531 -0.5252756183868943 0
outer loop
vertex 88.05453206321988 -161.5651351260311 1.2
vertex 87.80579483787002 -161.16218761683106 1.2
vertex 87.80579483786995 -161.16218761683092 0
endloop
endfacet
facet normal -0.8509321504845531 -0.5252756183868943 0
outer loop
vertex 88.05453206321988 -161.5651351260311 1.2
vertex 87.80579483786995 -161.16218761683092 0
vertex 88.0545320632199 -161.56513512603112 0
endloop
endfacet
facet normal -0.7576777907180484 -0.65262881138716 0
outer loop
vertex 88.36357568535941 -161.9239232836677 1.2
vertex 88.05453206321988 -161.5651351260311 1.2
vertex 88.0545320632199 -161.56513512603112 0
endloop
endfacet
facet normal -0.7576777907180484 -0.65262881138716 0
outer loop
vertex 88.36357568535941 -161.9239232836677 1.2
vertex 88.0545320632199 -161.56513512603112 0
vertex 88.36357568535944 -161.92392328366776 0
endloop
endfacet
facet normal -0.6455457286357102 -0.763721619597213 0
outer loop
vertex 88.72522581711674 -162.22961280695188 1.2
vertex 88.36357568535941 -161.9239232836677 1.2
vertex 88.36357568535944 -161.92392328366776 0
endloop
endfacet
facet normal -0.6455457286357102 -0.763721619597213 0
outer loop
vertex 88.72522581711674 -162.22961280695188 1.2
vertex 88.36357568535944 -161.92392328366776 0
vertex 88.72522581711652 -162.2296128069517 0
endloop
endfacet
facet normal -0.5173297582671523 -0.8557861422173474 0
outer loop
vertex 89.13047186901137 -162.4745873767926 1.2
vertex 88.72522581711674 -162.22961280695188 1.2
vertex 88.72522581711652 -162.2296128069517 0
endloop
endfacet
facet normal -0.5173297582671523 -0.8557861422173474 0
outer loop
vertex 89.13047186901137 -162.4745873767926 1.2
vertex 88.72522581711652 -162.2296128069517 0
vertex 89.13047186901166 -162.47458737679275 0
endloop
endfacet
facet normal -0.37623274292070485 -0.9265251875444955 0
outer loop
vertex 89.56921410000052 -162.65274680000016 1.2
vertex 89.13047186901137 -162.4745873767926 1.2
vertex 89.13047186901166 -162.47458737679275 0
endloop
endfacet
facet normal -0.37623274292070485 -0.9265251875444955 0
outer loop
vertex 89.56921410000052 -162.65274680000016 1.2
vertex 89.13047186901166 -162.47458737679275 0
vertex 89.56921410000022 -162.65274680000007 0
endloop
endfacet
facet normal 0 0 -1
outer loop
vertex 233.24738309999984 -208.15696179999995 1.2
vertex 216.08654228790607 -202.7219636 1.2
vertex 188.7217172217167 -194.0552685 1.2
endloop
endfacet
facet normal 0 0 -1
outer loop
vertex 233.24738309999984 -208.15696179999995 1.2
vertex 188.7217172217167 -194.0552685 1.2
vertex 150.71287916902452 -182.01751530000004 1.2
endloop
endfacet
facet normal 0 0 -1
outer loop
vertex 233.24738309999984 -208.15696179999995 1.2
vertex 150.71287916902452 -182.01751530000004 1.2
vertex 136.70940519557405 -177.5824846 1.2
endloop
endfacet
facet normal 0 0 -1
outer loop
vertex 233.24738309999984 -208.15696179999995 1.2
vertex 136.70940519557405 -177.5824846 1.2
vertex 114.76499247358768 -170.63248459999997 1.2
endloop
endfacet
facet normal 0 0 -1
outer loop
vertex 233.24738309999984 -208.15696179999995 1.2
vertex 114.76499247358768 -170.63248459999997 1.2
vertex 109.61047221104293 -169 1.2
endloop
endfacet
facet normal 0 0 -1
outer loop
vertex 233.24738309999984 -208.15696179999995 1.2
vertex 109.61047221104293 -169 1.2
vertex 89.56921410000052 -162.65274680000016 1.2
endloop
endfacet
facet normal 0 0 -1
outer loop
vertex 233.24738309999984 -208.15696179999995 1.2
vertex 89.56921410000052 -162.65274680000016 1.2
vertex 89.56921410000022 -162.65274680000007 0
endloop
endfacet
facet normal 0 0 -1
outer loop
vertex 233.24738309999984 -208.15696179999995 1.2
vertex 89.56921410000022 -162.65274680000007 0
vertex 109.6104722110429 -169 0
endloop
endfacet
facet normal 0 0 -1
outer loop
vertex 233.24738309999984 -208.15696179999995 1.2
vertex 109.6104722110429 -169 0
vertex 114.76499247358765 -170.63248459999997 0
endloop
endfacet
facet normal 0 0 -1
outer loop
vertex 233.24738309999984 -208.15696179999995 1.2
vertex 114.76499247358765 -170.63248459999997 0
vertex 136.70940519557402 -177.5824846 0
endloop
endfacet
facet normal 0 0 -1
outer loop
vertex 233.24738309999984 -208.15696179999995 1.2
vertex 136.70940519557402 -177.5824846 0
vertex 150.71287916902443 -182.0175153 0
endloop
endfacet
facet normal 0 0 -1
outer loop
vertex 233.24738309999984 -208.15696179999995 1.2
vertex 150.71287916902443 -182.0175153 0
vertex 188.7217172217166 -194.05526849999998 0
endloop
endfacet
facet normal 0 0 -1
outer loop
vertex 233.24738309999984 -208.15696179999995 1.2
vertex 188.7217172217166 -194.05526849999998 0
vertex 216.08654228790607 -202.7219636 0
endloop
endfacet
facet normal 0 0 -1
outer loop
vertex 233.24738309999984 -208.15696179999995 1.2
vertex 216.08654228790607 -202.7219636 0
vertex 233.24738309999975 -208.15696179999992 0
endloop
endfacet
facet normal -0.25281338009835974 -0.9675150618172528 0
outer loop
vertex 233.5440029903105 -208.2344690968197 1.2
vertex 233.24738309999984 -208.15696179999995 1.2
vertex 233.24738309999975 -208.15696179999992 0
endloop
endfacet
facet normal -0.25281338009835974 -0.9675150618172528 0
outer loop
vertex 233.5440029903105 -208.2344690968197 1.2
vertex 233.24738309999975 -208.15696179999992 0
vertex 233.5440029903103 -208.23446909681965 0
endloop
endfacet
facet normal -0.15274912195292217 -0.9882649977321929 0
outer loop
vertex 233.8469843771573 -208.28129878411525 1.2
vertex 233.5440029903105 -208.2344690968197 1.2
vertex 233.5440029903103 -208.23446909681965 0
endloop
endfacet
facet normal -0.15274912195292217 -0.9882649977321929 0
outer loop
vertex 233.8469843771573 -208.28129878411525 1.2
vertex 233.5440029903103 -208.23446909681965 0
vertex 233.84698437715795 -208.2812987841153 0
endloop
endfacet
facet normal 0 0 -1
outer loop
vertex 234.1531662000002 -208.2969636 1.2
vertex 234.1531343828964 -208.29696197217942 1.2
vertex 233.8469843771573 -208.28129878411525 1.2
endloop
endfacet
facet normal 0 0 -1
outer loop
vertex 234.1531662000002 -208.2969636 1.2
vertex 233.8469843771573 -208.28129878411525 1.2
vertex 233.84698437715795 -208.2812987841153 0
endloop
endfacet
facet normal 0 0 -1
outer loop
vertex 234.1531662000002 -208.2969636 1.2
vertex 233.84698437715795 -208.2812987841153 0
vertex 234.15313706551652 -208.29696180000002 0
endloop
endfacet
facet normal 0 0 -1
outer loop
vertex 234.1531662000002 -208.2969636 1.2
vertex 234.15313706551652 -208.29696180000002 0
vertex 234.15316619999967 -208.29696329054343 0
endloop
endfacet
facet normal 9.047306548382039e-8 -0.999999999999996 0
outer loop
vertex 254.04859755000012 -208.29696197217942 1.2
vertex 234.1531662000002 -208.2969636 1.2
vertex 234.15316619999967 -208.29696329054343 0
endloop
endfacet
facet normal 9.047306548382039e-8 -0.999999999999996 0
outer loop
vertex 254.04859755000012 -208.29696197217942 1.2
vertex 234.15316619999967 -208.29696329054343 0
vertex 254.04859754999973 -208.29696180000002 0
endloop
endfacet
facet normal 0.08715574274765463 -0.9961946980917459 0
outer loop
vertex 254.56954208300075 -208.25138505903664 1.2
vertex 254.04859755000012 -208.29696197217942 1.2
vertex 254.04859754999973 -208.29696180000002 0
endloop
endfacet
facet normal 0.08715574274765463 -0.9961946980917459 0
outer loop
vertex 254.56954208300075 -208.25138505903664 1.2
vertex 254.04859754999973 -208.29696180000002 0
vertex 254.5695420830009 -208.2513850590366 0
endloop
endfacet
facet normal 0.2588190451025404 -0.9659258262890631 0
outer loop
vertex 255.074657979977 -208.11603966235774 1.2
vertex 254.56954208300075 -208.25138505903664 1.2
vertex 254.5695420830009 -208.2513850590366 0
endloop
endfacet
facet normal 0.2588190451025404 -0.9659258262890631 0
outer loop
vertex 255.074657979977 -208.11603966235774 1.2
vertex 254.5695420830009 -208.2513850590366 0
vertex 255.0746579799772 -208.11603966235768 0
endloop
endfacet
facet normal 0.42261826174069467 -0.9063077870366523 0
outer loop
vertex 255.5485975500002 -207.89503801135322 1.2
vertex 255.074657979977 -208.11603966235774 1.2
vertex 255.0746579799772 -208.11603966235768 0
endloop
endfacet
facet normal 0.42261826174069467 -0.9063077870366523 0
outer loop
vertex 255.5485975500002 -207.89503801135322 1.2
vertex 255.0746579799772 -208.11603966235768 0
vertex 255.54859754999993 -207.8950380113534 0
endloop
endfacet
facet normal 0.5735764363510598 -0.8191520442889821 0
outer loop
vertex 255.9769603790593 -207.59509512935722 1.2
vertex 255.5485975500002 -207.89503801135322 1.2
vertex 255.54859754999993 -207.8950380113534 0
endloop
endfacet
facet normal 0.5735764363510598 -0.8191520442889821 0
outer loop
vertex 255.9769603790593 -207.59509512935722 1.2
vertex 255.54859754999993 -207.8950380113534 0
vertex 255.97696037905948 -207.59509512935708 0
endloop
endfacet
facet normal 0.707106781186576 -0.7071067811865192 0
outer loop
vertex 256.34673087935704 -207.2253246290595 1.2
vertex 255.9769603790593 -207.59509512935722 1.2
vertex 255.97696037905948 -207.59509512935708 0
endloop
endfacet
facet normal 0.707106781186576 -0.7071067811865192 0
outer loop
vertex 256.34673087935704 -207.2253246290595 1.2
vertex 255.97696037905948 -207.59509512935708 0
vertex 256.346730879357 -207.22532462905951 0
endloop
endfacet
facet normal 0.8191520442889461 -0.5735764363511113 0
outer loop
vertex 256.6466737613534 -206.79696179999993 1.2
vertex 256.34673087935704 -207.2253246290595 1.2
vertex 256.346730879357 -207.22532462905951 0
endloop
endfacet
facet normal 0.8191520442889461 -0.5735764363511113 0
outer loop
vertex 256.6466737613534 -206.79696179999993 1.2
vertex 256.346730879357 -207.22532462905951 0
vertex 256.6466737613534 -206.79696179999988 0
endloop
endfacet
facet normal 0.9063077870366228 -0.4226182617407576 0
outer loop
vertex 256.8676754123577 -206.3230222299771 1.2
vertex 256.6466737613534 -206.79696179999993 1.2
vertex 256.6466737613534 -206.79696179999988 0
endloop
endfacet
facet normal 0.9063077870366228 -0.4226182617407576 0
outer loop
vertex 256.8676754123577 -206.3230222299771 1.2
vertex 256.6466737613534 -206.79696179999988 0
vertex 256.8676754123577 -206.32302222997708 0
endloop
endfacet
facet normal 0.9659258262890784 -0.2588190451024838 0
outer loop
vertex 257.0030208090367 -205.8179063330004 1.2
vertex 256.8676754123577 -206.3230222299771 1.2
vertex 256.8676754123577 -206.32302222997708 0
endloop
endfacet
facet normal 0.9659258262890784 -0.2588190451024838 0
outer loop
vertex 257.0030208090367 -205.8179063330004 1.2
vertex 256.8676754123577 -206.32302222997708 0
vertex 257.0030208090367 -205.81790633300045 0
endloop
endfacet
facet normal 0.9961950787164863 -0.08715139207754422 0
outer loop
vertex 257.0485951 -205.29696360000003 1.2
vertex 257.0030208090367 -205.8179063330004 1.2
vertex 257.0030208090367 -205.81790633300045 0
endloop
endfacet
facet normal 0.9961950787164863 -0.08715139207754422 0
outer loop
vertex 257.0485951 -205.29696360000003 1.2
vertex 257.0030208090367 -205.81790633300045 0
vertex 257.0485951 -205.29696360000057 0
endloop
endfacet
facet normal 0 0 -1
outer loop
vertex 257.0485958 -185.36892914999962 1.2
vertex 257.04859573900865 -187.10526849999997 1.2
vertex 257.0485957357589 -187.19778390000002 1.2
endloop
endfacet
facet normal 0 0 -1
outer loop
vertex 257.0485958 -185.36892914999962 1.2
vertex 257.0485957357589 -187.19778390000002 1.2
vertex 257.0485957351852 -187.21411641165724 1.2
endloop
endfacet
facet normal 0 0 -1
outer loop
vertex 257.0485958 -185.36892914999962 1.2
vertex 257.0485957351852 -187.21411641165724 1.2
vertex 257.04859573348614 -187.26248629736543 1.2
endloop
endfacet
facet normal 0 0 -1
outer loop
vertex 257.0485958 -185.36892914999962 1.2
vertex 257.04859573348614 -187.26248629736543 1.2
vertex 257.048595730727 -187.3410347295428 1.2
endloop
endfacet
facet normal 0 0 -1
outer loop
vertex 257.0485958 -185.36892914999962 1.2
vertex 257.048595730727 -187.3410347295428 1.2
vertex 257.0485957270139 -187.4467431359914 1.2
endloop
endfacet
facet normal 0 0 -1
outer loop
vertex 257.0485958 -185.36892914999962 1.2
vertex 257.0485957270139 -187.4467431359914 1.2
vertex 257.0485957224894 -187.57554920193337 1.2
endloop
endfacet
facet normal 0 0 -1
outer loop
vertex 257.0485958 -185.36892914999962 1.2
vertex 257.0485957224894 -187.57554920193337 1.2
vertex 257.04859571732743 -187.72250298248974 1.2
endloop
endfacet
facet normal 0 0 -1
outer loop
vertex 257.0485958 -185.36892914999962 1.2
vertex 257.04859571732743 -187.72250298248974 1.2
vertex 257.04859571172636 -187.88195712628627 1.2
endloop
endfacet
facet normal 0 0 -1
outer loop
vertex 257.0485958 -185.36892914999962 1.2
vertex 257.04859571172636 -187.88195712628627 1.2
vertex 257.04859570590145 -188.04778389999987 1.2
endloop
endfacet
facet normal 0 0 -1
outer loop
vertex 257.0485958 -185.36892914999962 1.2
vertex 257.04859570590145 -188.04778389999987 1.2
vertex 257.0485957000766 -188.213610673714 1.2
endloop
endfacet
facet normal 0 0 -1
outer loop
vertex 257.0485958 -185.36892914999962 1.2
vertex 257.0485957000766 -188.213610673714 1.2
vertex 257.0485956944755 -188.37306481751028 1.2
endloop
endfacet
facet normal 0 0 -1
outer loop
vertex 257.0485958 -185.36892914999962 1.2
vertex 257.0485956944755 -188.37306481751028 1.2
vertex 257.0485956893136 -188.52001859806668 1.2
endloop
endfacet
facet normal 0 0 -1
outer loop
vertex 257.0485958 -185.36892914999962 1.2
vertex 257.0485956893136 -188.52001859806668 1.2
vertex 257.04859568478906 -188.64882466400846 1.2
endloop
endfacet
facet normal 0 0 -1
outer loop
vertex 257.0485958 -185.36892914999962 1.2
vertex 257.04859568478906 -188.64882466400846 1.2
vertex 257.04859568107594 -188.75453307045726 1.2
endloop
endfacet
facet normal 0 0 -1
outer loop
vertex 257.0485958 -185.36892914999962 1.2
vertex 257.04859568107594 -188.75453307045726 1.2
vertex 257.04859567870733 -188.8219636 1.2
endloop
endfacet
facet normal 0 0 -1
outer loop
vertex 257.0485958 -185.36892914999962 1.2
vertex 257.04859567870733 -188.8219636 1.2
vertex 257.04859519045044 -202.7219636 1.2
endloop
endfacet
facet normal 0 0 -1
outer loop
vertex 257.0485958 -185.36892914999962 1.2
vertex 257.04859519045044 -202.7219636 1.2
vertex 257.0485951 -205.29696360000003 1.2
endloop
endfacet
facet normal 0 0 -1
outer loop
vertex 257.0485958 -185.36892914999962 1.2
vertex 257.0485951 -205.29696360000003 1.2
vertex 257.0485951 -205.29696360000057 0
endloop
endfacet
facet normal 0 0 -1
outer loop
vertex 257.0485958 -185.36892914999962 1.2
vertex 257.0485951 -205.29696360000057 0
vertex 257.04859519045044 -202.7219636 0
endloop
endfacet
facet normal 0 0 -1
outer loop
vertex 257.0485958 -185.36892914999962 1.2
vertex 257.04859519045044 -202.7219636 0
vertex 257.04859567870733 -188.8219636 0
endloop
endfacet
facet normal 0 0 -1
outer loop
vertex 257.0485958 -185.36892914999962 1.2
vertex 257.04859567870733 -188.8219636 0
vertex 257.04859568107594 -188.75453307045723 0
endloop
endfacet
facet normal 0 0 -1
outer loop
vertex 257.0485958 -185.36892914999962 1.2
vertex 257.04859568107594 -188.75453307045723 0
vertex 257.04859568478906 -188.64882466400843 0
endloop
endfacet
facet normal 0 0 -1
outer loop
vertex 257.0485958 -185.36892914999962 1.2
vertex 257.04859568478906 -188.64882466400843 0
vertex 257.0485956893136 -188.52001859806677 0
endloop
endfacet
facet normal 0 0 -1
outer loop
vertex 257.0485958 -185.36892914999962 1.2
vertex 257.0485956893136 -188.52001859806677 0
vertex 257.0485956944755 -188.3730648175103 0
endloop
endfacet
facet normal 0 0 -1
outer loop
vertex 257.0485958 -185.36892914999962 1.2
vertex 257.0485956944755 -188.3730648175103 0
vertex 257.0485957000766 -188.21361067371382 0
endloop
endfacet
facet normal 0 0 -1
outer loop
vertex 257.0485958 -185.36892914999962 1.2
vertex 257.0485957000766 -188.21361067371382 0
vertex 257.04859570590145 -188.04778389999998 0
endloop
endfacet
facet normal 0 0 -1
outer loop
vertex 257.0485958 -185.36892914999962 1.2
vertex 257.04859570590145 -188.04778389999998 0
vertex 257.04859571172636 -187.88195712628615 0
endloop
endfacet
facet normal 0 0 -1
outer loop
vertex 257.0485958 -185.36892914999962 1.2
vertex 257.04859571172636 -187.88195712628615 0
vertex 257.04859571732743 -187.72250298248986 0
endloop
endfacet
facet normal 0 0 -1
outer loop
vertex 257.0485958 -185.36892914999962 1.2
vertex 257.04859571732743 -187.72250298248986 0
vertex 257.0485957224894 -187.57554920193337 0
endloop
endfacet
facet normal 0 0 -1
outer loop
vertex 257.0485958 -185.36892914999962 1.2
vertex 257.0485957224894 -187.57554920193337 0
vertex 257.0485957270139 -187.44674313599137 0
endloop
endfacet
facet normal 0 0 -1
outer loop
vertex 257.0485958 -185.36892914999962 1.2
vertex 257.0485957270139 -187.44674313599137 0
vertex 257.048595730727 -187.34103472954288 0
endloop
endfacet
facet normal 0 0 -1
outer loop
vertex 257.0485958 -185.36892914999962 1.2
vertex 257.048595730727 -187.34103472954288 0
vertex 257.04859573348614 -187.26248629736546 0
endloop
endfacet
facet normal 0 0 -1
outer loop
vertex 257.0485958 -185.36892914999962 1.2
vertex 257.04859573348614 -187.26248629736546 0
vertex 257.0485957351852 -187.21411641165724 0
endloop
endfacet
facet normal 0 0 -1
outer loop
vertex 257.0485958 -185.36892914999962 1.2
vertex 257.0485957351852 -187.21411641165724 0
vertex 257.0485957357589 -187.19778390000002 0
endloop
endfacet
facet normal 0 0 -1
outer loop
vertex 257.0485958 -185.36892914999962 1.2
vertex 257.0485957357589 -187.19778390000002 0
vertex 257.04859573900865 -187.10526849999994 0
endloop
endfacet
facet normal 0 0 -1
outer loop
vertex 257.0485958 -185.36892914999962 1.2
vertex 257.04859573900865 -187.10526849999994 0
vertex 257.0485958 -185.3689291499997 0
endloop
endfacet
facet normal 0.9991820061544939 0.04043907240628644 0
outer loop
vertex 257.03878271359963 -185.12646415828206 1.2
vertex 257.0485958 -185.36892914999962 1.2
vertex 257.0485958 -185.3689291499997 0
endloop
endfacet
facet normal 0.9991820061544939 0.04043907240628644 0
outer loop
vertex 257.03878271359963 -185.12646415828206 1.2
vertex 257.0485958 -185.3689291499997 0
vertex 257.03878271359963 -185.12646415828192 0
endloop
endfacet
facet normal 0.9926449091857847 0.12106231563763004 0
outer loop
vertex 257.0094053097055 -184.88558548132139 1.2
vertex 257.03878271359963 -185.12646415828206 1.2
vertex 257.03878271359963 -185.12646415828192 0
endloop
endfacet
facet normal 0.9926449091857847 0.12106231563763004 0
outer loop
vertex 257.0094053097055 -184.88558548132139 1.2
vertex 257.03878271359963 -185.12646415828192 0
vertex 257.0094053097055 -184.88558548132158 0
endloop
endfacet
facet normal 0.979609829518662 0.20090938731283292 0
outer loop
vertex 256.9606516000001 -184.6478683000004 1.2
vertex 257.0094053097055 -184.88558548132139 1.2
vertex 257.0094053097055 -184.88558548132158 0
endloop
endfacet
facet normal 0.979609829518662 0.20090938731283292 0
outer loop
vertex 256.9606516000001 -184.6478683000004 1.2
vertex 257.0094053097055 -184.88558548132158 0
vertex 256.9606516 -184.64786830000008 0
endloop
endfacet
facet normal 0 0 1
outer loop
vertex 226.65447099999986 -62.25393999999946 1.2
vertex 227.37156962251748 -65.15 1.2
vertex 227.37561374508806 -65.16633251165726 1.2
endloop
endfacet
facet normal 0 0 1
outer loop
vertex 226.65447099999986 -62.25393999999946 1.2
vertex 227.37561374508806 -65.16633251165726 1.2
vertex 227.38759069943728 -65.21470239736537 1.2
endloop
endfacet
facet normal 0 0 1
outer loop
vertex 226.65447099999986 -62.25393999999946 1.2
vertex 227.38759069943728 -65.21470239736537 1.2
vertex 227.40704021792632 -65.29325082954283 1.2
endloop
endfacet
facet normal 0 0 1
outer loop
vertex 226.65447099999986 -62.25393999999946 1.2
vertex 227.40704021792632 -65.29325082954283 1.2
vertex 227.43321486646704 -65.39895923599154 1.2
endloop
endfacet
facet normal 0 0 1
outer loop
vertex 226.65447099999986 -62.25393999999946 1.2
vertex 227.43321486646704 -65.39895923599154 1.2
vertex 227.46510876799488 -65.52776530193324 1.2
endloop
endfacet
facet normal 0 0 1
outer loop
vertex 226.65447099999986 -62.25393999999946 1.2
vertex 227.46510876799488 -65.52776530193324 1.2
vertex 227.50149625776058 -65.67471908248979 1.2
endloop
endfacet
facet normal 0 0 1
outer loop
vertex 226.65447099999986 -62.25393999999946 1.2
vertex 227.50149625776058 -65.67471908248979 1.2
vertex 227.54097898493856 -65.8341732262861 1.2
endloop
endfacet
facet normal 0 0 1
outer loop
vertex 226.65447099999986 -62.25393999999946 1.2
vertex 227.54097898493856 -65.8341732262861 1.2
vertex 227.58203965046582 -66.0000000000002 1.2
endloop
endfacet
facet normal 0 0 1
outer loop
vertex 226.65447099999986 -62.25393999999946 1.2
vertex 227.58203965046582 -66.0000000000002 1.2
vertex 227.62310031599293 -66.16582677371368 1.2
endloop
endfacet
facet normal 0 0 1
outer loop
vertex 226.65447099999986 -62.25393999999946 1.2
vertex 227.62310031599293 -66.16582677371368 1.2
vertex 227.66258304317097 -66.3252809175102 1.2
endloop
endfacet
facet normal 0 0 1
outer loop
vertex 226.65447099999986 -62.25393999999946 1.2
vertex 227.66258304317097 -66.3252809175102 1.2
vertex 227.69897053293664 -66.47223469806673 1.2
endloop
endfacet
facet normal 0 0 1
outer loop
vertex 226.65447099999986 -62.25393999999946 1.2
vertex 227.69897053293664 -66.47223469806673 1.2
vertex 227.7308644344645 -66.60104076400853 1.2
endloop
endfacet
facet normal 0 0 1
outer loop
vertex 226.65447099999986 -62.25393999999946 1.2
vertex 227.7308644344645 -66.60104076400853 1.2
vertex 227.75703908300522 -66.70674917045716 1.2
endloop
endfacet
facet normal 0 0 1
outer loop
vertex 226.65447099999986 -62.25393999999946 1.2
vertex 227.75703908300522 -66.70674917045716 1.2
vertex 227.77648860149426 -66.78529760263457 1.2
endloop
endfacet
facet normal 0 0 1
outer loop
vertex 226.65447099999986 -62.25393999999946 1.2
vertex 227.77648860149426 -66.78529760263457 1.2
vertex 227.7884655558435 -66.83366748834274 1.2
endloop
endfacet
facet normal 0 0 1
outer loop
vertex 226.65447099999986 -62.25393999999946 1.2
vertex 227.7884655558435 -66.83366748834274 1.2
vertex 227.79250967841404 -66.85 1.2
endloop
endfacet
facet normal 0 0 1
outer loop
vertex 226.65447099999986 -62.25393999999946 1.2
vertex 227.79250967841404 -66.85 1.2
vertex 230.04780742842752 -75.95819989999998 1.2
endloop
endfacet
facet normal 0 0 1
outer loop
vertex 226.65447099999986 -62.25393999999946 1.2
vertex 230.04780742842752 -75.95819989999998 1.2
vertex 230.6468345937722 -78.37741889999998 1.2
endloop
endfacet
facet normal 0 0 1
outer loop
vertex 226.65447099999986 -62.25393999999946 1.2
vertex 230.6468345937722 -78.37741889999998 1.2
vertex 230.81337360896575 -79.05 1.2
endloop
endfacet
facet normal 0 0 1
outer loop
vertex 226.65447099999986 -62.25393999999946 1.2
vertex 230.81337360896575 -79.05 1.2
vertex 233.28949158482777 -89.05 1.2
endloop
endfacet
facet normal 0 0 1
outer loop
vertex 226.65447099999986 -62.25393999999946 1.2
vertex 233.28949158482777 -89.05 1.2
vertex 236.73129557127604 -102.95 1.2
endloop
endfacet
facet normal 0 0 1
outer loop
vertex 226.65447099999986 -62.25393999999946 1.2
vertex 236.73129557127604 -102.95 1.2
vertex 237.99411573896566 -108.05 1.2
endloop
endfacet
facet normal 0 0 1
outer loop
vertex 226.65447099999986 -62.25393999999946 1.2
vertex 237.99411573896566 -108.05 1.2
vertex 241.4359197254139 -121.95 1.2
endloop
endfacet
facet normal 0 0 1
outer loop
vertex 226.65447099999986 -62.25393999999946 1.2
vertex 241.4359197254139 -121.95 1.2
vertex 241.8506694863708 -123.625 1.2
endloop
endfacet
facet normal 0 0 1
outer loop
vertex 226.65447099999986 -62.25393999999946 1.2
vertex 241.8506694863708 -123.625 1.2
vertex 241.85471360894135 -123.64133251165727 1.2
endloop
endfacet
facet normal 0 0 1
outer loop
vertex 226.65447099999986 -62.25393999999946 1.2
vertex 241.85471360894135 -123.64133251165727 1.2
vertex 241.86669056329058 -123.68970239736535 1.2
endloop
endfacet
facet normal 0 0 1
outer loop
vertex 226.65447099999986 -62.25393999999946 1.2
vertex 241.86669056329058 -123.68970239736535 1.2
vertex 241.88614008177962 -123.76825082954288 1.2
endloop
endfacet
facet normal 0 0 1
outer loop
vertex 226.65447099999986 -62.25393999999946 1.2
vertex 241.88614008177962 -123.76825082954288 1.2
vertex 241.9123147303203 -123.87395923599134 1.2
endloop
endfacet
facet normal 0 0 1
outer loop
vertex 226.65447099999986 -62.25393999999946 1.2
vertex 241.9123147303203 -123.87395923599134 1.2
vertex 241.94420863184823 -124.00276530193335 1.2
endloop
endfacet
facet normal 0 0 1
outer loop
vertex 226.65447099999986 -62.25393999999946 1.2
vertex 241.94420863184823 -124.00276530193335 1.2
vertex 241.98059612161381 -124.14971908248957 1.2
endloop
endfacet
facet normal 0 0 1
outer loop
vertex 226.65447099999986 -62.25393999999946 1.2
vertex 241.98059612161381 -124.14971908248957 1.2
vertex 242.02007884879188 -124.30917322628625 1.2
endloop
endfacet
facet normal 0 0 1
outer loop
vertex 226.65447099999986 -62.25393999999946 1.2
vertex 242.02007884879188 -124.30917322628625 1.2
vertex 242.06113951431905 -124.47499999999997 1.2
endloop
endfacet
facet normal 0 0 1
outer loop
vertex 226.65447099999986 -62.25393999999946 1.2
vertex 242.06113951431905 -124.47499999999997 1.2
vertex 242.10220017984622 -124.64082677371357 1.2
endloop
endfacet
facet normal 0 0 1
outer loop
vertex 226.65447099999986 -62.25393999999946 1.2
vertex 242.10220017984622 -124.64082677371357 1.2
vertex 242.14168290702438 -124.8002809175106 1.2
endloop
endfacet
facet normal 0 0 1
outer loop
vertex 226.65447099999986 -62.25393999999946 1.2
vertex 242.14168290702438 -124.8002809175106 1.2
vertex 242.1780703967899 -124.94723469806657 1.2
endloop
endfacet
facet normal 0 0 1
outer loop
vertex 226.65447099999986 -62.25393999999946 1.2
vertex 242.1780703967899 -124.94723469806657 1.2
vertex 242.20996429831783 -125.07604076400857 1.2
endloop
endfacet
facet normal 0 0 1
outer loop
vertex 226.65447099999986 -62.25393999999946 1.2
vertex 242.20996429831783 -125.07604076400857 1.2
vertex 242.23613894685852 -125.18174917045711 1.2
endloop
endfacet
facet normal 0 0 1
outer loop
vertex 226.65447099999986 -62.25393999999946 1.2
vertex 242.23613894685852 -125.18174917045711 1.2
vertex 242.25558846534756 -125.26029760263458 1.2
endloop
endfacet
facet normal 0 0 1
outer loop
vertex 226.65447099999986 -62.25393999999946 1.2
vertex 242.25558846534756 -125.26029760263458 1.2
vertex 242.2675654196968 -125.30866748834273 1.2
endloop
endfacet
facet normal 0 0 1
outer loop
vertex 226.65447099999986 -62.25393999999946 1.2
vertex 242.2675654196968 -125.30866748834273 1.2
vertex 242.27160954226736 -125.32499999999999 1.2
endloop
endfacet
facet normal 0 0 1
outer loop
vertex 226.65447099999986 -62.25393999999946 1.2
vertex 242.27160954226736 -125.32499999999999 1.2
vertex 242.69873989310355 -127.05 1.2
endloop
endfacet
facet normal 0 0 1
outer loop
vertex 226.65447099999986 -62.25393999999946 1.2
vertex 242.69873989310355 -127.05 1.2
vertex 246.14054387955179 -140.95 1.2
endloop
endfacet
facet normal 0 0 1
outer loop
vertex 226.65447099999986 -62.25393999999946 1.2
vertex 246.14054387955179 -140.95 1.2
vertex 247.70387624829345 -147.26364250000003 1.2
endloop
endfacet
facet normal 0 0 1
outer loop
vertex 226.65447099999986 -62.25393999999946 1.2
vertex 247.70387624829345 -147.26364250000003 1.2
vertex 249.42477824151757 -154.2136425 1.2
endloop
endfacet
facet normal 0 0 1
outer loop
vertex 226.65447099999986 -62.25393999999946 1.2
vertex 249.42477824151757 -154.2136425 1.2
vertex 252.22994081750664 -165.542515370092 1.2
endloop
endfacet
facet normal 0 0 1
outer loop
vertex 226.65447099999986 -62.25393999999946 1.2
vertex 252.22994081750664 -165.542515370092 1.2
vertex 255.2106305262577 -177.58026857009187 1.2
endloop
endfacet
facet normal 0 0 1
outer loop
vertex 226.65447099999986 -62.25393999999946 1.2
vertex 255.2106305262577 -177.58026857009187 1.2
vertex 256.93153251948183 -184.53026857009195 1.2
endloop
endfacet
facet normal 0 0 1
outer loop
vertex 226.65447099999986 -62.25393999999946 1.2
vertex 256.93153251948183 -184.53026857009195 1.2
vertex 256.9606516000001 -184.6478683000004 1.2
endloop
endfacet
facet normal 0 0 1
outer loop
vertex 226.65447099999986 -62.25393999999946 1.2
vertex 256.9606516000001 -184.6478683000004 1.2
vertex 256.9606516 -184.64786830000008 0
endloop
endfacet
facet normal 0 0 1
outer loop
vertex 226.65447099999986 -62.25393999999946 1.2
vertex 256.9606516 -184.64786830000008 0
vertex 256.9315325194818 -184.5302685700919 0
endloop
endfacet
facet normal 0 0 1
outer loop
vertex 226.65447099999986 -62.25393999999946 1.2
vertex 256.9315325194818 -184.5302685700919 0
vertex 255.21063052625766 -177.58026857009187 0
endloop
endfacet
facet normal 0 0 1
outer loop
vertex 226.65447099999986 -62.25393999999946 1.2
vertex 255.21063052625766 -177.58026857009187 0
vertex 252.22994081750662 -165.542515370092 0
endloop
endfacet
facet normal 0 0 1
outer loop
vertex 226.65447099999986 -62.25393999999946 1.2
vertex 252.22994081750662 -165.542515370092 0
vertex 249.42477824151757 -154.2136425 0
endloop
endfacet
facet normal 0 0 1
outer loop
vertex 226.65447099999986 -62.25393999999946 1.2
vertex 249.42477824151757 -154.2136425 0
vertex 247.70387624829345 -147.2636425 0
endloop
endfacet
facet normal 0 0 1
outer loop
vertex 226.65447099999986 -62.25393999999946 1.2
vertex 247.70387624829345 -147.2636425 0
vertex 246.14054387955179 -140.95 0
endloop
endfacet
facet normal 0 0 1
outer loop
vertex 226.65447099999986 -62.25393999999946 1.2
vertex 246.14054387955179 -140.95 0
vertex 242.69873989310355 -127.05 0
endloop
endfacet
facet normal 0 0 1
outer loop
vertex 226.65447099999986 -62.25393999999946 1.2
vertex 242.69873989310355 -127.05 0
vertex 242.27160954226733 -125.32499999999999 0
endloop
endfacet
facet normal 0 0 1
outer loop
vertex 226.65447099999986 -62.25393999999946 1.2
vertex 242.27160954226733 -125.32499999999999 0
vertex 242.26756541969678 -125.30866748834272 0
endloop
endfacet
facet normal 0 0 1
outer loop
vertex 226.65447099999986 -62.25393999999946 1.2
vertex 242.26756541969678 -125.30866748834272 0
vertex 242.25558846534756 -125.2602976026346 0
endloop
endfacet
facet normal 0 0 1
outer loop
vertex 226.65447099999986 -62.25393999999946 1.2
vertex 242.25558846534756 -125.2602976026346 0
vertex 242.23613894685852 -125.18174917045714 0
endloop
endfacet
facet normal 0 0 1
outer loop
vertex 226.65447099999986 -62.25393999999946 1.2
vertex 242.23613894685852 -125.18174917045714 0
vertex 242.20996429831783 -125.07604076400858 0
endloop
endfacet
facet normal 0 0 1
outer loop
vertex 226.65447099999986 -62.25393999999946 1.2
vertex 242.20996429831783 -125.07604076400858 0
vertex 242.1780703967899 -124.94723469806655 0
endloop
endfacet
facet normal 0 0 1
outer loop
vertex 226.65447099999986 -62.25393999999946 1.2
vertex 242.1780703967899 -124.94723469806655 0
vertex 242.14168290702438 -124.80028091751065 0
endloop
endfacet
facet normal 0 0 1
outer loop
vertex 226.65447099999986 -62.25393999999946 1.2
vertex 242.14168290702438 -124.80028091751065 0
vertex 242.10220017984622 -124.64082677371358 0
endloop
endfacet
facet normal 0 0 1
outer loop
vertex 226.65447099999986 -62.25393999999946 1.2
vertex 242.10220017984622 -124.64082677371358 0
vertex 242.06113951431902 -124.47499999999977 0
endloop
endfacet
facet normal 0 0 1
outer loop
vertex 226.65447099999986 -62.25393999999946 1.2
vertex 242.06113951431902 -124.47499999999977 0
vertex 242.02007884879194 -124.30917322628646 0
endloop
endfacet
facet normal 0 0 1
outer loop
vertex 226.65447099999986 -62.25393999999946 1.2
vertex 242.02007884879194 -124.30917322628646 0
vertex 241.9805961216138 -124.1497190824894 0
endloop
endfacet
facet normal 0 0 1
outer loop
vertex 226.65447099999986 -62.25393999999946 1.2
vertex 241.9805961216138 -124.1497190824894 0
vertex 241.94420863184823 -124.00276530193344 0
endloop
endfacet
facet normal 0 0 1
outer loop
vertex 226.65447099999986 -62.25393999999946 1.2
vertex 241.94420863184823 -124.00276530193344 0
vertex 241.9123147303203 -123.87395923599135 0
endloop
endfacet
facet normal 0 0 1
outer loop
vertex 226.65447099999986 -62.25393999999946 1.2
vertex 241.9123147303203 -123.87395923599135 0
vertex 241.88614008177962 -123.76825082954288 0
endloop
endfacet
facet normal 0 0 1
outer loop
vertex 226.65447099999986 -62.25393999999946 1.2
vertex 241.88614008177962 -123.76825082954288 0
vertex 241.86669056329058 -123.68970239736537 0
endloop
endfacet
facet normal 0 0 1
outer loop
vertex 226.65447099999986 -62.25393999999946 1.2
vertex 241.86669056329058 -123.68970239736537 0
vertex 241.85471360894135 -123.64133251165727 0
endloop
endfacet
facet normal 0 0 1
outer loop
vertex 226.65447099999986 -62.25393999999946 1.2
vertex 241.85471360894135 -123.64133251165727 0
vertex 241.8506694863708 -123.62500000000001 0
endloop
endfacet
facet normal 0 0 1
outer loop
vertex 226.65447099999986 -62.25393999999946 1.2
vertex 241.8506694863708 -123.62500000000001 0
vertex 241.4359197254139 -121.95 0
endloop
endfacet
facet normal 0 0 1
outer loop
vertex 226.65447099999986 -62.25393999999946 1.2
vertex 241.4359197254139 -121.95 0
vertex 237.99411573896566 -108.05 0
endloop
endfacet
facet normal 0 0 1
outer loop
vertex 226.65447099999986 -62.25393999999946 1.2
vertex 237.99411573896566 -108.05 0
vertex 236.731295571276 -102.95 0
endloop
endfacet
facet normal 0 0 1
outer loop
vertex 226.65447099999986 -62.25393999999946 1.2
vertex 236.731295571276 -102.95 0
vertex 233.28949158482777 -89.05 0
endloop
endfacet
facet normal 0 0 1
outer loop
vertex 226.65447099999986 -62.25393999999946 1.2
vertex 233.28949158482777 -89.05 0
vertex 230.81337360896575 -79.05 0
endloop
endfacet
facet normal 0 0 1
outer loop
vertex 226.65447099999986 -62.25393999999946 1.2
vertex 230.81337360896575 -79.05 0
vertex 230.64683459377224 -78.37741890000001 0
endloop
endfacet
facet normal 0 0 1
outer loop
vertex 226.65447099999986 -62.25393999999946 1.2
vertex 230.64683459377224 -78.37741890000001 0
vertex 230.04780742842755 -75.95819990000001 0
endloop
endfacet
facet normal 0 0 1
outer loop
vertex 226.65447099999986 -62.25393999999946 1.2
vertex 230.04780742842755 -75.95819990000001 0
vertex 227.79250967841404 -66.85 0
endloop
endfacet
facet normal 0 0 1
outer loop
vertex 226.65447099999986 -62.25393999999946 1.2
vertex 227.79250967841404 -66.85 0
vertex 227.7884655558435 -66.83366748834274 0
endloop
endfacet
facet normal 0 0 1
outer loop
vertex 226.65447099999986 -62.25393999999946 1.2
vertex 227.7884655558435 -66.83366748834274 0
vertex 227.77648860149426 -66.7852976026346 0
endloop
endfacet
facet normal 0 0 1
outer loop
vertex 226.65447099999986 -62.25393999999946 1.2
vertex 227.77648860149426 -66.7852976026346 0
vertex 227.75703908300522 -66.70674917045719 0
endloop
endfacet
facet normal 0 0 1
outer loop
vertex 226.65447099999986 -62.25393999999946 1.2
vertex 227.75703908300522 -66.70674917045719 0
vertex 227.7308644344645 -66.60104076400853 0
endloop
endfacet
facet normal 0 0 1
outer loop
vertex 226.65447099999986 -62.25393999999946 1.2
vertex 227.7308644344645 -66.60104076400853 0
vertex 227.69897053293664 -66.47223469806667 0
endloop
endfacet
facet normal 0 0 1
outer loop
vertex 226.65447099999986 -62.25393999999946 1.2
vertex 227.69897053293664 -66.47223469806667 0
vertex 227.662583043171 -66.32528091751034 0
endloop
endfacet
facet normal 0 0 1
outer loop
vertex 226.65447099999986 -62.25393999999946 1.2
vertex 227.662583043171 -66.32528091751034 0
vertex 227.62310031599293 -66.16582677371369 0
endloop
endfacet
facet normal 0 0 1
outer loop
vertex 226.65447099999986 -62.25393999999946 1.2
vertex 227.62310031599293 -66.16582677371369 0
vertex 227.5820396504658 -66.00000000000011 0
endloop
endfacet
facet normal 0 0 1
outer loop
vertex 226.65447099999986 -62.25393999999946 1.2
vertex 227.5820396504658 -66.00000000000011 0
vertex 227.5409789849386 -65.83417322628623 0
endloop
endfacet
facet normal 0 0 1
outer loop
vertex 226.65447099999986 -62.25393999999946 1.2
vertex 227.5409789849386 -65.83417322628623 0
vertex 227.50149625776055 -65.67471908248972 0
endloop
endfacet
facet normal 0 0 1
outer loop
vertex 226.65447099999986 -62.25393999999946 1.2
vertex 227.50149625776055 -65.67471908248972 0
vertex 227.4651087679949 -65.52776530193336 0
endloop
endfacet
facet normal 0 0 1
outer loop
vertex 226.65447099999986 -62.25393999999946 1.2
vertex 227.4651087679949 -65.52776530193336 0
vertex 227.43321486646707 -65.39895923599155 0
endloop
endfacet
facet normal 0 0 1
outer loop
vertex 226.65447099999986 -62.25393999999946 1.2
vertex 227.43321486646707 -65.39895923599155 0
vertex 227.40704021792632 -65.29325082954283 0
endloop
endfacet
facet normal 0 0 1
outer loop
vertex 226.65447099999986 -62.25393999999946 1.2
vertex 227.40704021792632 -65.29325082954283 0
vertex 227.38759069943728 -65.21470239736541 0
endloop
endfacet
facet normal 0 0 1
outer loop
vertex 226.65447099999986 -62.25393999999946 1.2
vertex 227.38759069943728 -65.21470239736541 0
vertex 227.37561374508806 -65.16633251165726 0
endloop
endfacet
facet normal 0 0 1
outer loop
vertex 226.65447099999986 -62.25393999999946 1.2
vertex 227.37561374508806 -65.16633251165726 0
vertex 227.3715696225175 -65.15 0
endloop
endfacet
facet normal 0 0 1
outer loop
vertex 226.65447099999986 -62.25393999999946 1.2
vertex 227.3715696225175 -65.15 0
vertex 226.6544709999999 -62.25393999999956 0
endloop
endfacet
facet normal 0.9474160763994014 0.3200043408767506 0
outer loop
vertex 226.49528365481606 -61.78264436203007 1.2
vertex 226.65447099999986 -62.25393999999946 1.2
vertex 226.6544709999999 -62.25393999999956 0
endloop
endfacet
facet normal 0.9474160763994014 0.3200043408767506 0
outer loop
vertex 226.49528365481606 -61.78264436203007 1.2
vertex 226.6544709999999 -62.25393999999956 0
vertex 226.49528365481612 -61.782644362030254 0
endloop
endfacet
facet normal 0.8815114396743822 0.47216266447401184 0
outer loop
vertex 226.26040458771755 -61.34413322981672 1.2
vertex 226.49528365481606 -61.78264436203007 1.2
vertex 226.49528365481612 -61.782644362030254 0
endloop
endfacet
facet normal 0.8815114396743822 0.47216266447401184 0
outer loop
vertex 226.26040458771755 -61.34413322981672 1.2
vertex 226.49528365481612 -61.782644362030254 0
vertex 226.26040458771755 -61.34413322981679 0
endloop
endfacet
facet normal 0.7913691376520304 0.6113386033712264 0
outer loop
vertex 225.95629193408118 -60.95046371977742 1.2
vertex 226.26040458771755 -61.34413322981672 1.2
vertex 226.26040458771755 -61.34413322981679 0
endloop
endfacet
facet normal 0.7913691376520304 0.6113386033712264 0
outer loop
vertex 225.95629193408118 -60.95046371977742 1.2
vertex 226.26040458771755 -61.34413322981679 0
vertex 225.95629193408098 -60.950463719777204 0
endloop
endfacet
facet normal 0.6794676849008809 0.7337054348820357 0
outer loop
vertex 225.59130744666464 -60.61246000207353 1.2
vertex 225.95629193408118 -60.95046371977742 1.2
vertex 225.95629193408098 -60.950463719777204 0
endloop
endfacet
facet normal 0.6794676849008809 0.7337054348820357 0
outer loop
vertex 225.59130744666464 -60.61246000207353 1.2
vertex 225.95629193408098 -60.950463719777204 0
vertex 225.5913074466647 -60.61246000207359 0
endloop
endfacet
facet normal 0.5488838763847618 0.8358986124194954 0
outer loop
vertex 225.17548658439304 -60.3394156838103 1.2
vertex 225.59130744666464 -60.61246000207353 1.2
vertex 225.5913074466647 -60.61246000207359 0
endloop
endfacet
facet normal 0.5488838763847618 0.8358986124194954 0
outer loop
vertex 225.17548658439304 -60.3394156838103 1.2
vertex 225.5913074466647 -60.61246000207359 0
vertex 225.17548658439304 -60.33941568381029 0
endloop
endfacet
facet normal 0.4032081892108642 0.9151082756446343 0
outer loop
vertex 224.72026258162902 -60.13883827595055 1.2
vertex 225.17548658439304 -60.3394156838103 1.2
vertex 225.17548658439304 -60.33941568381029 0
endloop
endfacet
facet normal 0.4032081892108642 0.9151082756446343 0
outer loop
vertex 224.72026258162902 -60.13883827595055 1.2
vertex 225.17548658439304 -60.33941568381029 0
vertex 224.72026258162904 -60.13883827595055 0
endloop
endfacet
facet normal 0.24644606039220207 0.9691565091960963 0
outer loop
vertex 224.23815208480246 -60.01624276997269 1.2
vertex 224.72026258162902 -60.13883827595055 1.2
vertex 224.72026258162904 -60.13883827595055 0
endloop
endfacet
facet normal 0.24644606039220207 0.9691565091960963 0
outer loop
vertex 224.23815208480246 -60.01624276997269 1.2
vertex 224.72026258162904 -60.13883827595055 0
vertex 224.23815208480246 -60.01624276997268 0
endloop
endfacet
facet normal 0.08290792113749036 0.9965572119114186 0
outer loop
vertex 223.7424120000001 -59.974999999999994 1.2
vertex 224.23815208480246 -60.01624276997269 1.2
vertex 224.23815208480246 -60.01624276997268 0
endloop
endfacet
facet normal 0.08290792113749036 0.9965572119114186 0
outer loop
vertex 223.7424120000001 -59.974999999999994 1.2
vertex 224.23815208480246 -60.01624276997268 0
vertex 223.74241200000017 -59.974999999999994 0
endloop
endfacet
facet normal 0 1 0
outer loop
vertex 204.85854099999995 -59.974999999999994 1.2
vertex 204.85854099999997 -59.974999999999994 0
vertex 126.05 -59.974999999999994 0
endloop
endfacet
facet normal 0 1 0
outer loop
vertex 204.85854099999995 -59.974999999999994 1.2
vertex 126.05 -59.974999999999994 0
vertex 126.05 -59.974999999999994 1.2
endloop
endfacet
facet normal 0 1 0
outer loop
vertex 223.7424120000001 -59.974999999999994 1.2
vertex 223.74241200000017 -59.974999999999994 0
vertex 215.1646773 -59.974999999999994 0
endloop
endfacet
facet normal 0 1 0
outer loop
vertex 223.7424120000001 -59.974999999999994 1.2
vertex 215.1646773 -59.974999999999994 0
vertex 215.1646773 -59.974999999999994 1.2
endloop
endfacet
facet normal 0 0 -1
outer loop
vertex 219.1497366 -75.95819989999998 1.2
vertex 216.87880731519803 -66.85 1.2
vertex 216.87473516269546 -66.83366748834274 1.2
endloop
endfacet
facet normal 0 0 -1
outer loop
vertex 219.1497366 -75.95819989999998 1.2
vertex 216.87473516269546 -66.83366748834274 1.2
vertex 216.86267519572468 -66.78529760263457 1.2
endloop
endfacet
facet normal 0 0 -1
outer loop
vertex 219.1497366 -75.95819989999998 1.2
vertex 216.86267519572468 -66.78529760263457 1.2
vertex 216.8430908720531 -66.70674917045716 1.2
endloop
endfacet
facet normal 0 0 -1
outer loop
vertex 219.1497366 -75.95819989999998 1.2
vertex 216.8430908720531 -66.70674917045716 1.2
vertex 216.8167348062564 -66.60104076400853 1.2
endloop
endfacet
facet normal 0 0 -1
outer loop
vertex 219.1497366 -75.95819989999998 1.2
vertex 216.8167348062564 -66.60104076400853 1.2
vertex 216.78461984716253 -66.47223469806673 1.2
endloop
endfacet
facet normal 0 0 -1
outer loop
vertex 219.1497366 -75.95819989999998 1.2
vertex 216.78461984716253 -66.47223469806673 1.2
vertex 216.74798015463907 -66.3252809175102 1.2
endloop
endfacet
facet normal 0 0 -1
outer loop
vertex 219.1497366 -75.95819989999998 1.2
vertex 216.74798015463907 -66.3252809175102 1.2
vertex 216.70822377152209 -66.16582677371368 1.2
endloop
endfacet
facet normal 0 0 -1
outer loop
vertex 219.1497366 -75.95819989999998 1.2
vertex 216.70822377152209 -66.16582677371368 1.2
vertex 216.66687851331906 -66.0000000000002 1.2
endloop
endfacet
facet normal 0 0 -1
outer loop
vertex 219.1497366 -75.95819989999998 1.2
vertex 216.66687851331906 -66.0000000000002 1.2
vertex 216.6255332551159 -65.8341732262861 1.2
endloop
endfacet
facet normal 0 0 -1
outer loop
vertex 219.1497366 -75.95819989999998 1.2
vertex 216.6255332551159 -65.8341732262861 1.2
vertex 216.58577687199895 -65.67471908248979 1.2
endloop
endfacet
facet normal 0 0 -1
outer loop
vertex 219.1497366 -75.95819989999998 1.2
vertex 216.58577687199895 -65.67471908248979 1.2
vertex 216.5491371794755 -65.52776530193324 1.2
endloop
endfacet
facet normal 0 0 -1
outer loop
vertex 219.1497366 -75.95819989999998 1.2
vertex 216.5491371794755 -65.52776530193324 1.2
vertex 216.51702222038165 -65.39895923599154 1.2
endloop
endfacet
facet normal 0 0 -1
outer loop
vertex 219.1497366 -75.95819989999998 1.2
vertex 216.51702222038165 -65.39895923599154 1.2
vertex 216.49066615458491 -65.29325082954283 1.2
endloop
endfacet
facet normal 0 0 -1
outer loop
vertex 219.1497366 -75.95819989999998 1.2
vertex 216.49066615458491 -65.29325082954283 1.2
vertex 216.47108183091333 -65.21470239736537 1.2
endloop
endfacet
facet normal 0 0 -1
outer loop
vertex 219.1497366 -75.95819989999998 1.2
vertex 216.47108183091333 -65.21470239736537 1.2
vertex 216.45902186394258 -65.16633251165726 1.2
endloop
endfacet
facet normal 0 0 -1
outer loop
vertex 219.1497366 -75.95819989999998 1.2
vertex 216.45902186394258 -65.16633251165726 1.2
vertex 216.45494971143998 -65.15 1.2
endloop
endfacet
facet normal 0 0 -1
outer loop
vertex 219.1497366 -75.95819989999998 1.2
vertex 216.45494971143998 -65.15 1.2
vertex 215.1646773 -59.974999999999994 1.2
endloop
endfacet
facet normal 0 0 -1
outer loop
vertex 219.1497366 -75.95819989999998 1.2
vertex 215.1646773 -59.974999999999994 1.2
vertex 215.1646773 -59.974999999999994 0
endloop
endfacet
facet normal 0 0 -1
outer loop
vertex 219.1497366 -75.95819989999998 1.2
vertex 215.1646773 -59.974999999999994 0
vertex 216.45494971143998 -65.15 0
endloop
endfacet
facet normal 0 0 -1
outer loop
vertex 219.1497366 -75.95819989999998 1.2
vertex 216.45494971143998 -65.15 0
vertex 216.45902186394258 -65.16633251165726 0
endloop
endfacet
facet normal 0 0 -1
outer loop
vertex 219.1497366 -75.95819989999998 1.2
vertex 216.45902186394258 -65.16633251165726 0
vertex 216.47108183091333 -65.21470239736541 0
endloop
endfacet
facet normal 0 0 -1
outer loop
vertex 219.1497366 -75.95819989999998 1.2
vertex 216.47108183091333 -65.21470239736541 0
vertex 216.49066615458491 -65.29325082954283 0
endloop
endfacet
facet normal 0 0 -1
outer loop
vertex 219.1497366 -75.95819989999998 1.2
vertex 216.49066615458491 -65.29325082954283 0
vertex 216.51702222038165 -65.39895923599155 0
endloop
endfacet
facet normal 0 0 -1
outer loop
vertex 219.1497366 -75.95819989999998 1.2
vertex 216.51702222038165 -65.39895923599155 0
vertex 216.5491371794755 -65.52776530193336 0
endloop
endfacet
facet normal 0 0 -1
outer loop
vertex 219.1497366 -75.95819989999998 1.2
vertex 216.5491371794755 -65.52776530193336 0
vertex 216.58577687199895 -65.67471908248972 0
endloop
endfacet
facet normal 0 0 -1
outer loop
vertex 219.1497366 -75.95819989999998 1.2
vertex 216.58577687199895 -65.67471908248972 0
vertex 216.62553325511593 -65.83417322628623 0
endloop
endfacet
facet normal 0 0 -1
outer loop
vertex 219.1497366 -75.95819989999998 1.2
vertex 216.62553325511593 -65.83417322628623 0
vertex 216.66687851331903 -66.00000000000011 0
endloop
endfacet
facet normal 0 0 -1
outer loop
vertex 219.1497366 -75.95819989999998 1.2
vertex 216.66687851331903 -66.00000000000011 0
vertex 216.70822377152209 -66.16582677371369 0
endloop
endfacet
facet normal 0 0 -1
outer loop
vertex 219.1497366 -75.95819989999998 1.2
vertex 216.70822377152209 -66.16582677371369 0
vertex 216.7479801546391 -66.32528091751034 0
endloop
endfacet
facet normal 0 0 -1
outer loop
vertex 219.1497366 -75.95819989999998 1.2
vertex 216.7479801546391 -66.32528091751034 0
vertex 216.7846198471625 -66.47223469806667 0
endloop
endfacet
facet normal 0 0 -1
outer loop
vertex 219.1497366 -75.95819989999998 1.2
vertex 216.7846198471625 -66.47223469806667 0
vertex 216.8167348062564 -66.60104076400853 0
endloop
endfacet
facet normal 0 0 -1
outer loop
vertex 219.1497366 -75.95819989999998 1.2
vertex 216.8167348062564 -66.60104076400853 0
vertex 216.84309087205312 -66.70674917045719 0
endloop
endfacet
facet normal 0 0 -1
outer loop
vertex 219.1497366 -75.95819989999998 1.2
vertex 216.84309087205312 -66.70674917045719 0
vertex 216.86267519572468 -66.7852976026346 0
endloop
endfacet
facet normal 0 0 -1
outer loop
vertex 219.1497366 -75.95819989999998 1.2
vertex 216.86267519572468 -66.7852976026346 0
vertex 216.87473516269546 -66.83366748834274 0
endloop
endfacet
facet normal 0 0 -1
outer loop
vertex 219.1497366 -75.95819989999998 1.2
vertex 216.87473516269546 -66.83366748834274 0
vertex 216.87880731519803 -66.85 0
endloop
endfacet
facet normal 0 0 -1
outer loop
vertex 219.1497366 -75.95819989999998 1.2
vertex 216.87880731519803 -66.85 0
vertex 219.1497366 -75.95819990000001 0
endloop
endfacet
facet normal -0.2419219012156617 0.970295724875772 0
outer loop
vertex 209.44677939999997 -78.37741889999998 1.2
vertex 219.1497366 -75.95819989999998 1.2
vertex 219.1497366 -75.95819990000001 0
endloop
endfacet
facet normal -0.2419219012156617 0.970295724875772 0
outer loop
vertex 209.44677939999997 -78.37741889999998 1.2
vertex 219.1497366 -75.95819990000001 0
vertex 209.44677939999997 -78.37741890000001 0
endloop
endfacet
facet normal 0 0 1
outer loop
vertex 204.85854099999995 -59.974999999999994 1.2
vertex 206.1488134282621 -65.15 1.2
vertex 206.15288558081778 -65.16633251165726 1.2
endloop
endfacet
facet normal 0 0 1
outer loop
vertex 204.85854099999995 -59.974999999999994 1.2
vertex 206.15288558081778 -65.16633251165726 1.2
vertex 206.16494554794576 -65.21470239736537 1.2
endloop
endfacet
facet normal 0 0 1
outer loop
vertex 204.85854099999995 -59.974999999999994 1.2
vertex 206.16494554794576 -65.21470239736537 1.2
vertex 206.18452987187268 -65.29325082954283 1.2
endloop
endfacet
facet normal 0 0 1
outer loop
vertex 204.85854099999995 -59.974999999999994 1.2
vertex 206.18452987187268 -65.29325082954283 1.2
vertex 206.21088593801304 -65.39895923599154 1.2
endloop
endfacet
facet normal 0 0 1
outer loop
vertex 204.85854099999995 -59.974999999999994 1.2
vertex 206.21088593801304 -65.39895923599154 1.2
vertex 206.24300089752558 -65.52776530193324 1.2
endloop
endfacet
facet normal 0 0 1
outer loop
vertex 204.85854099999995 -59.974999999999994 1.2
vertex 206.24300089752558 -65.52776530193324 1.2
vertex 206.27964059052675 -65.67471908248979 1.2
endloop
endfacet
facet normal 0 0 1
outer loop
vertex 204.85854099999995 -59.974999999999994 1.2
vertex 206.27964059052675 -65.67471908248979 1.2
vertex 206.319396974162 -65.8341732262861 1.2
endloop
endfacet
facet normal 0 0 1
outer loop
vertex 204.85854099999995 -59.974999999999994 1.2
vertex 206.319396974162 -65.8341732262861 1.2
vertex 206.36074223290424 -66.0000000000002 1.2
endloop
endfacet
facet normal 0 0 1
outer loop
vertex 204.85854099999995 -59.974999999999994 1.2
vertex 206.36074223290424 -66.0000000000002 1.2
vertex 206.40208749164628 -66.16582677371368 1.2
endloop
endfacet
facet normal 0 0 1
outer loop
vertex 204.85854099999995 -59.974999999999994 1.2
vertex 206.40208749164628 -66.16582677371368 1.2
vertex 206.44184387528162 -66.3252809175102 1.2
endloop
endfacet
facet normal 0 0 1
outer loop
vertex 204.85854099999995 -59.974999999999994 1.2
vertex 206.44184387528162 -66.3252809175102 1.2
vertex 206.47848356828277 -66.47223469806673 1.2
endloop
endfacet
facet normal 0 0 1
outer loop
vertex 204.85854099999995 -59.974999999999994 1.2
vertex 206.47848356828277 -66.47223469806673 1.2
vertex 206.51059852779537 -66.60104076400853 1.2
endloop
endfacet
facet normal 0 0 1
outer loop
vertex 204.85854099999995 -59.974999999999994 1.2
vertex 206.51059852779537 -66.60104076400853 1.2
vertex 206.5369545939357 -66.70674917045716 1.2
endloop
endfacet
facet normal 0 0 1
outer loop
vertex 204.85854099999995 -59.974999999999994 1.2
vertex 206.5369545939357 -66.70674917045716 1.2
vertex 206.55653891786258 -66.78529760263457 1.2
endloop
endfacet
facet normal 0 0 1
outer loop
vertex 204.85854099999995 -59.974999999999994 1.2
vertex 206.55653891786258 -66.78529760263457 1.2
vertex 206.5685988849906 -66.83366748834274 1.2
endloop
endfacet
facet normal 0 0 1
outer loop
vertex 204.85854099999995 -59.974999999999994 1.2
vertex 206.5685988849906 -66.83366748834274 1.2
vertex 206.57267103754626 -66.85 1.2
endloop
endfacet
facet normal 0 0 1
outer loop
vertex 204.85854099999995 -59.974999999999994 1.2
vertex 206.57267103754626 -66.85 1.2
vertex 207.86917666594493 -72.05 1.2
endloop
endfacet
facet normal 0 0 1
outer loop
vertex 204.85854099999995 -59.974999999999994 1.2
vertex 207.86917666594493 -72.05 1.2
vertex 209.44677939999997 -78.37741889999998 1.2
endloop
endfacet
facet normal 0 0 1
outer loop
vertex 204.85854099999995 -59.974999999999994 1.2
vertex 209.44677939999997 -78.37741889999998 1.2
vertex 209.44677939999997 -78.37741890000001 0
endloop
endfacet
facet normal 0 0 1
outer loop
vertex 204.85854099999995 -59.974999999999994 1.2
vertex 209.44677939999997 -78.37741890000001 0
vertex 207.86917666594496 -72.05 0
endloop
endfacet
facet normal 0 0 1
outer loop
vertex 204.85854099999995 -59.974999999999994 1.2
vertex 207.86917666594496 -72.05 0
vertex 206.57267103754629 -66.85 0
endloop
endfacet
facet normal 0 0 1
outer loop
vertex 204.85854099999995 -59.974999999999994 1.2
vertex 206.57267103754629 -66.85 0
vertex 206.56859888499062 -66.83366748834274 0
endloop
endfacet
facet normal 0 0 1
outer loop
vertex 204.85854099999995 -59.974999999999994 1.2
vertex 206.56859888499062 -66.83366748834274 0
vertex 206.5565389178626 -66.7852976026346 0
endloop
endfacet
facet normal 0 0 1
outer loop
vertex 204.85854099999995 -59.974999999999994 1.2
vertex 206.5565389178626 -66.7852976026346 0
vertex 206.5369545939357 -66.70674917045719 0
endloop
endfacet
facet normal 0 0 1
outer loop
vertex 204.85854099999995 -59.974999999999994 1.2
vertex 206.5369545939357 -66.70674917045719 0
vertex 206.51059852779537 -66.60104076400853 0
endloop
endfacet
facet normal 0 0 1
outer loop
vertex 204.85854099999995 -59.974999999999994 1.2
vertex 206.51059852779537 -66.60104076400853 0
vertex 206.47848356828277 -66.47223469806667 0
endloop
endfacet
facet normal 0 0 1
outer loop
vertex 204.85854099999995 -59.974999999999994 1.2
vertex 206.47848356828277 -66.47223469806667 0
vertex 206.44184387528168 -66.32528091751034 0
endloop
endfacet
facet normal 0 0 1
outer loop
vertex 204.85854099999995 -59.974999999999994 1.2
vertex 206.44184387528168 -66.32528091751034 0
vertex 206.4020874916463 -66.16582677371369 0
endloop
endfacet
facet normal 0 0 1
outer loop
vertex 204.85854099999995 -59.974999999999994 1.2
vertex 206.4020874916463 -66.16582677371369 0
vertex 206.36074223290422 -66.00000000000011 0
endloop
endfacet
facet normal 0 0 1
outer loop
vertex 204.85854099999995 -59.974999999999994 1.2
vertex 206.36074223290422 -66.00000000000011 0
vertex 206.31939697416206 -65.83417322628623 0
endloop
endfacet
facet normal 0 0 1
outer loop
vertex 204.85854099999995 -59.974999999999994 1.2
vertex 206.31939697416206 -65.83417322628623 0
vertex 206.27964059052675 -65.67471908248972 0
endloop
endfacet
facet normal 0 0 1
outer loop
vertex 204.85854099999995 -59.974999999999994 1.2
vertex 206.27964059052675 -65.67471908248972 0
vertex 206.24300089752563 -65.52776530193336 0
endloop
endfacet
facet normal 0 0 1
outer loop
vertex 204.85854099999995 -59.974999999999994 1.2
vertex 206.24300089752563 -65.52776530193336 0
vertex 206.21088593801304 -65.39895923599155 0
endloop
endfacet
facet normal 0 0 1
outer loop
vertex 204.85854099999995 -59.974999999999994 1.2
vertex 206.21088593801304 -65.39895923599155 0
vertex 206.18452987187268 -65.29325082954283 0
endloop
endfacet
facet normal 0 0 1
outer loop
vertex 204.85854099999995 -59.974999999999994 1.2
vertex 206.18452987187268 -65.29325082954283 0
vertex 206.1649455479458 -65.21470239736541 0
endloop
endfacet
facet normal 0 0 1
outer loop
vertex 204.85854099999995 -59.974999999999994 1.2
vertex 206.1649455479458 -65.21470239736541 0
vertex 206.15288558081778 -65.16633251165726 0
endloop
endfacet
facet normal 0 0 1
outer loop
vertex 204.85854099999995 -59.974999999999994 1.2
vertex 206.15288558081778 -65.16633251165726 0
vertex 206.14881342826212 -65.15 0
endloop
endfacet
facet normal 0 0 1
outer loop
vertex 204.85854099999995 -59.974999999999994 1.2
vertex 206.14881342826212 -65.15 0
vertex 204.85854099999997 -59.974999999999994 0
endloop
endfacet
facet normal -1 0 0
outer loop
vertex 126.05 -79.05 1.2
vertex 126.05 -72.05 1.2
vertex 126.05 -66.85 1.2
endloop
endfacet
facet normal -1 0 0
outer loop
vertex 126.05 -79.05 1.2
vertex 126.05 -66.85 1.2
vertex 126.05 -66.83366748834274 1.2
endloop
endfacet
facet normal -1 0 0
outer loop
vertex 126.05 -79.05 1.2
vertex 126.05 -66.83366748834274 1.2
vertex 126.05 -66.78529760263457 1.2
endloop
endfacet
facet normal -1 0 0
outer loop
vertex 126.05 -79.05 1.2
vertex 126.05 -66.78529760263457 1.2
vertex 126.05 -66.70674917045716 1.2
endloop
endfacet
facet normal -1 0 0
outer loop
vertex 126.05 -79.05 1.2
vertex 126.05 -66.70674917045716 1.2
vertex 126.05 -66.60104076400853 1.2
endloop
endfacet
facet normal -1 0 0
outer loop
vertex 126.05 -79.05 1.2
vertex 126.05 -66.60104076400853 1.2
vertex 126.05 -66.47223469806673 1.2
endloop
endfacet
facet normal -1 0 0
outer loop
vertex 126.05 -79.05 1.2
vertex 126.05 -66.47223469806673 1.2
vertex 126.05 -66.3252809175102 1.2
endloop
endfacet
facet normal -1 0 0
outer loop
vertex 126.05 -79.05 1.2
vertex 126.05 -66.3252809175102 1.2
vertex 126.05 -66.16582677371368 1.2
endloop
endfacet
facet normal -1 0 0
outer loop
vertex 126.05 -79.05 1.2
vertex 126.05 -66.16582677371368 1.2
vertex 126.05 -66.0000000000002 1.2
endloop
endfacet
facet normal -1 0 0
outer loop
vertex 126.05 -79.05 1.2
vertex 126.05 -66.0000000000002 1.2
vertex 126.05 -65.8341732262861 1.2
endloop
endfacet
facet normal -1 0 0
outer loop
vertex 126.05 -79.05 1.2
vertex 126.05 -65.8341732262861 1.2
vertex 126.05 -65.67471908248979 1.2
endloop
endfacet
facet normal -1 0 0
outer loop
vertex 126.05 -79.05 1.2
vertex 126.05 -65.67471908248979 1.2
vertex 126.05 -65.52776530193324 1.2
endloop
endfacet
facet normal -1 0 0
outer loop
vertex 126.05 -79.05 1.2
vertex 126.05 -65.52776530193324 1.2
vertex 126.05 -65.39895923599154 1.2
endloop
endfacet
facet normal -1 0 0
outer loop
vertex 126.05 -79.05 1.2
vertex 126.05 -65.39895923599154 1.2
vertex 126.05 -65.29325082954283 1.2
endloop
endfacet
facet normal -1 0 0
outer loop
vertex 126.05 -79.05 1.2
vertex 126.05 -65.29325082954283 1.2
vertex 126.05 -65.21470239736537 1.2
endloop
endfacet
facet normal -1 0 0
outer loop
vertex 126.05 -79.05 1.2
vertex 126.05 -65.21470239736537 1.2
vertex 126.05 -65.16633251165726 1.2
endloop
endfacet
facet normal -1 0 0
outer loop
vertex 126.05 -79.05 1.2
vertex 126.05 -65.16633251165726 1.2
vertex 126.05 -65.15 1.2
endloop
endfacet
facet normal -1 0 0
outer loop
vertex 126.05 -79.05 1.2
vertex 126.05 -65.15 1.2
vertex 126.05 -59.974999999999994 1.2
endloop
endfacet
facet normal -1 0 0
outer loop
vertex 126.05 -79.05 1.2
vertex 126.05 -59.974999999999994 1.2
vertex 126.05 -59.974999999999994 0
endloop
endfacet
facet normal -1 0 0
outer loop
vertex 126.05 -79.05 1.2
vertex 126.05 -59.974999999999994 0
vertex 126.05 -65.15 0
endloop
endfacet
facet normal -1 0 0
outer loop
vertex 126.05 -79.05 1.2
vertex 126.05 -65.15 0
vertex 126.05 -65.16633251165726 0
endloop
endfacet
facet normal -1 0 0
outer loop
vertex 126.05 -79.05 1.2
vertex 126.05 -65.16633251165726 0
vertex 126.05 -65.21470239736541 0
endloop
endfacet
facet normal -1 0 0
outer loop
vertex 126.05 -79.05 1.2
vertex 126.05 -65.21470239736541 0
vertex 126.05 -65.29325082954283 0
endloop
endfacet
facet normal -1 0 0
outer loop
vertex 126.05 -79.05 1.2
vertex 126.05 -65.29325082954283 0
vertex 126.05 -65.39895923599155 0
endloop
endfacet
facet normal -1 0 0
outer loop
vertex 126.05 -79.05 1.2
vertex 126.05 -65.39895923599155 0
vertex 126.05 -65.52776530193336 0
endloop
endfacet
facet normal -1 0 0
outer loop
vertex 126.05 -79.05 1.2
vertex 126.05 -65.52776530193336 0
vertex 126.05 -65.67471908248972 0
endloop
endfacet
facet normal -1 0 0
outer loop
vertex 126.05 -79.05 1.2
vertex 126.05 -65.67471908248972 0
vertex 126.05 -65.83417322628623 0
endloop
endfacet
facet normal -1 0 0
outer loop
vertex 126.05 -79.05 1.2
vertex 126.05 -65.83417322628623 0
vertex 126.05 -66.00000000000011 0
endloop
endfacet
facet normal -1 0 0
outer loop
vertex 126.05 -79.05 1.2
vertex 126.05 -66.00000000000011 0
vertex 126.05 -66.16582677371369 0
endloop
endfacet
facet normal -1 0 0
outer loop
vertex 126.05 -79.05 1.2
vertex 126.05 -66.16582677371369 0
vertex 126.05 -66.32528091751034 0
endloop
endfacet
facet normal -1 0 0
outer loop
vertex 126.05 -79.05 1.2
vertex 126.05 -66.32528091751034 0
vertex 126.05 -66.47223469806667 0
endloop
endfacet
facet normal -1 0 0
outer loop
vertex 126.05 -79.05 1.2
vertex 126.05 -66.47223469806667 0
vertex 126.05 -66.60104076400853 0
endloop
endfacet
facet normal -1 0 0
outer loop
vertex 126.05 -79.05 1.2
vertex 126.05 -66.60104076400853 0
vertex 126.05 -66.70674917045719 0
endloop
endfacet
facet normal -1 0 0
outer loop
vertex 126.05 -79.05 1.2
vertex 126.05 -66.70674917045719 0
vertex 126.05 -66.7852976026346 0
endloop
endfacet
facet normal -1 0 0
outer loop
vertex 126.05 -79.05 1.2
vertex 126.05 -66.7852976026346 0
vertex 126.05 -66.83366748834274 0
endloop
endfacet
facet normal -1 0 0
outer loop
vertex 126.05 -79.05 1.2
vertex 126.05 -66.83366748834274 0
vertex 126.05 -66.85 0
endloop
endfacet
facet normal -1 0 0
outer loop
vertex 126.05 -79.05 1.2
vertex 126.05 -66.85 0
vertex 126.05 -72.05 0
endloop
endfacet
facet normal -1 0 0
outer loop
vertex 126.05 -79.05 1.2
vertex 126.05 -72.05 0
vertex 126.05 -79.05 0
endloop
endfacet
facet normal -1 0 0
outer loop
vertex 126.05 -79.05 1.2
vertex 126.05 -79.05 0
vertex 126.05 -81.2 0
endloop
endfacet
facet normal -1 0 0
outer loop
vertex 126.05 -79.05 1.2
vertex 126.05 -81.2 0
vertex 126.05 -81.2 1.2
endloop
endfacet
facet normal 0 1 0
outer loop
vertex 126.05 -81.2 1.2
vertex 126.05 -81.2 0
vertex 87.475 -81.2 0
endloop
endfacet
facet normal 0 1 0
outer loop
vertex 126.05 -81.2 1.2
vertex 87.475 -81.2 0
vertex 87.475 -81.2 1.2
endloop
endfacet
facet normal 0 0 -1
outer loop
vertex 87.47499704999998 -159.7927633999998 1.2
vertex 87.47499715670385 -156.95 1.2
vertex 87.474997678444 -143.05 1.2
endloop
endfacet
facet normal 0 0 -1
outer loop
vertex 87.47499704999998 -159.7927633999998 1.2
vertex 87.474997678444 -143.05 1.2
vertex 87.47499774319233 -141.325 1.2
endloop
endfacet
facet normal 0 0 -1
outer loop
vertex 87.47499704999998 -159.7927633999998 1.2
vertex 87.47499774319233 -141.325 1.2
vertex 87.47499774380537 -141.30866748834276 1.2
endloop
endfacet
facet normal 0 0 -1
outer loop
vertex 87.47499704999998 -159.7927633999998 1.2
vertex 87.47499774380537 -141.30866748834276 1.2
vertex 87.47499774562095 -141.2602976026346 1.2
endloop
endfacet
facet normal 0 0 -1
outer loop
vertex 87.47499704999998 -159.7927633999998 1.2
vertex 87.47499774562095 -141.2602976026346 1.2
vertex 87.47499774856928 -141.1817491704572 1.2
endloop
endfacet
facet normal 0 0 -1
outer loop
vertex 87.47499704999998 -159.7927633999998 1.2
vertex 87.47499774856928 -141.1817491704572 1.2
vertex 87.47499775253708 -141.07604076400852 1.2
endloop
endfacet
facet normal 0 0 -1
outer loop
vertex 87.47499704999998 -159.7927633999998 1.2
vertex 87.47499775253708 -141.07604076400852 1.2
vertex 87.47499775737185 -140.94723469806658 1.2
endloop
endfacet
facet normal 0 0 -1
outer loop
vertex 87.47499704999998 -159.7927633999998 1.2
vertex 87.47499775737185 -140.94723469806658 1.2
vertex 87.4749977628878 -140.8002809175103 1.2
endloop
endfacet
facet normal 0 0 -1
outer loop
vertex 87.47499704999998 -159.7927633999998 1.2
vertex 87.4749977628878 -140.8002809175103 1.2
vertex 87.47499776887295 -140.64082677371377 1.2
endloop
endfacet
facet normal 0 0 -1
outer loop
vertex 87.47499704999998 -159.7927633999998 1.2
vertex 87.47499776887295 -140.64082677371377 1.2
vertex 87.4749977750973 -140.47500000000002 1.2
endloop
endfacet
facet normal 0 0 -1
outer loop
vertex 87.47499704999998 -159.7927633999998 1.2
vertex 87.4749977750973 -140.47500000000002 1.2
vertex 87.47499778132165 -140.30917322628625 1.2
endloop
endfacet
facet normal 0 0 -1
outer loop
vertex 87.47499704999998 -159.7927633999998 1.2
vertex 87.47499778132165 -140.30917322628625 1.2
vertex 87.4749977873068 -140.14971908248972 1.2
endloop
endfacet
facet normal 0 0 -1
outer loop
vertex 87.47499704999998 -159.7927633999998 1.2
vertex 87.4749977873068 -140.14971908248972 1.2
vertex 87.47499779282275 -140.00276530193332 1.2
endloop
endfacet
facet normal 0 0 -1
outer loop
vertex 87.47499704999998 -159.7927633999998 1.2
vertex 87.47499779282275 -140.00276530193332 1.2
vertex 87.47499779765752 -139.87395923599144 1.2
endloop
endfacet
facet normal 0 0 -1
outer loop
vertex 87.47499704999998 -159.7927633999998 1.2
vertex 87.47499779765752 -139.87395923599144 1.2
vertex 87.47499780162532 -139.7682508295429 1.2
endloop
endfacet
facet normal 0 0 -1
outer loop
vertex 87.47499704999998 -159.7927633999998 1.2
vertex 87.47499780162532 -139.7682508295429 1.2
vertex 87.47499780457365 -139.68970239736538 1.2
endloop
endfacet
facet normal 0 0 -1
outer loop
vertex 87.47499704999998 -159.7927633999998 1.2
vertex 87.47499780457365 -139.68970239736538 1.2
vertex 87.47499780638923 -139.64133251165728 1.2
endloop
endfacet
facet normal 0 0 -1
outer loop
vertex 87.47499704999998 -159.7927633999998 1.2
vertex 87.47499780638923 -139.64133251165728 1.2
vertex 87.47499780700227 -139.625 1.2
endloop
endfacet
facet normal 0 0 -1
outer loop
vertex 87.47499704999998 -159.7927633999998 1.2
vertex 87.47499780700227 -139.625 1.2
vertex 87.47499786987383 -137.95 1.2
endloop
endfacet
facet normal 0 0 -1
outer loop
vertex 87.47499704999998 -159.7927633999998 1.2
vertex 87.47499786987383 -137.95 1.2
vertex 87.474998391614 -124.05 1.2
endloop
endfacet
facet normal 0 0 -1
outer loop
vertex 87.47499704999998 -159.7927633999998 1.2
vertex 87.474998391614 -124.05 1.2
vertex 87.47499858304383 -118.95 1.2
endloop
endfacet
facet normal 0 0 -1
outer loop
vertex 87.47499704999998 -159.7927633999998 1.2
vertex 87.47499858304383 -118.95 1.2
vertex 87.47499910478398 -105.05 1.2
endloop
endfacet
facet normal 0 0 -1
outer loop
vertex 87.47499704999998 -159.7927633999998 1.2
vertex 87.47499910478398 -105.05 1.2
vertex 87.47499929621381 -99.95 1.2
endloop
endfacet
facet normal 0 0 -1
outer loop
vertex 87.47499704999998 -159.7927633999998 1.2
vertex 87.47499929621381 -99.95 1.2
vertex 87.47499981795397 -86.05 1.2
endloop
endfacet
facet normal 0 0 -1
outer loop
vertex 87.47499704999998 -159.7927633999998 1.2
vertex 87.47499981795397 -86.05 1.2
vertex 87.47499988270229 -84.32499999999999 1.2
endloop
endfacet
facet normal 0 0 -1
outer loop
vertex 87.47499704999998 -159.7927633999998 1.2
vertex 87.47499988270229 -84.32499999999999 1.2
vertex 87.47499988331535 -84.30866748834275 1.2
endloop
endfacet
facet normal 0 0 -1
outer loop
vertex 87.47499704999998 -159.7927633999998 1.2
vertex 87.47499988331535 -84.30866748834275 1.2
vertex 87.47499988513091 -84.26029760263458 1.2
endloop
endfacet
facet normal 0 0 -1
outer loop
vertex 87.47499704999998 -159.7927633999998 1.2
vertex 87.47499988513091 -84.26029760263458 1.2
vertex 87.47499988807925 -84.18174917045717 1.2
endloop
endfacet
facet normal 0 0 -1
outer loop
vertex 87.47499704999998 -159.7927633999998 1.2
vertex 87.47499988807925 -84.18174917045717 1.2
vertex 87.47499989204705 -84.07604076400851 1.2
endloop
endfacet
facet normal 0 0 -1
outer loop
vertex 87.47499704999998 -159.7927633999998 1.2
vertex 87.47499989204705 -84.07604076400851 1.2
vertex 87.47499989688181 -83.94723469806667 1.2
endloop
endfacet
facet normal 0 0 -1
outer loop
vertex 87.47499704999998 -159.7927633999998 1.2
vertex 87.47499989688181 -83.94723469806667 1.2
vertex 87.47499990239777 -83.80028091751042 1.2
endloop
endfacet
facet normal 0 0 -1
outer loop
vertex 87.47499704999998 -159.7927633999998 1.2
vertex 87.47499990239777 -83.80028091751042 1.2
vertex 87.47499990838293 -83.64082677371363 1.2
endloop
endfacet
facet normal 0 0 -1
outer loop
vertex 87.47499704999998 -159.7927633999998 1.2
vertex 87.47499990838293 -83.64082677371363 1.2
vertex 87.47499991460727 -83.47500000000004 1.2
endloop
endfacet
facet normal 0 0 -1
outer loop
vertex 87.47499704999998 -159.7927633999998 1.2
vertex 87.47499991460727 -83.47500000000004 1.2
vertex 87.47499992083162 -83.30917322628635 1.2
endloop
endfacet
facet normal 0 0 -1
outer loop
vertex 87.47499704999998 -159.7927633999998 1.2
vertex 87.47499992083162 -83.30917322628635 1.2
vertex 87.47499992681678 -83.14971908248967 1.2
endloop
endfacet
facet normal 0 0 -1
outer loop
vertex 87.47499704999998 -159.7927633999998 1.2
vertex 87.47499992681678 -83.14971908248967 1.2
vertex 87.47499993233272 -83.00276530193334 1.2
endloop
endfacet
facet normal 0 0 -1
outer loop
vertex 87.47499704999998 -159.7927633999998 1.2
vertex 87.47499993233272 -83.00276530193334 1.2
vertex 87.4749999371675 -82.87395923599146 1.2
endloop
endfacet
facet normal 0 0 -1
outer loop
vertex 87.47499704999998 -159.7927633999998 1.2
vertex 87.4749999371675 -82.87395923599146 1.2
vertex 87.47499994113528 -82.7682508295428 1.2
endloop
endfacet
facet normal 0 0 -1
outer loop
vertex 87.47499704999998 -159.7927633999998 1.2
vertex 87.47499994113528 -82.7682508295428 1.2
vertex 87.47499994408362 -82.68970239736541 1.2
endloop
endfacet
facet normal 0 0 -1
outer loop
vertex 87.47499704999998 -159.7927633999998 1.2
vertex 87.47499994408362 -82.68970239736541 1.2
vertex 87.4749999458992 -82.64133251165727 1.2
endloop
endfacet
facet normal 0 0 -1
outer loop
vertex 87.47499704999998 -159.7927633999998 1.2
vertex 87.4749999458992 -82.64133251165727 1.2
vertex 87.47499994651224 -82.625 1.2
endloop
endfacet
facet normal 0 0 -1
outer loop
vertex 87.47499704999998 -159.7927633999998 1.2
vertex 87.47499994651224 -82.625 1.2
vertex 87.475 -81.2 1.2
endloop
endfacet
facet normal 0 0 -1
outer loop
vertex 87.47499704999998 -159.7927633999998 1.2
vertex 87.475 -81.2 1.2
vertex 87.475 -81.2 0
endloop
endfacet
facet normal 0 0 -1
outer loop
vertex 87.47499704999998 -159.7927633999998 1.2
vertex 87.475 -81.2 0
vertex 87.47499994651224 -82.625 0
endloop
endfacet
facet normal 0 0 -1
outer loop
vertex 87.47499704999998 -159.7927633999998 1.2
vertex 87.47499994651224 -82.625 0
vertex 87.4749999458992 -82.64133251165724 0
endloop
endfacet
facet normal 0 0 -1
outer loop
vertex 87.47499704999998 -159.7927633999998 1.2
vertex 87.4749999458992 -82.64133251165724 0
vertex 87.47499994408362 -82.68970239736541 0
endloop
endfacet
facet normal 0 0 -1
outer loop
vertex 87.47499704999998 -159.7927633999998 1.2
vertex 87.47499994408362 -82.68970239736541 0
vertex 87.4749999411353 -82.76825082954285 0
endloop
endfacet
facet normal 0 0 -1
outer loop
vertex 87.47499704999998 -159.7927633999998 1.2
vertex 87.4749999411353 -82.76825082954285 0
vertex 87.4749999371675 -82.87395923599145 0
endloop
endfacet
facet normal 0 0 -1
outer loop
vertex 87.47499704999998 -159.7927633999998 1.2
vertex 87.4749999371675 -82.87395923599145 0
vertex 87.47499993233272 -83.00276530193334 0
endloop
endfacet
facet normal 0 0 -1
outer loop
vertex 87.47499704999998 -159.7927633999998 1.2
vertex 87.47499993233272 -83.00276530193334 0
vertex 87.47499992681678 -83.14971908248965 0
endloop
endfacet
facet normal 0 0 -1
outer loop
vertex 87.47499704999998 -159.7927633999998 1.2
vertex 87.47499992681678 -83.14971908248965 0
vertex 87.47499992083162 -83.30917322628636 0
endloop
endfacet
facet normal 0 0 -1
outer loop
vertex 87.47499704999998 -159.7927633999998 1.2
vertex 87.47499992083162 -83.30917322628636 0
vertex 87.47499991460727 -83.47499999999995 0
endloop
endfacet
facet normal 0 0 -1
outer loop
vertex 87.47499704999998 -159.7927633999998 1.2
vertex 87.47499991460727 -83.47499999999995 0
vertex 87.47499990838293 -83.64082677371371 0
endloop
endfacet
facet normal 0 0 -1
outer loop
vertex 87.47499704999998 -159.7927633999998 1.2
vertex 87.47499990838293 -83.64082677371371 0
vertex 87.47499990239777 -83.80028091751028 0
endloop
endfacet
facet normal 0 0 -1
outer loop
vertex 87.47499704999998 -159.7927633999998 1.2
vertex 87.47499990239777 -83.80028091751028 0
vertex 87.47499989688183 -83.94723469806668 0
endloop
endfacet
facet normal 0 0 -1
outer loop
vertex 87.47499704999998 -159.7927633999998 1.2
vertex 87.47499989688183 -83.94723469806668 0
vertex 87.47499989204705 -84.07604076400851 0
endloop
endfacet
facet normal 0 0 -1
outer loop
vertex 87.47499704999998 -159.7927633999998 1.2
vertex 87.47499989204705 -84.07604076400851 0
vertex 87.47499988807925 -84.18174917045718 0
endloop
endfacet
facet normal 0 0 -1
outer loop
vertex 87.47499704999998 -159.7927633999998 1.2
vertex 87.47499988807925 -84.18174917045718 0
vertex 87.47499988513093 -84.26029760263458 0
endloop
endfacet
facet normal 0 0 -1
outer loop
vertex 87.47499704999998 -159.7927633999998 1.2
vertex 87.47499988513093 -84.26029760263458 0
vertex 87.47499988331535 -84.30866748834275 0
endloop
endfacet
facet normal 0 0 -1
outer loop
vertex 87.47499704999998 -159.7927633999998 1.2
vertex 87.47499988331535 -84.30866748834275 0
vertex 87.4749998827023 -84.32499999999999 0
endloop
endfacet
facet normal 0 0 -1
outer loop
vertex 87.47499704999998 -159.7927633999998 1.2
vertex 87.4749998827023 -84.32499999999999 0
vertex 87.47499981795397 -86.05 0
endloop
endfacet
facet normal 0 0 -1
outer loop
vertex 87.47499704999998 -159.7927633999998 1.2
vertex 87.47499981795397 -86.05 0
vertex 87.47499929621382 -99.95 0
endloop
endfacet
facet normal 0 0 -1
outer loop
vertex 87.47499704999998 -159.7927633999998 1.2
vertex 87.47499929621382 -99.95 0
vertex 87.47499910478399 -105.05 0
endloop
endfacet
facet normal 0 0 -1
outer loop
vertex 87.47499704999998 -159.7927633999998 1.2
vertex 87.47499910478399 -105.05 0
vertex 87.47499858304384 -118.95 0
endloop
endfacet
facet normal 0 0 -1
outer loop
vertex 87.47499704999998 -159.7927633999998 1.2
vertex 87.47499858304384 -118.95 0
vertex 87.47499839161401 -124.05 0
endloop
endfacet
facet normal 0 0 -1
outer loop
vertex 87.47499704999998 -159.7927633999998 1.2
vertex 87.47499839161401 -124.05 0
vertex 87.47499786987385 -137.95 0
endloop
endfacet
facet normal 0 0 -1
outer loop
vertex 87.47499704999998 -159.7927633999998 1.2
vertex 87.47499786987385 -137.95 0
vertex 87.47499780700228 -139.62499999999997 0
endloop
endfacet
facet normal 0 0 -1
outer loop
vertex 87.47499704999998 -159.7927633999998 1.2
vertex 87.47499780700228 -139.62499999999997 0
vertex 87.47499780638924 -139.6413325116572 0
endloop
endfacet
facet normal 0 0 -1
outer loop
vertex 87.47499704999998 -159.7927633999998 1.2
vertex 87.47499780638924 -139.6413325116572 0
vertex 87.47499780457366 -139.6897023973654 0
endloop
endfacet
facet normal 0 0 -1
outer loop
vertex 87.47499704999998 -159.7927633999998 1.2
vertex 87.47499780457366 -139.6897023973654 0
vertex 87.47499780162534 -139.7682508295429 0
endloop
endfacet
facet normal 0 0 -1
outer loop
vertex 87.47499704999998 -159.7927633999998 1.2
vertex 87.47499780162534 -139.7682508295429 0
vertex 87.47499779765754 -139.87395923599146 0
endloop
endfacet
facet normal 0 0 -1
outer loop
vertex 87.47499704999998 -159.7927633999998 1.2
vertex 87.47499779765754 -139.87395923599146 0
vertex 87.47499779282276 -140.00276530193332 0
endloop
endfacet
facet normal 0 0 -1
outer loop
vertex 87.47499704999998 -159.7927633999998 1.2
vertex 87.47499779282276 -140.00276530193332 0
vertex 87.47499778730682 -140.1497190824896 0
endloop
endfacet
facet normal 0 0 -1
outer loop
vertex 87.47499704999998 -159.7927633999998 1.2
vertex 87.47499778730682 -140.1497190824896 0
vertex 87.47499778132166 -140.30917322628633 0
endloop
endfacet
facet normal 0 0 -1
outer loop
vertex 87.47499704999998 -159.7927633999998 1.2
vertex 87.47499778132166 -140.30917322628633 0
vertex 87.47499777509731 -140.47500000000002 0
endloop
endfacet
facet normal 0 0 -1
outer loop
vertex 87.47499704999998 -159.7927633999998 1.2
vertex 87.47499777509731 -140.47500000000002 0
vertex 87.47499776887297 -140.64082677371374 0
endloop
endfacet
facet normal 0 0 -1
outer loop
vertex 87.47499704999998 -159.7927633999998 1.2
vertex 87.47499776887297 -140.64082677371374 0
vertex 87.47499776288781 -140.80028091751038 0
endloop
endfacet
facet normal 0 0 -1
outer loop
vertex 87.47499704999998 -159.7927633999998 1.2
vertex 87.47499776288781 -140.80028091751038 0
vertex 87.47499775737187 -140.94723469806672 0
endloop
endfacet
facet normal 0 0 -1
outer loop
vertex 87.47499704999998 -159.7927633999998 1.2
vertex 87.47499775737187 -140.94723469806672 0
vertex 87.47499775253709 -141.07604076400847 0
endloop
endfacet
facet normal 0 0 -1
outer loop
vertex 87.47499704999998 -159.7927633999998 1.2
vertex 87.47499775253709 -141.07604076400847 0
vertex 87.4749977485693 -141.1817491704572 0
endloop
endfacet
facet normal 0 0 -1
outer loop
vertex 87.47499704999998 -159.7927633999998 1.2
vertex 87.4749977485693 -141.1817491704572 0
vertex 87.47499774562097 -141.26029760263458 0
endloop
endfacet
facet normal 0 0 -1
outer loop
vertex 87.47499704999998 -159.7927633999998 1.2
vertex 87.47499774562097 -141.26029760263458 0
vertex 87.47499774380539 -141.30866748834273 0
endloop
endfacet
facet normal 0 0 -1
outer loop
vertex 87.47499704999998 -159.7927633999998 1.2
vertex 87.47499774380539 -141.30866748834273 0
vertex 87.47499774319235 -141.325 0
endloop
endfacet
facet normal 0 0 -1
outer loop
vertex 87.47499704999998 -159.7927633999998 1.2
vertex 87.47499774319235 -141.325 0
vertex 87.47499767844401 -143.05 0
endloop
endfacet
facet normal 0 0 -1
outer loop
vertex 87.47499704999998 -159.7927633999998 1.2
vertex 87.47499767844401 -143.05 0
vertex 87.47499715670385 -156.95 0
endloop
endfacet
facet normal 0 0 -1
outer loop
vertex 87.47499704999998 -159.7927633999998 1.2
vertex 87.47499715670385 -156.95 0
vertex 87.47499704999998 -159.7927633999999 0
endloop
endfacet
facet normal 0.49999999727742855 0.866025405356316 0
outer loop
vertex 192.99251539999997 -170.63248459999997 1.2
vertex 205.0302686 -177.5824846 1.2
vertex 205.03026860000003 -177.5824846 0
endloop
endfacet
facet normal 0.49999999727742855 0.866025405356316 0
outer loop
vertex 192.99251539999997 -170.63248459999997 1.2
vertex 205.03026860000003 -177.5824846 0
vertex 192.99251539999997 -170.63248459999997 0
endloop
endfacet
facet normal 0 0 1
outer loop
vertex 205.0302686 -177.5824846 1.2
vertex 206.4822867918167 -175.06751530000003 1.2
vertex 207.9689636837188 -172.492515370092 1.2
endloop
endfacet
facet normal 0 0 1
outer loop
vertex 205.0302686 -177.5824846 1.2
vertex 207.9689636837188 -172.492515370092 1.2
vertex 211.57227577913042 -166.2513957 1.2
endloop
endfacet
facet normal 0 0 1
outer loop
vertex 205.0302686 -177.5824846 1.2
vertex 211.57227577913042 -166.2513957 1.2
vertex 211.98026860000002 -165.5447314 1.2
endloop
endfacet
facet normal 0 0 1
outer loop
vertex 205.0302686 -177.5824846 1.2
vertex 211.98026860000002 -165.5447314 1.2
vertex 211.9802686 -165.5447314 0
endloop
endfacet
facet normal 0 0 1
outer loop
vertex 205.0302686 -177.5824846 1.2
vertex 211.9802686 -165.5447314 0
vertex 211.5722757791304 -166.2513957 0
endloop
endfacet
facet normal 0 0 1
outer loop
vertex 205.0302686 -177.5824846 1.2
vertex 211.5722757791304 -166.2513957 0
vertex 207.9689636837188 -172.492515370092 0
endloop
endfacet
facet normal 0 0 1
outer loop
vertex 205.0302686 -177.5824846 1.2
vertex 207.9689636837188 -172.492515370092 0
vertex 206.4822867918167 -175.06751530000003 0
endloop
endfacet
facet normal 0 0 1
outer loop
vertex 205.0302686 -177.5824846 1.2
vertex 206.4822867918167 -175.06751530000003 0
vertex 205.03026860000003 -177.5824846 0
endloop
endfacet
facet normal 0 0 1
outer loop
vertex 211.98026860000002 -165.5447314 1.2
vertex 201.1664938803814 -159.3013957 1.2
vertex 199.9425154 -158.5947314 1.2
endloop
endfacet
facet normal 0 0 1
outer loop
vertex 211.98026860000002 -165.5447314 1.2
vertex 199.9425154 -158.5947314 1.2
vertex 199.94251539999993 -158.59473139999997 0
endloop
endfacet
facet normal 0 0 1
outer loop
vertex 211.98026860000002 -165.5447314 1.2
vertex 199.94251539999993 -158.59473139999997 0
vertex 201.1664938803814 -159.3013957 0
endloop
endfacet
facet normal 0 0 1
outer loop
vertex 211.98026860000002 -165.5447314 1.2
vertex 201.1664938803814 -159.3013957 0
vertex 211.9802686 -165.5447314 0
endloop
endfacet
facet normal 0 0 1
outer loop
vertex 199.9425154 -158.5947314 1.2
vertex 193.93503081641504 -169 1.2
vertex 192.99251539999997 -170.63248459999997 1.2
endloop
endfacet
facet normal 0 0 1
outer loop
vertex 199.9425154 -158.5947314 1.2
vertex 192.99251539999997 -170.63248459999997 1.2
vertex 192.99251539999997 -170.63248459999997 0
endloop
endfacet
facet normal 0 0 1
outer loop
vertex 199.9425154 -158.5947314 1.2
vertex 192.99251539999997 -170.63248459999997 0
vertex 193.93503081641504 -169 0
endloop
endfacet
facet normal 0 0 1
outer loop
vertex 199.9425154 -158.5947314 1.2
vertex 193.93503081641504 -169 0
vertex 199.94251539999993 -158.59473139999997 0
endloop
endfacet
facet normal 0.8660254053563169 0.49999999727742706 0
outer loop
vertex 209.44699800000004 -182.01751530000004 1.2
vertex 216.396998 -194.0552685 1.2
vertex 216.396998 -194.05526849999998 0
endloop
endfacet
facet normal 0.8660254053563169 0.49999999727742706 0
outer loop
vertex 209.44699800000004 -182.01751530000004 1.2
vertex 216.396998 -194.05526849999998 0
vertex 209.446998 -182.0175153 0
endloop
endfacet
facet normal 0 0 -1
outer loop
vertex 216.396998 -194.0552685 1.2
vertex 225.33002343130934 -188.8977839 1.2
vertex 225.3583121715203 -188.88145138834275 1.2
endloop
endfacet
facet normal 0 0 -1
outer loop
vertex 216.396998 -194.0552685 1.2
vertex 225.3583121715203 -188.88145138834275 1.2
vertex 225.44209127173147 -188.83308150263454 1.2
endloop
endfacet
facet normal 0 0 -1
outer loop
vertex 216.396998 -194.0552685 1.2
vertex 225.44209127173147 -188.83308150263454 1.2
vertex 225.57814114810515 -188.75453307045726 1.2
endloop
endfacet
facet normal 0 0 -1
outer loop
vertex 216.396998 -194.0552685 1.2
vertex 225.57814114810515 -188.75453307045726 1.2
vertex 225.7612334801909 -188.64882466400846 1.2
endloop
endfacet
facet normal 0 0 -1
outer loop
vertex 216.396998 -194.0552685 1.2
vertex 225.7612334801909 -188.64882466400846 1.2
vertex 225.98433213234486 -188.52001859806668 1.2
endloop
endfacet
facet normal 0 0 -1
outer loop
vertex 216.396998 -194.0552685 1.2
vertex 225.98433213234486 -188.52001859806668 1.2
vertex 226.23886354848082 -188.37306481751028 1.2
endloop
endfacet
facet normal 0 0 -1
outer loop
vertex 216.396998 -194.0552685 1.2
vertex 226.23886354848082 -188.37306481751028 1.2
vertex 226.51504622901854 -188.213610673714 1.2
endloop
endfacet
facet normal 0 0 -1
outer loop
vertex 216.396998 -194.0552685 1.2
vertex 226.51504622901854 -188.213610673714 1.2
vertex 226.80226662843188 -188.04778389999987 1.2
endloop
endfacet
facet normal 0 0 -1
outer loop
vertex 216.396998 -194.0552685 1.2
vertex 226.80226662843188 -188.04778389999987 1.2
vertex 227.0894870278443 -187.88195712628627 1.2
endloop
endfacet
facet normal 0 0 -1
outer loop
vertex 216.396998 -194.0552685 1.2
vertex 227.0894870278443 -187.88195712628627 1.2
vertex 227.36566970838243 -187.72250298248974 1.2
endloop
endfacet
facet normal 0 0 -1
outer loop
vertex 216.396998 -194.0552685 1.2
vertex 227.36566970838243 -187.72250298248974 1.2
vertex 227.62020112451833 -187.57554920193337 1.2
endloop
endfacet
facet normal 0 0 -1
outer loop
vertex 216.396998 -194.0552685 1.2
vertex 227.62020112451833 -187.57554920193337 1.2
vertex 227.84329977667264 -187.4467431359914 1.2
endloop
endfacet
facet normal 0 0 -1
outer loop
vertex 216.396998 -194.0552685 1.2
vertex 227.84329977667264 -187.4467431359914 1.2
vertex 228.02639210875805 -187.3410347295428 1.2
endloop
endfacet
facet normal 0 0 -1
outer loop
vertex 216.396998 -194.0552685 1.2
vertex 228.02639210875805 -187.3410347295428 1.2
vertex 228.16244198513186 -187.26248629736543 1.2
endloop
endfacet
facet normal 0 0 -1
outer loop
vertex 216.396998 -194.0552685 1.2
vertex 228.16244198513186 -187.26248629736543 1.2
vertex 228.246221085343 -187.21411641165724 1.2
endloop
endfacet
facet normal 0 0 -1
outer loop
vertex 216.396998 -194.0552685 1.2
vertex 228.246221085343 -187.21411641165724 1.2
vertex 228.2745098255539 -187.19778390000002 1.2
endloop
endfacet
facet normal 0 0 -1
outer loop
vertex 216.396998 -194.0552685 1.2
vertex 228.2745098255539 -187.19778390000002 1.2
vertex 228.43475119999994 -187.10526849999997 1.2
endloop
endfacet
facet normal 0 0 -1
outer loop
vertex 216.396998 -194.0552685 1.2
vertex 228.43475119999994 -187.10526849999997 1.2
vertex 228.43475119999997 -187.10526849999994 0
endloop
endfacet
facet normal 0 0 -1
outer loop
vertex 216.396998 -194.0552685 1.2
vertex 228.43475119999997 -187.10526849999994 0
vertex 228.27450982555396 -187.19778390000002 0
endloop
endfacet
facet normal 0 0 -1
outer loop
vertex 216.396998 -194.0552685 1.2
vertex 228.27450982555396 -187.19778390000002 0
vertex 228.24622108534305 -187.21411641165724 0
endloop
endfacet
facet normal 0 0 -1
outer loop
vertex 216.396998 -194.0552685 1.2
vertex 228.24622108534305 -187.21411641165724 0
vertex 228.1624419851319 -187.26248629736546 0
endloop
endfacet
facet normal 0 0 -1
outer loop
vertex 216.396998 -194.0552685 1.2
vertex 228.1624419851319 -187.26248629736546 0
vertex 228.02639210875796 -187.34103472954288 0
endloop
endfacet
facet normal 0 0 -1
outer loop
vertex 216.396998 -194.0552685 1.2
vertex 228.02639210875796 -187.34103472954288 0
vertex 227.84329977667275 -187.44674313599137 0
endloop
endfacet
facet normal 0 0 -1
outer loop
vertex 216.396998 -194.0552685 1.2
vertex 227.84329977667275 -187.44674313599137 0
vertex 227.6202011245184 -187.57554920193337 0
endloop
endfacet
facet normal 0 0 -1
outer loop
vertex 216.396998 -194.0552685 1.2
vertex 227.6202011245184 -187.57554920193337 0
vertex 227.36566970838228 -187.72250298248986 0
endloop
endfacet
facet normal 0 0 -1
outer loop
vertex 216.396998 -194.0552685 1.2
vertex 227.36566970838228 -187.72250298248986 0
vertex 227.08948702784457 -187.88195712628615 0
endloop
endfacet
facet normal 0 0 -1
outer loop
vertex 216.396998 -194.0552685 1.2
vertex 227.08948702784457 -187.88195712628615 0
vertex 226.8022666284317 -188.04778389999998 0
endloop
endfacet
facet normal 0 0 -1
outer loop
vertex 216.396998 -194.0552685 1.2
vertex 226.8022666284317 -188.04778389999998 0
vertex 226.51504622901885 -188.21361067371382 0
endloop
endfacet
facet normal 0 0 -1
outer loop
vertex 216.396998 -194.0552685 1.2
vertex 226.51504622901885 -188.21361067371382 0
vertex 226.23886354848077 -188.3730648175103 0
endloop
endfacet
facet normal 0 0 -1
outer loop
vertex 216.396998 -194.0552685 1.2
vertex 226.23886354848077 -188.3730648175103 0
vertex 225.98433213234472 -188.52001859806677 0
endloop
endfacet
facet normal 0 0 -1
outer loop
vertex 216.396998 -194.0552685 1.2
vertex 225.98433213234472 -188.52001859806677 0
vertex 225.76123348019095 -188.64882466400843 0
endloop
endfacet
facet normal 0 0 -1
outer loop
vertex 216.396998 -194.0552685 1.2
vertex 225.76123348019095 -188.64882466400843 0
vertex 225.5781411481052 -188.75453307045723 0
endloop
endfacet
facet normal 0 0 -1
outer loop
vertex 216.396998 -194.0552685 1.2
vertex 225.5781411481052 -188.75453307045723 0
vertex 225.44209127173153 -188.8330815026345 0
endloop
endfacet
facet normal 0 0 -1
outer loop
vertex 216.396998 -194.0552685 1.2
vertex 225.44209127173153 -188.8330815026345 0
vertex 225.35831217152025 -188.88145138834278 0
endloop
endfacet
facet normal 0 0 -1
outer loop
vertex 216.396998 -194.0552685 1.2
vertex 225.35831217152025 -188.88145138834278 0
vertex 225.33002343130934 -188.8977839 0
endloop
endfacet
facet normal 0 0 -1
outer loop
vertex 216.396998 -194.0552685 1.2
vertex 225.33002343130934 -188.8977839 0
vertex 216.396998 -194.05526849999998 0
endloop
endfacet
facet normal -0.4999999972774301 0.8660254053563151 0
outer loop
vertex 232.8947819404676 -184.53026857009195 1.2
vertex 244.93253514046765 -177.58026857009187 1.2
vertex 244.93253514046762 -177.58026857009187 0
endloop
endfacet
facet normal -0.4999999972774301 0.8660254053563151 0
outer loop
vertex 232.8947819404676 -184.53026857009195 1.2
vertex 244.93253514046762 -177.58026857009187 0
vertex 232.8947819404676 -184.5302685700919 0
endloop
endfacet
facet normal 0 0 1
outer loop
vertex 228.43475119999994 -187.10526849999997 1.2
vertex 226.9480743080979 -184.53026857009195 1.2
vertex 221.4847512 -175.06751530000003 1.2
endloop
endfacet
facet normal 0 0 1
outer loop
vertex 228.43475119999994 -187.10526849999997 1.2
vertex 221.4847512 -175.06751530000003 1.2
vertex 221.4847512 -175.06751530000003 0
endloop
endfacet
facet normal 0 0 1
outer loop
vertex 228.43475119999994 -187.10526849999997 1.2
vertex 221.4847512 -175.06751530000003 0
vertex 226.94807430809783 -184.5302685700919 0
endloop
endfacet
facet normal 0 0 1
outer loop
vertex 228.43475119999994 -187.10526849999997 1.2
vertex 226.94807430809783 -184.5302685700919 0
vertex 228.43475119999997 -187.10526849999994 0
endloop
endfacet
facet normal 0 0 1
outer loop
vertex 237.9825351404676 -165.542515370092 1.2
vertex 236.75471838366659 -166.2513957 1.2
vertex 225.94478194046758 -172.492515370092 1.2
endloop
endfacet
facet normal 0 0 1
outer loop
vertex 237.9825351404676 -165.542515370092 1.2
vertex 225.94478194046758 -172.492515370092 1.2
vertex 225.9447819404676 -172.492515370092 0
endloop
endfacet
facet normal 0 0 1
outer loop
vertex 237.9825351404676 -165.542515370092 1.2
vertex 225.9447819404676 -172.492515370092 0
vertex 236.75471838366656 -166.2513957 0
endloop
endfacet
facet normal 0 0 1
outer loop
vertex 237.9825351404676 -165.542515370092 1.2
vertex 236.75471838366656 -166.2513957 0
vertex 237.98253514046758 -165.542515370092 0
endloop
endfacet
facet normal 0 0 1
outer loop
vertex 221.4847512 -175.06751530000003 1.2
vertex 217.12869656129837 -177.5824846 1.2
vertex 209.44699800000004 -182.01751530000004 1.2
endloop
endfacet
facet normal 0 0 1
outer loop
vertex 221.4847512 -175.06751530000003 1.2
vertex 209.44699800000004 -182.01751530000004 1.2
vertex 209.446998 -182.0175153 0
endloop
endfacet
facet normal 0 0 1
outer loop
vertex 221.4847512 -175.06751530000003 1.2
vertex 209.446998 -182.0175153 0
vertex 217.1286965612984 -177.5824846 0
endloop
endfacet
facet normal 0 0 1
outer loop
vertex 221.4847512 -175.06751530000003 1.2
vertex 217.1286965612984 -177.5824846 0
vertex 221.4847512 -175.06751530000003 0
endloop
endfacet
facet normal 0 0 -1
outer loop
vertex 225.94478194046758 -172.492515370092 1.2
vertex 227.4314588323697 -175.06751530000003 1.2
vertex 232.8947819404676 -184.53026857009195 1.2
endloop
endfacet
facet normal 0 0 -1
outer loop
vertex 225.94478194046758 -172.492515370092 1.2
vertex 232.8947819404676 -184.53026857009195 1.2
vertex 232.8947819404676 -184.5302685700919 0
endloop
endfacet
facet normal 0 0 -1
outer loop
vertex 225.94478194046758 -172.492515370092 1.2
vertex 232.8947819404676 -184.5302685700919 0
vertex 227.43145883236969 -175.06751530000003 0
endloop
endfacet
facet normal 0 0 -1
outer loop
vertex 225.94478194046758 -172.492515370092 1.2
vertex 227.43145883236969 -175.06751530000003 0
vertex 225.9447819404676 -172.492515370092 0
endloop
endfacet
facet normal -0.8660254053563169 -0.49999999727742706 0
outer loop
vertex 244.93253514046765 -177.58026857009187 1.2
vertex 237.9825351404676 -165.542515370092 1.2
vertex 237.98253514046758 -165.542515370092 0
endloop
endfacet
facet normal -0.8660254053563169 -0.49999999727742706 0
outer loop
vertex 244.93253514046765 -177.58026857009187 1.2
vertex 237.98253514046758 -165.542515370092 0
vertex 244.93253514046762 -177.58026857009187 0
endloop
endfacet
facet normal 0 0 1
outer loop
vertex 212.5047185 -159.3013957 1.2
vertex 223.3184932196186 -165.5447314 1.2
vertex 224.54247170000002 -166.2513957 1.2
endloop
endfacet
facet normal 0 0 1
outer loop
vertex 212.5047185 -159.3013957 1.2
vertex 224.54247170000002 -166.2513957 1.2
vertex 224.5424717 -166.2513957 0
endloop
endfacet
facet normal 0 0 1
outer loop
vertex 212.5047185 -159.3013957 1.2
vertex 224.5424717 -166.2513957 0
vertex 223.31849321961857 -165.5447314 0
endloop
endfacet
facet normal 0 0 1
outer loop
vertex 212.5047185 -159.3013957 1.2
vertex 223.31849321961857 -165.5447314 0
vertex 212.50471850000002 -159.3013957 0
endloop
endfacet
facet normal 0 0 1
outer loop
vertex 224.54247170000002 -166.2513957 1.2
vertex 224.95174394632426 -165.542515370092 1.2
vertex 231.49247170000004 -154.2136425 1.2
endloop
endfacet
facet normal 0 0 1
outer loop
vertex 224.54247170000002 -166.2513957 1.2
vertex 231.49247170000004 -154.2136425 1.2
vertex 231.4924717 -154.2136425 0
endloop
endfacet
facet normal 0 0 1
outer loop
vertex 224.54247170000002 -166.2513957 1.2
vertex 231.4924717 -154.2136425 0
vertex 224.9517439463242 -165.542515370092 0
endloop
endfacet
facet normal 0 0 1
outer loop
vertex 224.54247170000002 -166.2513957 1.2
vertex 224.9517439463242 -165.542515370092 0
vertex 224.5424717 -166.2513957 0
endloop
endfacet
facet normal -0.4999999972774299 -0.8660254053563152 0
outer loop
vertex 231.49247170000004 -154.2136425 1.2
vertex 219.45471850000004 -147.26364250000003 1.2
vertex 219.45471850000004 -147.2636425 0
endloop
endfacet
facet normal -0.4999999972774299 -0.8660254053563152 0
outer loop
vertex 231.49247170000004 -154.2136425 1.2
vertex 219.45471850000004 -147.2636425 0
vertex 231.4924717 -154.2136425 0
endloop
endfacet
facet normal 0 0 -1
outer loop
vertex 219.45471850000004 -147.26364250000003 1.2
vertex 217.9037492854958 -149.95 1.2
vertex 216.9078200783743 -151.67499999999998 1.2
endloop
endfacet
facet normal 0 0 -1
outer loop
vertex 219.45471850000004 -147.26364250000003 1.2
vertex 216.9078200783743 -151.67499999999998 1.2
vertex 216.89839049844093 -151.6913325116572 1.2
endloop
endfacet
facet normal 0 0 -1
outer loop
vertex 219.45471850000004 -147.26364250000003 1.2
vertex 216.89839049844093 -151.6913325116572 1.2
vertex 216.87046413210933 -151.73970239736548 1.2
endloop
endfacet
facet normal 0 0 -1
outer loop
vertex 219.45471850000004 -147.26364250000003 1.2
vertex 216.87046413210933 -151.73970239736548 1.2
vertex 216.82511417397654 -151.81825082954288 1.2
endloop
endfacet
facet normal 0 0 -1
outer loop
vertex 219.45471850000004 -147.26364250000003 1.2
vertex 216.82511417397654 -151.81825082954288 1.2
vertex 216.764083397501 -151.9239592359914 1.2
endloop
endfacet
facet normal 0 0 -1
outer loop
vertex 219.45471850000004 -147.26364250000003 1.2
vertex 216.764083397501 -151.9239592359914 1.2
vertex 216.6897171811961 -152.05276530193328 1.2
endloop
endfacet
facet normal 0 0 -1
outer loop
vertex 219.45471850000004 -147.26364250000003 1.2
vertex 216.6897171811961 -152.05276530193328 1.2
vertex 216.6048733770494 -152.1997190824897 1.2
endloop
endfacet
facet normal 0 0 -1
outer loop
vertex 219.45471850000004 -147.26364250000003 1.2
vertex 216.6048733770494 -152.1997190824897 1.2
vertex 216.5128124848734 -152.3591732262863 1.2
endloop
endfacet
facet normal 0 0 -1
outer loop
vertex 219.45471850000004 -147.26364250000003 1.2
vertex 216.5128124848734 -152.3591732262863 1.2
vertex 216.41707235312606 -152.52499999999995 1.2
endloop
endfacet
facet normal 0 0 -1
outer loop
vertex 219.45471850000004 -147.26364250000003 1.2
vertex 216.41707235312606 -152.52499999999995 1.2
vertex 216.32133222137867 -152.69082677371372 1.2
endloop
endfacet
facet normal 0 0 -1
outer loop
vertex 219.45471850000004 -147.26364250000003 1.2
vertex 216.32133222137867 -152.69082677371372 1.2
vertex 216.22927132920265 -152.85028091751036 1.2
endloop
endfacet
facet normal 0 0 -1
outer loop
vertex 219.45471850000004 -147.26364250000003 1.2
vertex 216.22927132920265 -152.85028091751036 1.2
vertex 216.14442752505602 -152.99723469806665 1.2
endloop
endfacet
facet normal 0 0 -1
outer loop
vertex 219.45471850000004 -147.26364250000003 1.2
vertex 216.14442752505602 -152.99723469806665 1.2
vertex 216.07006130875112 -153.12604076400854 1.2
endloop
endfacet
facet normal 0 0 -1
outer loop
vertex 219.45471850000004 -147.26364250000003 1.2
vertex 216.07006130875112 -153.12604076400854 1.2
vertex 216.0090305322755 -153.2317491704572 1.2
endloop
endfacet
facet normal 0 0 -1
outer loop
vertex 219.45471850000004 -147.26364250000003 1.2
vertex 216.0090305322755 -153.2317491704572 1.2
vertex 215.9636805741427 -153.31029760263456 1.2
endloop
endfacet
facet normal 0 0 -1
outer loop
vertex 219.45471850000004 -147.26364250000003 1.2
vertex 215.9636805741427 -153.31029760263456 1.2
vertex 215.93575420781116 -153.35866748834275 1.2
endloop
endfacet
facet normal 0 0 -1
outer loop
vertex 219.45471850000004 -147.26364250000003 1.2
vertex 215.93575420781116 -153.35866748834275 1.2
vertex 215.92632462787776 -153.375 1.2
endloop
endfacet
facet normal 0 0 -1
outer loop
vertex 219.45471850000004 -147.26364250000003 1.2
vertex 215.92632462787776 -153.375 1.2
vertex 214.9303954207563 -155.1 1.2
endloop
endfacet
facet normal 0 0 -1
outer loop
vertex 219.45471850000004 -147.26364250000003 1.2
vertex 214.9303954207563 -155.1 1.2
vertex 212.9127113208696 -158.5947314 1.2
endloop
endfacet
facet normal 0 0 -1
outer loop
vertex 219.45471850000004 -147.26364250000003 1.2
vertex 212.9127113208696 -158.5947314 1.2
vertex 212.5047185 -159.3013957 1.2
endloop
endfacet
facet normal 0 0 -1
outer loop
vertex 219.45471850000004 -147.26364250000003 1.2
vertex 212.5047185 -159.3013957 1.2
vertex 212.50471850000002 -159.3013957 0
endloop
endfacet
facet normal 0 0 -1
outer loop
vertex 219.45471850000004 -147.26364250000003 1.2
vertex 212.50471850000002 -159.3013957 0
vertex 212.91271132086965 -158.59473139999997 0
endloop
endfacet
facet normal 0 0 -1
outer loop
vertex 219.45471850000004 -147.26364250000003 1.2
vertex 212.91271132086965 -158.59473139999997 0
vertex 214.9303954207563 -155.1 0
endloop
endfacet
facet normal 0 0 -1
outer loop
vertex 219.45471850000004 -147.26364250000003 1.2
vertex 214.9303954207563 -155.1 0
vertex 215.9263246278778 -153.375 0
endloop
endfacet
facet normal 0 0 -1
outer loop
vertex 219.45471850000004 -147.26364250000003 1.2
vertex 215.9263246278778 -153.375 0
vertex 215.9357542078112 -153.35866748834275 0
endloop
endfacet
facet normal 0 0 -1
outer loop
vertex 219.45471850000004 -147.26364250000003 1.2
vertex 215.9357542078112 -153.35866748834275 0
vertex 215.96368057414276 -153.3102976026345 0
endloop
endfacet
facet normal 0 0 -1
outer loop
vertex 219.45471850000004 -147.26364250000003 1.2
vertex 215.96368057414276 -153.3102976026345 0
vertex 216.0090305322755 -153.23174917045722 0
endloop
endfacet
facet normal 0 0 -1
outer loop
vertex 219.45471850000004 -147.26364250000003 1.2
vertex 216.0090305322755 -153.23174917045722 0
vertex 216.07006130875112 -153.1260407640086 0
endloop
endfacet
facet normal 0 0 -1
outer loop
vertex 219.45471850000004 -147.26364250000003 1.2
vertex 216.07006130875112 -153.1260407640086 0
vertex 216.14442752505607 -152.9972346980666 0
endloop
endfacet
facet normal 0 0 -1
outer loop
vertex 219.45471850000004 -147.26364250000003 1.2
vertex 216.14442752505607 -152.9972346980666 0
vertex 216.2292713292026 -152.8502809175105 0
endloop
endfacet
facet normal 0 0 -1
outer loop
vertex 219.45471850000004 -147.26364250000003 1.2
vertex 216.2292713292026 -152.8502809175105 0
vertex 216.32133222137873 -152.6908267737136 0
endloop
endfacet
facet normal 0 0 -1
outer loop
vertex 219.45471850000004 -147.26364250000003 1.2
vertex 216.32133222137873 -152.6908267737136 0
vertex 216.417072353126 -152.5250000000001 0
endloop
endfacet
facet normal 0 0 -1
outer loop
vertex 219.45471850000004 -147.26364250000003 1.2
vertex 216.417072353126 -152.5250000000001 0
vertex 216.51281248487348 -152.35917322628617 0
endloop
endfacet
facet normal 0 0 -1
outer loop
vertex 219.45471850000004 -147.26364250000003 1.2
vertex 216.51281248487348 -152.35917322628617 0
vertex 216.60487337704942 -152.19971908248968 0
endloop
endfacet
facet normal 0 0 -1
outer loop
vertex 219.45471850000004 -147.26364250000003 1.2
vertex 216.60487337704942 -152.19971908248968 0
vertex 216.68971718119607 -152.05276530193333 0
endloop
endfacet
facet normal 0 0 -1
outer loop
vertex 219.45471850000004 -147.26364250000003 1.2
vertex 216.68971718119607 -152.05276530193333 0
vertex 216.764083397501 -151.9239592359914 0
endloop
endfacet
facet normal 0 0 -1
outer loop
vertex 219.45471850000004 -147.26364250000003 1.2
vertex 216.764083397501 -151.9239592359914 0
vertex 216.82511417397654 -151.81825082954288 0
endloop
endfacet
facet normal 0 0 -1
outer loop
vertex 219.45471850000004 -147.26364250000003 1.2
vertex 216.82511417397654 -151.81825082954288 0
vertex 216.87046413210933 -151.73970239736548 0
endloop
endfacet
facet normal 0 0 -1
outer loop
vertex 219.45471850000004 -147.26364250000003 1.2
vertex 216.87046413210933 -151.73970239736548 0
vertex 216.89839049844093 -151.69133251165724 0
endloop
endfacet
facet normal 0 0 -1
outer loop
vertex 219.45471850000004 -147.26364250000003 1.2
vertex 216.89839049844093 -151.69133251165724 0
vertex 216.9078200783743 -151.675 0
endloop
endfacet
facet normal 0 0 -1
outer loop
vertex 219.45471850000004 -147.26364250000003 1.2
vertex 216.9078200783743 -151.675 0
vertex 217.9037492854958 -149.95 0
endloop
endfacet
facet normal 0 0 -1
outer loop
vertex 219.45471850000004 -147.26364250000003 1.2
vertex 217.9037492854958 -149.95 0
vertex 219.45471850000004 -147.2636425 0
endloop
endfacet
facet normal 0 1 0
outer loop
vertex 106.94999999999999 -156.95 1.2
vertex 106.95 -156.95 0
vertex 93.05 -156.95 0
endloop
endfacet
facet normal 0 1 0
outer loop
vertex 106.94999999999999 -156.95 1.2
vertex 93.05 -156.95 0
vertex 93.05 -156.95 1.2
endloop
endfacet
facet normal 0 1 0
outer loop
vertex 125.95 -156.95 1.2
vertex 125.95 -156.95 0
vertex 112.05 -156.95 0
endloop
endfacet
facet normal 0 1 0
outer loop
vertex 125.95 -156.95 1.2
vertex 112.05 -156.95 0
vertex 112.05 -156.95 1.2
endloop
endfacet
facet normal -1 0 0
outer loop
vertex 106.94999999999999 -143.05 1.2
vertex 106.95 -143.05 0
vertex 106.95 -156.95 0
endloop
endfacet
facet normal -1 0 0
outer loop
vertex 106.94999999999999 -143.05 1.2
vertex 106.95 -156.95 0
vertex 106.94999999999999 -156.95 1.2
endloop
endfacet
facet normal -1 0 0
outer loop
vertex 106.95 -124.05 1.2
vertex 106.95000000000002 -124.05 0
vertex 106.95 -137.95 0
endloop
endfacet
facet normal -1 0 0
outer loop
vertex 106.95 -124.05 1.2
vertex 106.95 -137.95 0
vertex 106.94999999999999 -137.95 1.2
endloop
endfacet
facet normal -1 0 0
outer loop
vertex 106.95 -105.05 1.2
vertex 106.95 -105.05 0
vertex 106.95 -118.95 0
endloop
endfacet
facet normal -1 0 0
outer loop
vertex 106.95 -105.05 1.2
vertex 106.95 -118.95 0
vertex 106.95 -118.95 1.2
endloop
endfacet
facet normal -1 0 0
outer loop
vertex 106.95 -86.05 1.2
vertex 106.95 -86.05 0
vertex 106.95 -99.95 0
endloop
endfacet
facet normal -1 0 0
outer loop
vertex 106.95 -86.05 1.2
vertex 106.95 -99.95 0
vertex 106.95 -99.95 1.2
endloop
endfacet
facet normal 0 -1 0
outer loop
vertex 106.95 -143.05 0
vertex 106.94999999999999 -143.05 1.2
vertex 93.05 -143.05 1.2
endloop
endfacet
facet normal 0 -1 0
outer loop
vertex 106.95 -143.05 0
vertex 93.05 -143.05 1.2
vertex 93.05 -143.05 0
endloop
endfacet
facet normal 0 -1 0
outer loop
vertex 125.95 -143.05 0
vertex 125.95 -143.05 1.2
vertex 112.05 -143.05 1.2
endloop
endfacet
facet normal 0 -1 0
outer loop
vertex 125.95 -143.05 0
vertex 112.05 -143.05 1.2
vertex 112.05 -143.05 0
endloop
endfacet
facet normal 1 0 0
outer loop
vertex 93.05 -143.05 0
vertex 93.05 -143.05 1.2
vertex 93.05 -156.95 1.2
endloop
endfacet
facet normal 1 0 0
outer loop
vertex 93.05 -143.05 0
vertex 93.05 -156.95 1.2
vertex 93.05 -156.95 0
endloop
endfacet
facet normal 1 0 0
outer loop
vertex 93.05 -124.05 0
vertex 93.05 -124.05 1.2
vertex 93.05 -137.95 1.2
endloop
endfacet
facet normal 1 0 0
outer loop
vertex 93.05 -124.05 0
vertex 93.05 -137.95 1.2
vertex 93.05 -137.95 0
endloop
endfacet
facet normal 1 0 0
outer loop
vertex 93.05 -105.05 0
vertex 93.05 -105.05 1.2
vertex 93.05 -118.95 1.2
endloop
endfacet
facet normal 1 0 0
outer loop
vertex 93.05 -105.05 0
vertex 93.05 -118.95 1.2
vertex 93.05 -118.95 0
endloop
endfacet
facet normal 1 0 0
outer loop
vertex 93.05 -86.05 0
vertex 93.05 -86.05 1.2
vertex 93.05 -99.95 1.2
endloop
endfacet
facet normal 1 0 0
outer loop
vertex 93.05 -86.05 0
vertex 93.05 -99.95 1.2
vertex 93.05 -99.95 0
endloop
endfacet
facet normal 0 1 0
outer loop
vertex 106.94999999999999 -137.95 1.2
vertex 106.95 -137.95 0
vertex 93.05 -137.95 0
endloop
endfacet
facet normal 0 1 0
outer loop
vertex 106.94999999999999 -137.95 1.2
vertex 93.05 -137.95 0
vertex 93.05 -137.95 1.2
endloop
endfacet
facet normal 0 1 0
outer loop
vertex 125.95 -137.95 1.2
vertex 125.95 -137.95 0
vertex 112.05 -137.95 0
endloop
endfacet
facet normal 0 1 0
outer loop
vertex 125.95 -137.95 1.2
vertex 112.05 -137.95 0
vertex 112.05 -137.95 1.2
endloop
endfacet
facet normal 0 -1 0
outer loop
vertex 106.95000000000002 -124.05 0
vertex 106.95 -124.05 1.2
vertex 93.05 -124.05 1.2
endloop
endfacet
facet normal 0 -1 0
outer loop
vertex 106.95000000000002 -124.05 0
vertex 93.05 -124.05 1.2
vertex 93.05 -124.05 0
endloop
endfacet
facet normal 0 -1 0
outer loop
vertex 125.95 -124.05 0
vertex 125.95 -124.05 1.2
vertex 112.05 -124.05 1.2
endloop
endfacet
facet normal 0 -1 0
outer loop
vertex 125.95 -124.05 0
vertex 112.05 -124.05 1.2
vertex 112.05 -124.05 0
endloop
endfacet
facet normal 0 1 0
outer loop
vertex 106.95 -118.95 1.2
vertex 106.95 -118.95 0
vertex 93.05 -118.95 0
endloop
endfacet
facet normal 0 1 0
outer loop
vertex 106.95 -118.95 1.2
vertex 93.05 -118.95 0
vertex 93.05 -118.95 1.2
endloop
endfacet
facet normal 0 1 0
outer loop
vertex 125.95 -118.95 1.2
vertex 125.95 -118.95 0
vertex 112.05 -118.95 0
endloop
endfacet
facet normal 0 1 0
outer loop
vertex 125.95 -118.95 1.2
vertex 112.05 -118.95 0
vertex 112.05 -118.95 1.2
endloop
endfacet
facet normal 0 -1 0
outer loop
vertex 106.95 -105.05 0
vertex 106.95 -105.05 1.2
vertex 93.05 -105.05 1.2
endloop
endfacet
facet normal 0 -1 0
outer loop
vertex 106.95 -105.05 0
vertex 93.05 -105.05 1.2
vertex 93.05 -105.05 0
endloop
endfacet
facet normal 0 -1 0
outer loop
vertex 125.95 -105.05 0
vertex 125.95 -105.05 1.2
vertex 112.05 -105.05 1.2
endloop
endfacet
facet normal 0 -1 0
outer loop
vertex 125.95 -105.05 0
vertex 112.05 -105.05 1.2
vertex 112.05 -105.05 0
endloop
endfacet
facet normal 0 1 0
outer loop
vertex 106.95 -99.95 1.2
vertex 106.95 -99.95 0
vertex 93.05 -99.95 0
endloop
endfacet
facet normal 0 1 0
outer loop
vertex 106.95 -99.95 1.2
vertex 93.05 -99.95 0
vertex 93.05 -99.95 1.2
endloop
endfacet
facet normal 0 1 0
outer loop
vertex 125.95 -99.95 1.2
vertex 125.95 -99.95 0
vertex 112.05 -99.95 0
endloop
endfacet
facet normal 0 1 0
outer loop
vertex 125.95 -99.95 1.2
vertex 112.05 -99.95 0
vertex 112.05 -99.95 1.2
endloop
endfacet
facet normal 0 -1 0
outer loop
vertex 106.95 -86.05 0
vertex 106.95 -86.05 1.2
vertex 93.05 -86.05 1.2
endloop
endfacet
facet normal 0 -1 0
outer loop
vertex 106.95 -86.05 0
vertex 93.05 -86.05 1.2
vertex 93.05 -86.05 0
endloop
endfacet
facet normal 0 -1 0
outer loop
vertex 125.95 -86.05 0
vertex 125.95 -86.05 1.2
vertex 112.05 -86.05 1.2
endloop
endfacet
facet normal 0 -1 0
outer loop
vertex 125.95 -86.05 0
vertex 112.05 -86.05 1.2
vertex 112.05 -86.05 0
endloop
endfacet
facet normal -1 0 0
outer loop
vertex 125.95 -155.1 1.2
vertex 125.95 -153.375 1.2
vertex 125.95 -153.35866748834275 1.2
endloop
endfacet
facet normal -1 0 0
outer loop
vertex 125.95 -155.1 1.2
vertex 125.95 -153.35866748834275 1.2
vertex 125.95 -153.31029760263456 1.2
endloop
endfacet
facet normal -1 0 0
outer loop
vertex 125.95 -155.1 1.2
vertex 125.95 -153.31029760263456 1.2
vertex 125.95 -153.2317491704572 1.2
endloop
endfacet
facet normal -1 0 0
outer loop
vertex 125.95 -155.1 1.2
vertex 125.95 -153.2317491704572 1.2
vertex 125.95 -153.12604076400854 1.2
endloop
endfacet
facet normal -1 0 0
outer loop
vertex 125.95 -155.1 1.2
vertex 125.95 -153.12604076400854 1.2
vertex 125.95 -152.99723469806665 1.2
endloop
endfacet
facet normal -1 0 0
outer loop
vertex 125.95 -155.1 1.2
vertex 125.95 -152.99723469806665 1.2
vertex 125.95 -152.85028091751036 1.2
endloop
endfacet
facet normal -1 0 0
outer loop
vertex 125.95 -155.1 1.2
vertex 125.95 -152.85028091751036 1.2
vertex 125.95 -152.69082677371372 1.2
endloop
endfacet
facet normal -1 0 0
outer loop
vertex 125.95 -155.1 1.2
vertex 125.95 -152.69082677371372 1.2
vertex 125.95 -152.52499999999995 1.2
endloop
endfacet
facet normal -1 0 0
outer loop
vertex 125.95 -155.1 1.2
vertex 125.95 -152.52499999999995 1.2
vertex 125.95 -152.3591732262863 1.2
endloop
endfacet
facet normal -1 0 0
outer loop
vertex 125.95 -155.1 1.2
vertex 125.95 -152.3591732262863 1.2
vertex 125.95 -152.1997190824897 1.2
endloop
endfacet
facet normal -1 0 0
outer loop
vertex 125.95 -155.1 1.2
vertex 125.95 -152.1997190824897 1.2
vertex 125.95 -152.05276530193328 1.2
endloop
endfacet
facet normal -1 0 0
outer loop
vertex 125.95 -155.1 1.2
vertex 125.95 -152.05276530193328 1.2
vertex 125.95 -151.9239592359914 1.2
endloop
endfacet
facet normal -1 0 0
outer loop
vertex 125.95 -155.1 1.2
vertex 125.95 -151.9239592359914 1.2
vertex 125.95 -151.81825082954288 1.2
endloop
endfacet
facet normal -1 0 0
outer loop
vertex 125.95 -155.1 1.2
vertex 125.95 -151.81825082954288 1.2
vertex 125.95 -151.73970239736548 1.2
endloop
endfacet
facet normal -1 0 0
outer loop
vertex 125.95 -155.1 1.2
vertex 125.95 -151.73970239736548 1.2
vertex 125.95 -151.6913325116572 1.2
endloop
endfacet
facet normal -1 0 0
outer loop
vertex 125.95 -155.1 1.2
vertex 125.95 -151.6913325116572 1.2
vertex 125.95 -151.67499999999998 1.2
endloop
endfacet
facet normal -1 0 0
outer loop
vertex 125.95 -155.1 1.2
vertex 125.95 -151.67499999999998 1.2
vertex 125.95 -149.95 1.2
endloop
endfacet
facet normal -1 0 0
outer loop
vertex 125.95 -155.1 1.2
vertex 125.95 -149.95 1.2
vertex 125.95 -143.05 1.2
endloop
endfacet
facet normal -1 0 0
outer loop
vertex 125.95 -155.1 1.2
vertex 125.95 -143.05 1.2
vertex 125.95 -143.05 0
endloop
endfacet
facet normal -1 0 0
outer loop
vertex 125.95 -155.1 1.2
vertex 125.95 -143.05 0
vertex 125.95 -149.95 0
endloop
endfacet
facet normal -1 0 0
outer loop
vertex 125.95 -155.1 1.2
vertex 125.95 -149.95 0
vertex 125.95 -151.675 0
endloop
endfacet
facet normal -1 0 0
outer loop
vertex 125.95 -155.1 1.2
vertex 125.95 -151.675 0
vertex 125.95 -151.69133251165724 0
endloop
endfacet
facet normal -1 0 0
outer loop
vertex 125.95 -155.1 1.2
vertex 125.95 -151.69133251165724 0
vertex 125.95 -151.73970239736548 0
endloop
endfacet
facet normal -1 0 0
outer loop
vertex 125.95 -155.1 1.2
vertex 125.95 -151.73970239736548 0
vertex 125.95 -151.81825082954288 0
endloop
endfacet
facet normal -1 0 0
outer loop
vertex 125.95 -155.1 1.2
vertex 125.95 -151.81825082954288 0
vertex 125.95 -151.9239592359914 0
endloop
endfacet
facet normal -1 0 0
outer loop
vertex 125.95 -155.1 1.2
vertex 125.95 -151.9239592359914 0
vertex 125.95 -152.05276530193333 0
endloop
endfacet
facet normal -1 0 0
outer loop
vertex 125.95 -155.1 1.2
vertex 125.95 -152.05276530193333 0
vertex 125.95 -152.19971908248968 0
endloop
endfacet
facet normal -1 0 0
outer loop
vertex 125.95 -155.1 1.2
vertex 125.95 -152.19971908248968 0
vertex 125.95 -152.35917322628617 0
endloop
endfacet
facet normal -1 0 0
outer loop
vertex 125.95 -155.1 1.2
vertex 125.95 -152.35917322628617 0
vertex 125.95 -152.5250000000001 0
endloop
endfacet
facet normal -1 0 0
outer loop
vertex 125.95 -155.1 1.2
vertex 125.95 -152.5250000000001 0
vertex 125.95 -152.6908267737136 0
endloop
endfacet
facet normal -1 0 0
outer loop
vertex 125.95 -155.1 1.2
vertex 125.95 -152.6908267737136 0
vertex 125.95 -152.8502809175105 0
endloop
endfacet
facet normal -1 0 0
outer loop
vertex 125.95 -155.1 1.2
vertex 125.95 -152.8502809175105 0
vertex 125.95 -152.9972346980666 0
endloop
endfacet
facet normal -1 0 0
outer loop
vertex 125.95 -155.1 1.2
vertex 125.95 -152.9972346980666 0
vertex 125.95 -153.1260407640086 0
endloop
endfacet
facet normal -1 0 0
outer loop
vertex 125.95 -155.1 1.2
vertex 125.95 -153.1260407640086 0
vertex 125.95 -153.23174917045722 0
endloop
endfacet
facet normal -1 0 0
outer loop
vertex 125.95 -155.1 1.2
vertex 125.95 -153.23174917045722 0
vertex 125.95 -153.3102976026345 0
endloop
endfacet
facet normal -1 0 0
outer loop
vertex 125.95 -155.1 1.2
vertex 125.95 -153.3102976026345 0
vertex 125.95 -153.35866748834275 0
endloop
endfacet
facet normal -1 0 0
outer loop
vertex 125.95 -155.1 1.2
vertex 125.95 -153.35866748834275 0
vertex 125.95 -153.375 0
endloop
endfacet
facet normal -1 0 0
outer loop
vertex 125.95 -155.1 1.2
vertex 125.95 -153.375 0
vertex 125.95 -155.1 0
endloop
endfacet
facet normal -1 0 0
outer loop
vertex 125.95 -155.1 1.2
vertex 125.95 -155.1 0
vertex 125.95 -156.95 0
endloop
endfacet
facet normal -1 0 0
outer loop
vertex 125.95 -155.1 1.2
vertex 125.95 -156.95 0
vertex 125.95 -156.95 1.2
endloop
endfacet
facet normal -1 0 0
outer loop
vertex 125.95 -136.05 1.2
vertex 125.95 -130.95 1.2
vertex 125.95 -124.05 1.2
endloop
endfacet
facet normal -1 0 0
outer loop
vertex 125.95 -136.05 1.2
vertex 125.95 -124.05 1.2
vertex 125.95 -124.05 0
endloop
endfacet
facet normal -1 0 0
outer loop
vertex 125.95 -136.05 1.2
vertex 125.95 -124.05 0
vertex 125.95 -130.95 0
endloop
endfacet
facet normal -1 0 0
outer loop
vertex 125.95 -136.05 1.2
vertex 125.95 -130.95 0
vertex 125.95 -136.05 0
endloop
endfacet
facet normal -1 0 0
outer loop
vertex 125.95 -136.05 1.2
vertex 125.95 -136.05 0
vertex 125.95 -137.95 0
endloop
endfacet
facet normal -1 0 0
outer loop
vertex 125.95 -136.05 1.2
vertex 125.95 -137.95 0
vertex 125.95 -137.95 1.2
endloop
endfacet
facet normal -1 0 0
outer loop
vertex 125.95 -117.05 1.2
vertex 125.95 -111.95 1.2
vertex 125.95 -105.05 1.2
endloop
endfacet
facet normal -1 0 0
outer loop
vertex 125.95 -117.05 1.2
vertex 125.95 -105.05 1.2
vertex 125.95 -105.05 0
endloop
endfacet
facet normal -1 0 0
outer loop
vertex 125.95 -117.05 1.2
vertex 125.95 -105.05 0
vertex 125.95 -111.95 0
endloop
endfacet
facet normal -1 0 0
outer loop
vertex 125.95 -117.05 1.2
vertex 125.95 -111.95 0
vertex 125.95 -117.05 0
endloop
endfacet
facet normal -1 0 0
outer loop
vertex 125.95 -117.05 1.2
vertex 125.95 -117.05 0
vertex 125.95 -118.95 0
endloop
endfacet
facet normal -1 0 0
outer loop
vertex 125.95 -117.05 1.2
vertex 125.95 -118.95 0
vertex 125.95 -118.95 1.2
endloop
endfacet
facet normal -1 0 0
outer loop
vertex 125.95 -98.05 1.2
vertex 125.95 -92.95 1.2
vertex 125.95 -86.05 1.2
endloop
endfacet
facet normal -1 0 0
outer loop
vertex 125.95 -98.05 1.2
vertex 125.95 -86.05 1.2
vertex 125.95 -86.05 0
endloop
endfacet
facet normal -1 0 0
outer loop
vertex 125.95 -98.05 1.2
vertex 125.95 -86.05 0
vertex 125.95 -92.95 0
endloop
endfacet
facet normal -1 0 0
outer loop
vertex 125.95 -98.05 1.2
vertex 125.95 -92.95 0
vertex 125.95 -98.05 0
endloop
endfacet
facet normal -1 0 0
outer loop
vertex 125.95 -98.05 1.2
vertex 125.95 -98.05 0
vertex 125.95 -99.95 0
endloop
endfacet
facet normal -1 0 0
outer loop
vertex 125.95 -98.05 1.2
vertex 125.95 -99.95 0
vertex 125.95 -99.95 1.2
endloop
endfacet
facet normal 1 0 0
outer loop
vertex 112.05 -143.05 0
vertex 112.05 -143.05 1.2
vertex 112.05 -156.95 1.2
endloop
endfacet
facet normal 1 0 0
outer loop
vertex 112.05 -143.05 0
vertex 112.05 -156.95 1.2
vertex 112.05 -156.95 0
endloop
endfacet
facet normal 1 0 0
outer loop
vertex 112.05 -124.05 0
vertex 112.05 -124.05 1.2
vertex 112.05 -137.95 1.2
endloop
endfacet
facet normal 1 0 0
outer loop
vertex 112.05 -124.05 0
vertex 112.05 -137.95 1.2
vertex 112.05 -137.95 0
endloop
endfacet
facet normal 1 0 0
outer loop
vertex 112.05 -105.05 0
vertex 112.05 -105.05 1.2
vertex 112.05 -118.95 1.2
endloop
endfacet
facet normal 1 0 0
outer loop
vertex 112.05 -105.05 0
vertex 112.05 -118.95 1.2
vertex 112.05 -118.95 0
endloop
endfacet
facet normal 1 0 0
outer loop
vertex 112.05 -86.05 0
vertex 112.05 -86.05 1.2
vertex 112.05 -99.95 1.2
endloop
endfacet
facet normal 1 0 0
outer loop
vertex 112.05 -86.05 0
vertex 112.05 -99.95 1.2
vertex 112.05 -99.95 0
endloop
endfacet
facet normal 0 1 0
outer loop
vertex 144.95 -149.95 1.2
vertex 144.95 -149.95 0
vertex 131.05 -149.95 0
endloop
endfacet
facet normal 0 1 0
outer loop
vertex 144.95 -149.95 1.2
vertex 131.05 -149.95 0
vertex 131.05 -149.95 1.2
endloop
endfacet
facet normal 0 1 0
outer loop
vertex 182.95 -149.95 1.2
vertex 182.95 -149.95 0
vertex 169.05 -149.95 0
endloop
endfacet
facet normal 0 1 0
outer loop
vertex 182.95 -149.95 1.2
vertex 169.05 -149.95 0
vertex 169.05 -149.95 1.2
endloop
endfacet
facet normal 0 1 0
outer loop
vertex 201.95 -149.95 1.2
vertex 201.95 -149.95 0
vertex 188.05 -149.95 0
endloop
endfacet
facet normal 0 1 0
outer loop
vertex 201.95 -149.95 1.2
vertex 188.05 -149.95 0
vertex 188.05 -149.95 1.2
endloop
endfacet
facet normal -1 0 0
outer loop
vertex 144.95 -142.95 1.2
vertex 144.95 -136.05 1.2
vertex 144.95 -136.05 0
endloop
endfacet
facet normal -1 0 0
outer loop
vertex 144.95 -142.95 1.2
vertex 144.95 -136.05 0
vertex 144.95 -142.95 0
endloop
endfacet
facet normal -1 0 0
outer loop
vertex 144.95 -142.95 1.2
vertex 144.95 -142.95 0
vertex 144.95 -149.95 0
endloop
endfacet
facet normal -1 0 0
outer loop
vertex 144.95 -142.95 1.2
vertex 144.95 -149.95 0
vertex 144.95 -149.95 1.2
endloop
endfacet
facet normal -1 0 0
outer loop
vertex 144.95 -129.05 1.2
vertex 144.95 -123.95 1.2
vertex 144.95 -117.05 1.2
endloop
endfacet
facet normal -1 0 0
outer loop
vertex 144.95 -129.05 1.2
vertex 144.95 -117.05 1.2
vertex 144.95 -117.05 0
endloop
endfacet
facet normal -1 0 0
outer loop
vertex 144.95 -129.05 1.2
vertex 144.95 -117.05 0
vertex 144.95 -123.95 0
endloop
endfacet
facet normal -1 0 0
outer loop
vertex 144.95 -129.05 1.2
vertex 144.95 -123.95 0
vertex 144.95 -129.05 0
endloop
endfacet
facet normal -1 0 0
outer loop
vertex 144.95 -129.05 1.2
vertex 144.95 -129.05 0
vertex 144.95 -130.95 0
endloop
endfacet
facet normal -1 0 0
outer loop
vertex 144.95 -129.05 1.2
vertex 144.95 -130.95 0
vertex 144.95 -130.95 1.2
endloop
endfacet
facet normal -1 0 0
outer loop
vertex 144.95 -110.05 1.2
vertex 144.95 -104.95 1.2
vertex 144.95 -98.05 1.2
endloop
endfacet
facet normal -1 0 0
outer loop
vertex 144.95 -110.05 1.2
vertex 144.95 -98.05 1.2
vertex 144.95 -98.05 0
endloop
endfacet
facet normal -1 0 0
outer loop
vertex 144.95 -110.05 1.2
vertex 144.95 -98.05 0
vertex 144.95 -104.95 0
endloop
endfacet
facet normal -1 0 0
outer loop
vertex 144.95 -110.05 1.2
vertex 144.95 -104.95 0
vertex 144.95 -110.05 0
endloop
endfacet
facet normal -1 0 0
outer loop
vertex 144.95 -110.05 1.2
vertex 144.95 -110.05 0
vertex 144.95 -111.95 0
endloop
endfacet
facet normal -1 0 0
outer loop
vertex 144.95 -110.05 1.2
vertex 144.95 -111.95 0
vertex 144.95 -111.95 1.2
endloop
endfacet
facet normal -1 0 0
outer loop
vertex 144.95 -91.05 1.2
vertex 144.95 -85.95 1.2
vertex 144.95 -79.05 1.2
endloop
endfacet
facet normal -1 0 0
outer loop
vertex 144.95 -91.05 1.2
vertex 144.95 -79.05 1.2
vertex 144.95 -79.05 0
endloop
endfacet
facet normal -1 0 0
outer loop
vertex 144.95 -91.05 1.2
vertex 144.95 -79.05 0
vertex 144.95 -85.95 0
endloop
endfacet
facet normal -1 0 0
outer loop
vertex 144.95 -91.05 1.2
vertex 144.95 -85.95 0
vertex 144.95 -91.05 0
endloop
endfacet
facet normal -1 0 0
outer loop
vertex 144.95 -91.05 1.2
vertex 144.95 -91.05 0
vertex 144.95 -92.95 0
endloop
endfacet
facet normal -1 0 0
outer loop
vertex 144.95 -91.05 1.2
vertex 144.95 -92.95 0
vertex 144.95 -92.95 1.2
endloop
endfacet
facet normal 0 -1 0
outer loop
vertex 144.95 -136.05 0
vertex 144.95 -136.05 1.2
vertex 131.05 -136.05 1.2
endloop
endfacet
facet normal 0 -1 0
outer loop
vertex 144.95 -136.05 0
vertex 131.05 -136.05 1.2
vertex 131.05 -136.05 0
endloop
endfacet
facet normal 0 -1 0
outer loop
vertex 182.95 -136.05 0
vertex 182.95 -136.05 1.2
vertex 169.05 -136.05 1.2
endloop
endfacet
facet normal 0 -1 0
outer loop
vertex 182.95 -136.05 0
vertex 169.05 -136.05 1.2
vertex 169.05 -136.05 0
endloop
endfacet
facet normal 0 -1 0
outer loop
vertex 201.95 -136.05 0
vertex 201.95 -136.05 1.2
vertex 188.05 -136.05 1.2
endloop
endfacet
facet normal 0 -1 0
outer loop
vertex 201.95 -136.05 0
vertex 188.05 -136.05 1.2
vertex 188.05 -136.05 0
endloop
endfacet
facet normal 1 0 0
outer loop
vertex 131.05 -143.05 0
vertex 131.05 -141.325 0
vertex 131.05 -141.30866748834273 0
endloop
endfacet
facet normal 1 0 0
outer loop
vertex 131.05 -143.05 0
vertex 131.05 -141.30866748834273 0
vertex 131.05 -141.26029760263458 0
endloop
endfacet
facet normal 1 0 0
outer loop
vertex 131.05 -143.05 0
vertex 131.05 -141.26029760263458 0
vertex 131.05 -141.1817491704572 0
endloop
endfacet
facet normal 1 0 0
outer loop
vertex 131.05 -143.05 0
vertex 131.05 -141.1817491704572 0
vertex 131.05 -141.07604076400847 0
endloop
endfacet
facet normal 1 0 0
outer loop
vertex 131.05 -143.05 0
vertex 131.05 -141.07604076400847 0
vertex 131.05 -140.94723469806672 0
endloop
endfacet
facet normal 1 0 0
outer loop
vertex 131.05 -143.05 0
vertex 131.05 -140.94723469806672 0
vertex 131.05 -140.80028091751038 0
endloop
endfacet
facet normal 1 0 0
outer loop
vertex 131.05 -143.05 0
vertex 131.05 -140.80028091751038 0
vertex 131.05 -140.64082677371374 0
endloop
endfacet
facet normal 1 0 0
outer loop
vertex 131.05 -143.05 0
vertex 131.05 -140.64082677371374 0
vertex 131.05 -140.47500000000002 0
endloop
endfacet
facet normal 1 0 0
outer loop
vertex 131.05 -143.05 0
vertex 131.05 -140.47500000000002 0
vertex 131.05 -140.30917322628633 0
endloop
endfacet
facet normal 1 0 0
outer loop
vertex 131.05 -143.05 0
vertex 131.05 -140.30917322628633 0
vertex 131.05 -140.1497190824896 0
endloop
endfacet
facet normal 1 0 0
outer loop
vertex 131.05 -143.05 0
vertex 131.05 -140.1497190824896 0
vertex 131.05 -140.00276530193332 0
endloop
endfacet
facet normal 1 0 0
outer loop
vertex 131.05 -143.05 0
vertex 131.05 -140.00276530193332 0
vertex 131.05 -139.87395923599146 0
endloop
endfacet
facet normal 1 0 0
outer loop
vertex 131.05 -143.05 0
vertex 131.05 -139.87395923599146 0
vertex 131.05 -139.7682508295429 0
endloop
endfacet
facet normal 1 0 0
outer loop
vertex 131.05 -143.05 0
vertex 131.05 -139.7682508295429 0
vertex 131.05 -139.6897023973654 0
endloop
endfacet
facet normal 1 0 0
outer loop
vertex 131.05 -143.05 0
vertex 131.05 -139.6897023973654 0
vertex 131.05 -139.6413325116572 0
endloop
endfacet
facet normal 1 0 0
outer loop
vertex 131.05 -143.05 0
vertex 131.05 -139.6413325116572 0
vertex 131.05 -139.62499999999997 0
endloop
endfacet
facet normal 1 0 0
outer loop
vertex 131.05 -143.05 0
vertex 131.05 -139.62499999999997 0
vertex 131.05 -137.95 0
endloop
endfacet
facet normal 1 0 0
outer loop
vertex 131.05 -143.05 0
vertex 131.05 -137.95 0
vertex 131.05 -136.05 0
endloop
endfacet
facet normal 1 0 0
outer loop
vertex 131.05 -143.05 0
vertex 131.05 -136.05 0
vertex 131.05 -136.05 1.2
endloop
endfacet
facet normal 1 0 0
outer loop
vertex 131.05 -143.05 0
vertex 131.05 -136.05 1.2
vertex 131.05 -137.95 1.2
endloop
endfacet
facet normal 1 0 0
outer loop
vertex 131.05 -143.05 0
vertex 131.05 -137.95 1.2
vertex 131.05 -139.625 1.2
endloop
endfacet
facet normal 1 0 0
outer loop
vertex 131.05 -143.05 0
vertex 131.05 -139.625 1.2
vertex 131.05 -139.64133251165728 1.2
endloop
endfacet
facet normal 1 0 0
outer loop
vertex 131.05 -143.05 0
vertex 131.05 -139.64133251165728 1.2
vertex 131.05 -139.68970239736538 1.2
endloop
endfacet
facet normal 1 0 0
outer loop
vertex 131.05 -143.05 0
vertex 131.05 -139.68970239736538 1.2
vertex 131.05 -139.7682508295429 1.2
endloop
endfacet
facet normal 1 0 0
outer loop
vertex 131.05 -143.05 0
vertex 131.05 -139.7682508295429 1.2
vertex 131.05 -139.87395923599144 1.2
endloop
endfacet
facet normal 1 0 0
outer loop
vertex 131.05 -143.05 0
vertex 131.05 -139.87395923599144 1.2
vertex 131.05 -140.00276530193332 1.2
endloop
endfacet
facet normal 1 0 0
outer loop
vertex 131.05 -143.05 0
vertex 131.05 -140.00276530193332 1.2
vertex 131.05 -140.14971908248972 1.2
endloop
endfacet
facet normal 1 0 0
outer loop
vertex 131.05 -143.05 0
vertex 131.05 -140.14971908248972 1.2
vertex 131.05 -140.30917322628625 1.2
endloop
endfacet
facet normal 1 0 0
outer loop
vertex 131.05 -143.05 0
vertex 131.05 -140.30917322628625 1.2
vertex 131.05 -140.47500000000002 1.2
endloop
endfacet
facet normal 1 0 0
outer loop
vertex 131.05 -143.05 0
vertex 131.05 -140.47500000000002 1.2
vertex 131.05 -140.64082677371377 1.2
endloop
endfacet
facet normal 1 0 0
outer loop
vertex 131.05 -143.05 0
vertex 131.05 -140.64082677371377 1.2
vertex 131.05 -140.8002809175103 1.2
endloop
endfacet
facet normal 1 0 0
outer loop
vertex 131.05 -143.05 0
vertex 131.05 -140.8002809175103 1.2
vertex 131.05 -140.94723469806658 1.2
endloop
endfacet
facet normal 1 0 0
outer loop
vertex 131.05 -143.05 0
vertex 131.05 -140.94723469806658 1.2
vertex 131.05 -141.07604076400852 1.2
endloop
endfacet
facet normal 1 0 0
outer loop
vertex 131.05 -143.05 0
vertex 131.05 -141.07604076400852 1.2
vertex 131.05 -141.1817491704572 1.2
endloop
endfacet
facet normal 1 0 0
outer loop
vertex 131.05 -143.05 0
vertex 131.05 -141.1817491704572 1.2
vertex 131.05 -141.2602976026346 1.2
endloop
endfacet
facet normal 1 0 0
outer loop
vertex 131.05 -143.05 0
vertex 131.05 -141.2602976026346 1.2
vertex 131.05 -141.30866748834276 1.2
endloop
endfacet
facet normal 1 0 0
outer loop
vertex 131.05 -143.05 0
vertex 131.05 -141.30866748834276 1.2
vertex 131.05 -141.325 1.2
endloop
endfacet
facet normal 1 0 0
outer loop
vertex 131.05 -143.05 0
vertex 131.05 -141.325 1.2
vertex 131.05 -143.05 1.2
endloop
endfacet
facet normal 1 0 0
outer loop
vertex 131.05 -143.05 0
vertex 131.05 -143.05 1.2
vertex 131.05 -149.95 1.2
endloop
endfacet
facet normal 1 0 0
outer loop
vertex 131.05 -143.05 0
vertex 131.05 -149.95 1.2
vertex 131.05 -149.95 0
endloop
endfacet
facet normal 1 0 0
outer loop
vertex 131.05 -124.05 0
vertex 131.05 -118.95 0
vertex 131.05 -117.05 0
endloop
endfacet
facet normal 1 0 0
outer loop
vertex 131.05 -124.05 0
vertex 131.05 -117.05 0
vertex 131.05 -117.05 1.2
endloop
endfacet
facet normal 1 0 0
outer loop
vertex 131.05 -124.05 0
vertex 131.05 -117.05 1.2
vertex 131.05 -118.95 1.2
endloop
endfacet
facet normal 1 0 0
outer loop
vertex 131.05 -124.05 0
vertex 131.05 -118.95 1.2
vertex 131.05 -124.05 1.2
endloop
endfacet
facet normal 1 0 0
outer loop
vertex 131.05 -124.05 0
vertex 131.05 -124.05 1.2
vertex 131.05 -130.95 1.2
endloop
endfacet
facet normal 1 0 0
outer loop
vertex 131.05 -124.05 0
vertex 131.05 -130.95 1.2
vertex 131.05 -130.95 0
endloop
endfacet
facet normal 1 0 0
outer loop
vertex 131.05 -105.05 0
vertex 131.05 -99.95 0
vertex 131.05 -98.05 0
endloop
endfacet
facet normal 1 0 0
outer loop
vertex 131.05 -105.05 0
vertex 131.05 -98.05 0
vertex 131.05 -98.05 1.2
endloop
endfacet
facet normal 1 0 0
outer loop
vertex 131.05 -105.05 0
vertex 131.05 -98.05 1.2
vertex 131.05 -99.95 1.2
endloop
endfacet
facet normal 1 0 0
outer loop
vertex 131.05 -105.05 0
vertex 131.05 -99.95 1.2
vertex 131.05 -105.05 1.2
endloop
endfacet
facet normal 1 0 0
outer loop
vertex 131.05 -105.05 0
vertex 131.05 -105.05 1.2
vertex 131.05 -111.95 1.2
endloop
endfacet
facet normal 1 0 0
outer loop
vertex 131.05 -105.05 0
vertex 131.05 -111.95 1.2
vertex 131.05 -111.95 0
endloop
endfacet
facet normal 1 0 0
outer loop
vertex 131.05 -86.05 0
vertex 131.05 -84.32499999999999 0
vertex 131.05 -84.30866748834275 0
endloop
endfacet
facet normal 1 0 0
outer loop
vertex 131.05 -86.05 0
vertex 131.05 -84.30866748834275 0
vertex 131.05 -84.26029760263458 0
endloop
endfacet
facet normal 1 0 0
outer loop
vertex 131.05 -86.05 0
vertex 131.05 -84.26029760263458 0
vertex 131.05 -84.18174917045718 0
endloop
endfacet
facet normal 1 0 0
outer loop
vertex 131.05 -86.05 0
vertex 131.05 -84.18174917045718 0
vertex 131.05 -84.07604076400851 0
endloop
endfacet
facet normal 1 0 0
outer loop
vertex 131.05 -86.05 0
vertex 131.05 -84.07604076400851 0
vertex 131.05 -83.94723469806668 0
endloop
endfacet
facet normal 1 0 0
outer loop
vertex 131.05 -86.05 0
vertex 131.05 -83.94723469806668 0
vertex 131.05 -83.80028091751028 0
endloop
endfacet
facet normal 1 0 0
outer loop
vertex 131.05 -86.05 0
vertex 131.05 -83.80028091751028 0
vertex 131.05 -83.64082677371371 0
endloop
endfacet
facet normal 1 0 0
outer loop
vertex 131.05 -86.05 0
vertex 131.05 -83.64082677371371 0
vertex 131.05 -83.47499999999995 0
endloop
endfacet
facet normal 1 0 0
outer loop
vertex 131.05 -86.05 0
vertex 131.05 -83.47499999999995 0
vertex 131.05 -83.30917322628636 0
endloop
endfacet
facet normal 1 0 0
outer loop
vertex 131.05 -86.05 0
vertex 131.05 -83.30917322628636 0
vertex 131.05 -83.14971908248965 0
endloop
endfacet
facet normal 1 0 0
outer loop
vertex 131.05 -86.05 0
vertex 131.05 -83.14971908248965 0
vertex 131.05 -83.00276530193334 0
endloop
endfacet
facet normal 1 0 0
outer loop
vertex 131.05 -86.05 0
vertex 131.05 -83.00276530193334 0
vertex 131.05 -82.87395923599145 0
endloop
endfacet
facet normal 1 0 0
outer loop
vertex 131.05 -86.05 0
vertex 131.05 -82.87395923599145 0
vertex 131.05 -82.76825082954285 0
endloop
endfacet
facet normal 1 0 0
outer loop
vertex 131.05 -86.05 0
vertex 131.05 -82.76825082954285 0
vertex 131.05 -82.68970239736541 0
endloop
endfacet
facet normal 1 0 0
outer loop
vertex 131.05 -86.05 0
vertex 131.05 -82.68970239736541 0
vertex 131.05 -82.64133251165724 0
endloop
endfacet
facet normal 1 0 0
outer loop
vertex 131.05 -86.05 0
vertex 131.05 -82.64133251165724 0
vertex 131.05 -82.625 0
endloop
endfacet
facet normal 1 0 0
outer loop
vertex 131.05 -86.05 0
vertex 131.05 -82.625 0
vertex 131.05 -81.2 0
endloop
endfacet
facet normal 1 0 0
outer loop
vertex 131.05 -86.05 0
vertex 131.05 -81.2 0
vertex 131.05 -79.05 0
endloop
endfacet
facet normal 1 0 0
outer loop
vertex 131.05 -86.05 0
vertex 131.05 -79.05 0
vertex 131.05 -79.05 1.2
endloop
endfacet
facet normal 1 0 0
outer loop
vertex 131.05 -86.05 0
vertex 131.05 -79.05 1.2
vertex 131.05 -81.2 1.2
endloop
endfacet
facet normal 1 0 0
outer loop
vertex 131.05 -86.05 0
vertex 131.05 -81.2 1.2
vertex 131.05 -82.625 1.2
endloop
endfacet
facet normal 1 0 0
outer loop
vertex 131.05 -86.05 0
vertex 131.05 -82.625 1.2
vertex 131.05 -82.64133251165727 1.2
endloop
endfacet
facet normal 1 0 0
outer loop
vertex 131.05 -86.05 0
vertex 131.05 -82.64133251165727 1.2
vertex 131.05 -82.68970239736541 1.2
endloop
endfacet
facet normal 1 0 0
outer loop
vertex 131.05 -86.05 0
vertex 131.05 -82.68970239736541 1.2
vertex 131.05 -82.7682508295428 1.2
endloop
endfacet
facet normal 1 0 0
outer loop
vertex 131.05 -86.05 0
vertex 131.05 -82.7682508295428 1.2
vertex 131.05 -82.87395923599146 1.2
endloop
endfacet
facet normal 1 0 0
outer loop
vertex 131.05 -86.05 0
vertex 131.05 -82.87395923599146 1.2
vertex 131.05 -83.00276530193334 1.2
endloop
endfacet
facet normal 1 0 0
outer loop
vertex 131.05 -86.05 0
vertex 131.05 -83.00276530193334 1.2
vertex 131.05 -83.14971908248967 1.2
endloop
endfacet
facet normal 1 0 0
outer loop
vertex 131.05 -86.05 0
vertex 131.05 -83.14971908248967 1.2
vertex 131.05 -83.30917322628635 1.2
endloop
endfacet
facet normal 1 0 0
outer loop
vertex 131.05 -86.05 0
vertex 131.05 -83.30917322628635 1.2
vertex 131.05 -83.47500000000004 1.2
endloop
endfacet
facet normal 1 0 0
outer loop
vertex 131.05 -86.05 0
vertex 131.05 -83.47500000000004 1.2
vertex 131.05 -83.64082677371363 1.2
endloop
endfacet
facet normal 1 0 0
outer loop
vertex 131.05 -86.05 0
vertex 131.05 -83.64082677371363 1.2
vertex 131.05 -83.80028091751042 1.2
endloop
endfacet
facet normal 1 0 0
outer loop
vertex 131.05 -86.05 0
vertex 131.05 -83.80028091751042 1.2
vertex 131.05 -83.94723469806667 1.2
endloop
endfacet
facet normal 1 0 0
outer loop
vertex 131.05 -86.05 0
vertex 131.05 -83.94723469806667 1.2
vertex 131.05 -84.07604076400851 1.2
endloop
endfacet
facet normal 1 0 0
outer loop
vertex 131.05 -86.05 0
vertex 131.05 -84.07604076400851 1.2
vertex 131.05 -84.18174917045717 1.2
endloop
endfacet
facet normal 1 0 0
outer loop
vertex 131.05 -86.05 0
vertex 131.05 -84.18174917045717 1.2
vertex 131.05 -84.26029760263458 1.2
endloop
endfacet
facet normal 1 0 0
outer loop
vertex 131.05 -86.05 0
vertex 131.05 -84.26029760263458 1.2
vertex 131.05 -84.30866748834275 1.2
endloop
endfacet
facet normal 1 0 0
outer loop
vertex 131.05 -86.05 0
vertex 131.05 -84.30866748834275 1.2
vertex 131.05 -84.32499999999999 1.2
endloop
endfacet
facet normal 1 0 0
outer loop
vertex 131.05 -86.05 0
vertex 131.05 -84.32499999999999 1.2
vertex 131.05 -86.05 1.2
endloop
endfacet
facet normal 1 0 0
outer loop
vertex 131.05 -86.05 0
vertex 131.05 -86.05 1.2
vertex 131.05 -92.95 1.2
endloop
endfacet
facet normal 1 0 0
outer loop
vertex 131.05 -86.05 0
vertex 131.05 -92.95 1.2
vertex 131.05 -92.95 0
endloop
endfacet
facet normal 0 1 0
outer loop
vertex 144.95 -130.95 1.2
vertex 144.95 -130.95 0
vertex 131.05 -130.95 0
endloop
endfacet
facet normal 0 1 0
outer loop
vertex 144.95 -130.95 1.2
vertex 131.05 -130.95 0
vertex 131.05 -130.95 1.2
endloop
endfacet
facet normal 0 1 0
outer loop
vertex 182.95 -130.95 1.2
vertex 182.95 -130.95 0
vertex 169.05 -130.95 0
endloop
endfacet
facet normal 0 1 0
outer loop
vertex 182.95 -130.95 1.2
vertex 169.05 -130.95 0
vertex 169.05 -130.95 1.2
endloop
endfacet
facet normal 0 1 0
outer loop
vertex 201.95 -130.95 1.2
vertex 201.95 -130.95 0
vertex 188.05 -130.95 0
endloop
endfacet
facet normal 0 1 0
outer loop
vertex 201.95 -130.95 1.2
vertex 188.05 -130.95 0
vertex 188.05 -130.95 1.2
endloop
endfacet
facet normal 0 -1 0
outer loop
vertex 144.95 -117.05 0
vertex 144.95 -117.05 1.2
vertex 131.05 -117.05 1.2
endloop
endfacet
facet normal 0 -1 0
outer loop
vertex 144.95 -117.05 0
vertex 131.05 -117.05 1.2
vertex 131.05 -117.05 0
endloop
endfacet
facet normal 0 -1 0
outer loop
vertex 182.95 -117.05 0
vertex 182.95 -117.05 1.2
vertex 169.05 -117.05 1.2
endloop
endfacet
facet normal 0 -1 0
outer loop
vertex 182.95 -117.05 0
vertex 169.05 -117.05 1.2
vertex 169.05 -117.05 0
endloop
endfacet
facet normal 0 -1 0
outer loop
vertex 201.95 -117.05 0
vertex 201.95 -117.05 1.2
vertex 188.05 -117.05 1.2
endloop
endfacet
facet normal 0 -1 0
outer loop
vertex 201.95 -117.05 0
vertex 188.05 -117.05 1.2
vertex 188.05 -117.05 0
endloop
endfacet
facet normal 0 1 0
outer loop
vertex 144.95 -111.95 1.2
vertex 144.95 -111.95 0
vertex 131.05 -111.95 0
endloop
endfacet
facet normal 0 1 0
outer loop
vertex 144.95 -111.95 1.2
vertex 131.05 -111.95 0
vertex 131.05 -111.95 1.2
endloop
endfacet
facet normal 0 1 0
outer loop
vertex 182.95 -111.95 1.2
vertex 182.95 -111.95 0
vertex 169.05 -111.95 0
endloop
endfacet
facet normal 0 1 0
outer loop
vertex 182.95 -111.95 1.2
vertex 169.05 -111.95 0
vertex 169.05 -111.95 1.2
endloop
endfacet
facet normal 0 1 0
outer loop
vertex 201.95 -111.95 1.2
vertex 201.95 -111.95 0
vertex 188.05 -111.95 0
endloop
endfacet
facet normal 0 1 0
outer loop
vertex 201.95 -111.95 1.2
vertex 188.05 -111.95 0
vertex 188.05 -111.95 1.2
endloop
endfacet
facet normal 0 -1 0
outer loop
vertex 144.95 -98.05 0
vertex 144.95 -98.05 1.2
vertex 131.05 -98.05 1.2
endloop
endfacet
facet normal 0 -1 0
outer loop
vertex 144.95 -98.05 0
vertex 131.05 -98.05 1.2
vertex 131.05 -98.05 0
endloop
endfacet
facet normal 0 -1 0
outer loop
vertex 182.95 -98.05 0
vertex 182.95 -98.05 1.2
vertex 169.05 -98.05 1.2
endloop
endfacet
facet normal 0 -1 0
outer loop
vertex 182.95 -98.05 0
vertex 169.05 -98.05 1.2
vertex 169.05 -98.05 0
endloop
endfacet
facet normal 0 -1 0
outer loop
vertex 201.95 -98.05 0
vertex 201.95 -98.05 1.2
vertex 188.05 -98.05 1.2
endloop
endfacet
facet normal 0 -1 0
outer loop
vertex 201.95 -98.05 0
vertex 188.05 -98.05 1.2
vertex 188.05 -98.05 0
endloop
endfacet
facet normal 0 1 0
outer loop
vertex 144.95 -92.95 1.2
vertex 144.95 -92.95 0
vertex 131.05 -92.95 0
endloop
endfacet
facet normal 0 1 0
outer loop
vertex 144.95 -92.95 1.2
vertex 131.05 -92.95 0
vertex 131.05 -92.95 1.2
endloop
endfacet
facet normal 0 1 0
outer loop
vertex 182.95 -92.95 1.2
vertex 182.95 -92.95 0
vertex 169.05 -92.95 0
endloop
endfacet
facet normal 0 1 0
outer loop
vertex 182.95 -92.95 1.2
vertex 169.05 -92.95 0
vertex 169.05 -92.95 1.2
endloop
endfacet
facet normal 0 1 0
outer loop
vertex 201.95 -92.95 1.2
vertex 201.95 -92.95 0
vertex 188.05 -92.95 0
endloop
endfacet
facet normal 0 1 0
outer loop
vertex 201.95 -92.95 1.2
vertex 188.05 -92.95 0
vertex 188.05 -92.95 1.2
endloop
endfacet
facet normal 0 -1 0
outer loop
vertex 144.95 -79.05 0
vertex 144.95 -79.05 1.2
vertex 131.05 -79.05 1.2
endloop
endfacet
facet normal 0 -1 0
outer loop
vertex 144.95 -79.05 0
vertex 131.05 -79.05 1.2
vertex 131.05 -79.05 0
endloop
endfacet
facet normal 0 -1 0
outer loop
vertex 182.95 -79.05 0
vertex 182.95 -79.05 1.2
vertex 169.05 -79.05 1.2
endloop
endfacet
facet normal 0 -1 0
outer loop
vertex 182.95 -79.05 0
vertex 169.05 -79.05 1.2
vertex 169.05 -79.05 0
endloop
endfacet
facet normal 0 -1 0
outer loop
vertex 201.95 -79.05 0
vertex 201.95 -79.05 1.2
vertex 188.05 -79.05 1.2
endloop
endfacet
facet normal 0 -1 0
outer loop
vertex 201.95 -79.05 0
vertex 188.05 -79.05 1.2
vertex 188.05 -79.05 0
endloop
endfacet
facet normal 0 1 0
outer loop
vertex 163.95 -142.95 1.2
vertex 163.95 -142.95 0
vertex 150.05 -142.95 0
endloop
endfacet
facet normal 0 1 0
outer loop
vertex 163.95 -142.95 1.2
vertex 150.05 -142.95 0
vertex 150.05 -142.95 1.2
endloop
endfacet
facet normal -1 0 0
outer loop
vertex 163.95 -136.05 1.2
vertex 163.95 -130.95 1.2
vertex 163.95 -129.05 1.2
endloop
endfacet
facet normal -1 0 0
outer loop
vertex 163.95 -136.05 1.2
vertex 163.95 -129.05 1.2
vertex 163.95 -129.05 0
endloop
endfacet
facet normal -1 0 0
outer loop
vertex 163.95 -136.05 1.2
vertex 163.95 -129.05 0
vertex 163.95 -130.95 0
endloop
endfacet
facet normal -1 0 0
outer loop
vertex 163.95 -136.05 1.2
vertex 163.95 -130.95 0
vertex 163.95 -136.05 0
endloop
endfacet
facet normal -1 0 0
outer loop
vertex 163.95 -136.05 1.2
vertex 163.95 -136.05 0
vertex 163.95 -142.95 0
endloop
endfacet
facet normal -1 0 0
outer loop
vertex 163.95 -136.05 1.2
vertex 163.95 -142.95 0
vertex 163.95 -142.95 1.2
endloop
endfacet
facet normal -1 0 0
outer loop
vertex 163.95 -117.05 1.2
vertex 163.95 -111.95 1.2
vertex 163.95 -110.05 1.2
endloop
endfacet
facet normal -1 0 0
outer loop
vertex 163.95 -117.05 1.2
vertex 163.95 -110.05 1.2
vertex 163.95 -110.05 0
endloop
endfacet
facet normal -1 0 0
outer loop
vertex 163.95 -117.05 1.2
vertex 163.95 -110.05 0
vertex 163.95 -111.95 0
endloop
endfacet
facet normal -1 0 0
outer loop
vertex 163.95 -117.05 1.2
vertex 163.95 -111.95 0
vertex 163.95 -117.05 0
endloop
endfacet
facet normal -1 0 0
outer loop
vertex 163.95 -117.05 1.2
vertex 163.95 -117.05 0
vertex 163.95 -123.95 0
endloop
endfacet
facet normal -1 0 0
outer loop
vertex 163.95 -117.05 1.2
vertex 163.95 -123.95 0
vertex 163.95 -123.95 1.2
endloop
endfacet
facet normal -1 0 0
outer loop
vertex 163.95 -98.05 1.2
vertex 163.95 -92.95 1.2
vertex 163.95 -91.05 1.2
endloop
endfacet
facet normal -1 0 0
outer loop
vertex 163.95 -98.05 1.2
vertex 163.95 -91.05 1.2
vertex 163.95 -91.05 0
endloop
endfacet
facet normal -1 0 0
outer loop
vertex 163.95 -98.05 1.2
vertex 163.95 -91.05 0
vertex 163.95 -92.95 0
endloop
endfacet
facet normal -1 0 0
outer loop
vertex 163.95 -98.05 1.2
vertex 163.95 -92.95 0
vertex 163.95 -98.05 0
endloop
endfacet
facet normal -1 0 0
outer loop
vertex 163.95 -98.05 1.2
vertex 163.95 -98.05 0
vertex 163.95 -104.95 0
endloop
endfacet
facet normal -1 0 0
outer loop
vertex 163.95 -98.05 1.2
vertex 163.95 -104.95 0
vertex 163.95 -104.95 1.2
endloop
endfacet
facet normal -1 0 0
outer loop
vertex 163.95 -79.05 1.2
vertex 163.95 -78.37741889999998 1.2
vertex 163.95 -72.05 1.2
endloop
endfacet
facet normal -1 0 0
outer loop
vertex 163.95 -79.05 1.2
vertex 163.95 -72.05 1.2
vertex 163.95 -72.05 0
endloop
endfacet
facet normal -1 0 0
outer loop
vertex 163.95 -79.05 1.2
vertex 163.95 -72.05 0
vertex 163.95 -78.37741890000001 0
endloop
endfacet
facet normal -1 0 0
outer loop
vertex 163.95 -79.05 1.2
vertex 163.95 -78.37741890000001 0
vertex 163.95 -79.05 0
endloop
endfacet
facet normal -1 0 0
outer loop
vertex 163.95 -79.05 1.2
vertex 163.95 -79.05 0
vertex 163.95 -85.95 0
endloop
endfacet
facet normal -1 0 0
outer loop
vertex 163.95 -79.05 1.2
vertex 163.95 -85.95 0
vertex 163.95 -85.95 1.2
endloop
endfacet
facet normal 0 -1 0
outer loop
vertex 163.95 -129.05 0
vertex 163.95 -129.05 1.2
vertex 150.05 -129.05 1.2
endloop
endfacet
facet normal 0 -1 0
outer loop
vertex 163.95 -129.05 0
vertex 150.05 -129.05 1.2
vertex 150.05 -129.05 0
endloop
endfacet
facet normal 1 0 0
outer loop
vertex 150.05 -136.05 0
vertex 150.05 -130.95 0
vertex 150.05 -129.05 0
endloop
endfacet
facet normal 1 0 0
outer loop
vertex 150.05 -136.05 0
vertex 150.05 -129.05 0
vertex 150.05 -129.05 1.2
endloop
endfacet
facet normal 1 0 0
outer loop
vertex 150.05 -136.05 0
vertex 150.05 -129.05 1.2
vertex 150.05 -130.95 1.2
endloop
endfacet
facet normal 1 0 0
outer loop
vertex 150.05 -136.05 0
vertex 150.05 -130.95 1.2
vertex 150.05 -136.05 1.2
endloop
endfacet
facet normal 1 0 0
outer loop
vertex 150.05 -136.05 0
vertex 150.05 -136.05 1.2
vertex 150.05 -142.95 1.2
endloop
endfacet
facet normal 1 0 0
outer loop
vertex 150.05 -136.05 0
vertex 150.05 -142.95 1.2
vertex 150.05 -142.95 0
endloop
endfacet
facet normal 1 0 0
outer loop
vertex 150.05 -117.05 0
vertex 150.05 -111.95 0
vertex 150.05 -110.05 0
endloop
endfacet
facet normal 1 0 0
outer loop
vertex 150.05 -117.05 0
vertex 150.05 -110.05 0
vertex 150.05 -110.05 1.2
endloop
endfacet
facet normal 1 0 0
outer loop
vertex 150.05 -117.05 0
vertex 150.05 -110.05 1.2
vertex 150.05 -111.95 1.2
endloop
endfacet
facet normal 1 0 0
outer loop
vertex 150.05 -117.05 0
vertex 150.05 -111.95 1.2
vertex 150.05 -117.05 1.2
endloop
endfacet
facet normal 1 0 0
outer loop
vertex 150.05 -117.05 0
vertex 150.05 -117.05 1.2
vertex 150.05 -123.95 1.2
endloop
endfacet
facet normal 1 0 0
outer loop
vertex 150.05 -117.05 0
vertex 150.05 -123.95 1.2
vertex 150.05 -123.95 0
endloop
endfacet
facet normal 1 0 0
outer loop
vertex 150.05 -98.05 0
vertex 150.05 -92.95 0
vertex 150.05 -91.05 0
endloop
endfacet
facet normal 1 0 0
outer loop
vertex 150.05 -98.05 0
vertex 150.05 -91.05 0
vertex 150.05 -91.05 1.2
endloop
endfacet
facet normal 1 0 0
outer loop
vertex 150.05 -98.05 0
vertex 150.05 -91.05 1.2
vertex 150.05 -92.95 1.2
endloop
endfacet
facet normal 1 0 0
outer loop
vertex 150.05 -98.05 0
vertex 150.05 -92.95 1.2
vertex 150.05 -98.05 1.2
endloop
endfacet
facet normal 1 0 0
outer loop
vertex 150.05 -98.05 0
vertex 150.05 -98.05 1.2
vertex 150.05 -104.95 1.2
endloop
endfacet
facet normal 1 0 0
outer loop
vertex 150.05 -98.05 0
vertex 150.05 -104.95 1.2
vertex 150.05 -104.95 0
endloop
endfacet
facet normal 1 0 0
outer loop
vertex 150.05 -79.05 0
vertex 150.05 -72.05 0
vertex 150.05 -72.05 1.2
endloop
endfacet
facet normal 1 0 0
outer loop
vertex 150.05 -79.05 0
vertex 150.05 -72.05 1.2
vertex 150.05 -79.05 1.2
endloop
endfacet
facet normal 1 0 0
outer loop
vertex 150.05 -79.05 0
vertex 150.05 -79.05 1.2
vertex 150.05 -85.95 1.2
endloop
endfacet
facet normal 1 0 0
outer loop
vertex 150.05 -79.05 0
vertex 150.05 -85.95 1.2
vertex 150.05 -85.95 0
endloop
endfacet
facet normal 0 1 0
outer loop
vertex 163.95 -123.95 1.2
vertex 163.95 -123.95 0
vertex 150.05 -123.95 0
endloop
endfacet
facet normal 0 1 0
outer loop
vertex 163.95 -123.95 1.2
vertex 150.05 -123.95 0
vertex 150.05 -123.95 1.2
endloop
endfacet
facet normal 0 -1 0
outer loop
vertex 163.95 -110.05 0
vertex 163.95 -110.05 1.2
vertex 150.05 -110.05 1.2
endloop
endfacet
facet normal 0 -1 0
outer loop
vertex 163.95 -110.05 0
vertex 150.05 -110.05 1.2
vertex 150.05 -110.05 0
endloop
endfacet
facet normal 0 1 0
outer loop
vertex 163.95 -104.95 1.2
vertex 163.95 -104.95 0
vertex 150.05 -104.95 0
endloop
endfacet
facet normal 0 1 0
outer loop
vertex 163.95 -104.95 1.2
vertex 150.05 -104.95 0
vertex 150.05 -104.95 1.2
endloop
endfacet
facet normal 0 -1 0
outer loop
vertex 163.95 -91.05 0
vertex 163.95 -91.05 1.2
vertex 150.05 -91.05 1.2
endloop
endfacet
facet normal 0 -1 0
outer loop
vertex 163.95 -91.05 0
vertex 150.05 -91.05 1.2
vertex 150.05 -91.05 0
endloop
endfacet
facet normal 0 1 0
outer loop
vertex 163.95 -85.95 1.2
vertex 163.95 -85.95 0
vertex 150.05 -85.95 0
endloop
endfacet
facet normal 0 1 0
outer loop
vertex 163.95 -85.95 1.2
vertex 150.05 -85.95 0
vertex 150.05 -85.95 1.2
endloop
endfacet
facet normal 0 -1 0
outer loop
vertex 163.95 -72.05 0
vertex 163.95 -72.05 1.2
vertex 150.05 -72.05 1.2
endloop
endfacet
facet normal 0 -1 0
outer loop
vertex 163.95 -72.05 0
vertex 150.05 -72.05 1.2
vertex 150.05 -72.05 0
endloop
endfacet
facet normal -1 0 0
outer loop
vertex 182.95 -136.05 1.2
vertex 182.95 -136.05 0
vertex 182.95 -149.95 0
endloop
endfacet
facet normal -1 0 0
outer loop
vertex 182.95 -136.05 1.2
vertex 182.95 -149.95 0
vertex 182.95 -149.95 1.2
endloop
endfacet
facet normal -1 0 0
outer loop
vertex 182.95 -117.05 1.2
vertex 182.95 -117.05 0
vertex 182.95 -130.95 0
endloop
endfacet
facet normal -1 0 0
outer loop
vertex 182.95 -117.05 1.2
vertex 182.95 -130.95 0
vertex 182.95 -130.95 1.2
endloop
endfacet
facet normal -1 0 0
outer loop
vertex 182.95 -98.05 1.2
vertex 182.95 -98.05 0
vertex 182.95 -111.95 0
endloop
endfacet
facet normal -1 0 0
outer loop
vertex 182.95 -98.05 1.2
vertex 182.95 -111.95 0
vertex 182.95 -111.95 1.2
endloop
endfacet
facet normal -1 0 0
outer loop
vertex 182.95 -79.05 1.2
vertex 182.95 -79.05 0
vertex 182.95 -92.95 0
endloop
endfacet
facet normal -1 0 0
outer loop
vertex 182.95 -79.05 1.2
vertex 182.95 -92.95 0
vertex 182.95 -92.95 1.2
endloop
endfacet
facet normal 1 0 0
outer loop
vertex 169.05 -142.95 0
vertex 169.05 -136.05 0
vertex 169.05 -136.05 1.2
endloop
endfacet
facet normal 1 0 0
outer loop
vertex 169.05 -142.95 0
vertex 169.05 -136.05 1.2
vertex 169.05 -142.95 1.2
endloop
endfacet
facet normal 1 0 0
outer loop
vertex 169.05 -142.95 0
vertex 169.05 -142.95 1.2
vertex 169.05 -149.95 1.2
endloop
endfacet
facet normal 1 0 0
outer loop
vertex 169.05 -142.95 0
vertex 169.05 -149.95 1.2
vertex 169.05 -149.95 0
endloop
endfacet
facet normal 1 0 0
outer loop
vertex 169.05 -129.05 0
vertex 169.05 -123.95 0
vertex 169.05 -117.05 0
endloop
endfacet
facet normal 1 0 0
outer loop
vertex 169.05 -129.05 0
vertex 169.05 -117.05 0
vertex 169.05 -117.05 1.2
endloop
endfacet
facet normal 1 0 0
outer loop
vertex 169.05 -129.05 0
vertex 169.05 -117.05 1.2
vertex 169.05 -123.95 1.2
endloop
endfacet
facet normal 1 0 0
outer loop
vertex 169.05 -129.05 0
vertex 169.05 -123.95 1.2
vertex 169.05 -129.05 1.2
endloop
endfacet
facet normal 1 0 0
outer loop
vertex 169.05 -129.05 0
vertex 169.05 -129.05 1.2
vertex 169.05 -130.95 1.2
endloop
endfacet
facet normal 1 0 0
outer loop
vertex 169.05 -129.05 0
vertex 169.05 -130.95 1.2
vertex 169.05 -130.95 0
endloop
endfacet
facet normal 1 0 0
outer loop
vertex 169.05 -110.05 0
vertex 169.05 -104.95 0
vertex 169.05 -98.05 0
endloop
endfacet
facet normal 1 0 0
outer loop
vertex 169.05 -110.05 0
vertex 169.05 -98.05 0
vertex 169.05 -98.05 1.2
endloop
endfacet
facet normal 1 0 0
outer loop
vertex 169.05 -110.05 0
vertex 169.05 -98.05 1.2
vertex 169.05 -104.95 1.2
endloop
endfacet
facet normal 1 0 0
outer loop
vertex 169.05 -110.05 0
vertex 169.05 -104.95 1.2
vertex 169.05 -110.05 1.2
endloop
endfacet
facet normal 1 0 0
outer loop
vertex 169.05 -110.05 0
vertex 169.05 -110.05 1.2
vertex 169.05 -111.95 1.2
endloop
endfacet
facet normal 1 0 0
outer loop
vertex 169.05 -110.05 0
vertex 169.05 -111.95 1.2
vertex 169.05 -111.95 0
endloop
endfacet
facet normal 1 0 0
outer loop
vertex 169.05 -91.05 0
vertex 169.05 -85.95 0
vertex 169.05 -79.05 0
endloop
endfacet
facet normal 1 0 0
outer loop
vertex 169.05 -91.05 0
vertex 169.05 -79.05 0
vertex 169.05 -79.05 1.2
endloop
endfacet
facet normal 1 0 0
outer loop
vertex 169.05 -91.05 0
vertex 169.05 -79.05 1.2
vertex 169.05 -85.95 1.2
endloop
endfacet
facet normal 1 0 0
outer loop
vertex 169.05 -91.05 0
vertex 169.05 -85.95 1.2
vertex 169.05 -91.05 1.2
endloop
endfacet
facet normal 1 0 0
outer loop
vertex 169.05 -91.05 0
vertex 169.05 -91.05 1.2
vertex 169.05 -92.95 1.2
endloop
endfacet
facet normal 1 0 0
outer loop
vertex 169.05 -91.05 0
vertex 169.05 -92.95 1.2
vertex 169.05 -92.95 0
endloop
endfacet
facet normal -1 0 0
outer loop
vertex 201.95 -147.26364250000003 1.2
vertex 201.95 -140.95 1.2
vertex 201.95 -136.05 1.2
endloop
endfacet
facet normal -1 0 0
outer loop
vertex 201.95 -147.26364250000003 1.2
vertex 201.95 -136.05 1.2
vertex 201.95 -136.05 0
endloop
endfacet
facet normal -1 0 0
outer loop
vertex 201.95 -147.26364250000003 1.2
vertex 201.95 -136.05 0
vertex 201.95 -140.95 0
endloop
endfacet
facet normal -1 0 0
outer loop
vertex 201.95 -147.26364250000003 1.2
vertex 201.95 -140.95 0
vertex 201.95 -147.2636425 0
endloop
endfacet
facet normal -1 0 0
outer loop
vertex 201.95 -147.26364250000003 1.2
vertex 201.95 -147.2636425 0
vertex 201.95 -149.95 0
endloop
endfacet
facet normal -1 0 0
outer loop
vertex 201.95 -147.26364250000003 1.2
vertex 201.95 -149.95 0
vertex 201.95 -149.95 1.2
endloop
endfacet
facet normal -1 0 0
outer loop
vertex 201.95 -127.05 1.2
vertex 201.95 -125.32499999999999 1.2
vertex 201.95 -125.30866748834273 1.2
endloop
endfacet
facet normal -1 0 0
outer loop
vertex 201.95 -127.05 1.2
vertex 201.95 -125.30866748834273 1.2
vertex 201.95 -125.26029760263458 1.2
endloop
endfacet
facet normal -1 0 0
outer loop
vertex 201.95 -127.05 1.2
vertex 201.95 -125.26029760263458 1.2
vertex 201.95 -125.18174917045711 1.2
endloop
endfacet
facet normal -1 0 0
outer loop
vertex 201.95 -127.05 1.2
vertex 201.95 -125.18174917045711 1.2
vertex 201.95 -125.07604076400857 1.2
endloop
endfacet
facet normal -1 0 0
outer loop
vertex 201.95 -127.05 1.2
vertex 201.95 -125.07604076400857 1.2
vertex 201.95 -124.94723469806657 1.2
endloop
endfacet
facet normal -1 0 0
outer loop
vertex 201.95 -127.05 1.2
vertex 201.95 -124.94723469806657 1.2
vertex 201.95 -124.8002809175106 1.2
endloop
endfacet
facet normal -1 0 0
outer loop
vertex 201.95 -127.05 1.2
vertex 201.95 -124.8002809175106 1.2
vertex 201.95 -124.64082677371357 1.2
endloop
endfacet
facet normal -1 0 0
outer loop
vertex 201.95 -127.05 1.2
vertex 201.95 -124.64082677371357 1.2
vertex 201.95 -124.47499999999997 1.2
endloop
endfacet
facet normal -1 0 0
outer loop
vertex 201.95 -127.05 1.2
vertex 201.95 -124.47499999999997 1.2
vertex 201.95 -124.30917322628625 1.2
endloop
endfacet
facet normal -1 0 0
outer loop
vertex 201.95 -127.05 1.2
vertex 201.95 -124.30917322628625 1.2
vertex 201.95 -124.14971908248957 1.2
endloop
endfacet
facet normal -1 0 0
outer loop
vertex 201.95 -127.05 1.2
vertex 201.95 -124.14971908248957 1.2
vertex 201.95 -124.00276530193335 1.2
endloop
endfacet
facet normal -1 0 0
outer loop
vertex 201.95 -127.05 1.2
vertex 201.95 -124.00276530193335 1.2
vertex 201.95 -123.87395923599134 1.2
endloop
endfacet
facet normal -1 0 0
outer loop
vertex 201.95 -127.05 1.2
vertex 201.95 -123.87395923599134 1.2
vertex 201.95 -123.76825082954288 1.2
endloop
endfacet
facet normal -1 0 0
outer loop
vertex 201.95 -127.05 1.2
vertex 201.95 -123.76825082954288 1.2
vertex 201.95 -123.68970239736535 1.2
endloop
endfacet
facet normal -1 0 0
outer loop
vertex 201.95 -127.05 1.2
vertex 201.95 -123.68970239736535 1.2
vertex 201.95 -123.64133251165727 1.2
endloop
endfacet
facet normal -1 0 0
outer loop
vertex 201.95 -127.05 1.2
vertex 201.95 -123.64133251165727 1.2
vertex 201.95 -123.625 1.2
endloop
endfacet
facet normal -1 0 0
outer loop
vertex 201.95 -127.05 1.2
vertex 201.95 -123.625 1.2
vertex 201.95 -121.95 1.2
endloop
endfacet
facet normal -1 0 0
outer loop
vertex 201.95 -127.05 1.2
vertex 201.95 -121.95 1.2
vertex 201.95 -117.05 1.2
endloop
endfacet
facet normal -1 0 0
outer loop
vertex 201.95 -127.05 1.2
vertex 201.95 -117.05 1.2
vertex 201.95 -117.05 0
endloop
endfacet
facet normal -1 0 0
outer loop
vertex 201.95 -127.05 1.2
vertex 201.95 -117.05 0
vertex 201.95 -121.95 0
endloop
endfacet
facet normal -1 0 0
outer loop
vertex 201.95 -127.05 1.2
vertex 201.95 -121.95 0
vertex 201.95 -123.62500000000001 0
endloop
endfacet
facet normal -1 0 0
outer loop
vertex 201.95 -127.05 1.2
vertex 201.95 -123.62500000000001 0
vertex 201.95 -123.64133251165727 0
endloop
endfacet
facet normal -1 0 0
outer loop
vertex 201.95 -127.05 1.2
vertex 201.95 -123.64133251165727 0
vertex 201.95 -123.68970239736537 0
endloop
endfacet
facet normal -1 0 0
outer loop
vertex 201.95 -127.05 1.2
vertex 201.95 -123.68970239736537 0
vertex 201.95 -123.76825082954288 0
endloop
endfacet
facet normal -1 0 0
outer loop
vertex 201.95 -127.05 1.2
vertex 201.95 -123.76825082954288 0
vertex 201.95 -123.87395923599135 0
endloop
endfacet
facet normal -1 0 0
outer loop
vertex 201.95 -127.05 1.2
vertex 201.95 -123.87395923599135 0
vertex 201.95 -124.00276530193344 0
endloop
endfacet
facet normal -1 0 0
outer loop
vertex 201.95 -127.05 1.2
vertex 201.95 -124.00276530193344 0
vertex 201.95 -124.1497190824894 0
endloop
endfacet
facet normal -1 0 0
outer loop
vertex 201.95 -127.05 1.2
vertex 201.95 -124.1497190824894 0
vertex 201.95 -124.30917322628646 0
endloop
endfacet
facet normal -1 0 0
outer loop
vertex 201.95 -127.05 1.2
vertex 201.95 -124.30917322628646 0
vertex 201.95 -124.47499999999977 0
endloop
endfacet
facet normal -1 0 0
outer loop
vertex 201.95 -127.05 1.2
vertex 201.95 -124.47499999999977 0
vertex 201.95 -124.64082677371358 0
endloop
endfacet
facet normal -1 0 0
outer loop
vertex 201.95 -127.05 1.2
vertex 201.95 -124.64082677371358 0
vertex 201.95 -124.80028091751065 0
endloop
endfacet
facet normal -1 0 0
outer loop
vertex 201.95 -127.05 1.2
vertex 201.95 -124.80028091751065 0
vertex 201.95 -124.94723469806655 0
endloop
endfacet
facet normal -1 0 0
outer loop
vertex 201.95 -127.05 1.2
vertex 201.95 -124.94723469806655 0
vertex 201.95 -125.07604076400858 0
endloop
endfacet
facet normal -1 0 0
outer loop
vertex 201.95 -127.05 1.2
vertex 201.95 -125.07604076400858 0
vertex 201.95 -125.18174917045714 0
endloop
endfacet
facet normal -1 0 0
outer loop
vertex 201.95 -127.05 1.2
vertex 201.95 -125.18174917045714 0
vertex 201.95 -125.2602976026346 0
endloop
endfacet
facet normal -1 0 0
outer loop
vertex 201.95 -127.05 1.2
vertex 201.95 -125.2602976026346 0
vertex 201.95 -125.30866748834272 0
endloop
endfacet
facet normal -1 0 0
outer loop
vertex 201.95 -127.05 1.2
vertex 201.95 -125.30866748834272 0
vertex 201.95 -125.32499999999999 0
endloop
endfacet
facet normal -1 0 0
outer loop
vertex 201.95 -127.05 1.2
vertex 201.95 -125.32499999999999 0
vertex 201.95 -127.05 0
endloop
endfacet
facet normal -1 0 0
outer loop
vertex 201.95 -127.05 1.2
vertex 201.95 -127.05 0
vertex 201.95 -130.95 0
endloop
endfacet
facet normal -1 0 0
outer loop
vertex 201.95 -127.05 1.2
vertex 201.95 -130.95 0
vertex 201.95 -130.95 1.2
endloop
endfacet
facet normal -1 0 0
outer loop
vertex 201.95 -108.05 1.2
vertex 201.95 -102.95 1.2
vertex 201.95 -98.05 1.2
endloop
endfacet
facet normal -1 0 0
outer loop
vertex 201.95 -108.05 1.2
vertex 201.95 -98.05 1.2
vertex 201.95 -98.05 0
endloop
endfacet
facet normal -1 0 0
outer loop
vertex 201.95 -108.05 1.2
vertex 201.95 -98.05 0
vertex 201.95 -102.95 0
endloop
endfacet
facet normal -1 0 0
outer loop
vertex 201.95 -108.05 1.2
vertex 201.95 -102.95 0
vertex 201.95 -108.05 0
endloop
endfacet
facet normal -1 0 0
outer loop
vertex 201.95 -108.05 1.2
vertex 201.95 -108.05 0
vertex 201.95 -111.95 0
endloop
endfacet
facet normal -1 0 0
outer loop
vertex 201.95 -108.05 1.2
vertex 201.95 -111.95 0
vertex 201.95 -111.95 1.2
endloop
endfacet
facet normal -1 0 0
outer loop
vertex 201.95 -89.05 1.2
vertex 201.95 -79.05 1.2
vertex 201.95 -79.05 0
endloop
endfacet
facet normal -1 0 0
outer loop
vertex 201.95 -89.05 1.2
vertex 201.95 -79.05 0
vertex 201.95 -89.05 0
endloop
endfacet
facet normal -1 0 0
outer loop
vertex 201.95 -89.05 1.2
vertex 201.95 -89.05 0
vertex 201.95 -92.95 0
endloop
endfacet
facet normal -1 0 0
outer loop
vertex 201.95 -89.05 1.2
vertex 201.95 -92.95 0
vertex 201.95 -92.95 1.2
endloop
endfacet
facet normal 1 0 0
outer loop
vertex 188.05 -136.05 0
vertex 188.05 -136.05 1.2
vertex 188.05 -149.95 1.2
endloop
endfacet
facet normal 1 0 0
outer loop
vertex 188.05 -136.05 0
vertex 188.05 -149.95 1.2
vertex 188.05 -149.95 0
endloop
endfacet
facet normal 1 0 0
outer loop
vertex 188.05 -117.05 0
vertex 188.05 -117.05 1.2
vertex 188.05 -130.95 1.2
endloop
endfacet
facet normal 1 0 0
outer loop
vertex 188.05 -117.05 0
vertex 188.05 -130.95 1.2
vertex 188.05 -130.95 0
endloop
endfacet
facet normal 1 0 0
outer loop
vertex 188.05 -98.05 0
vertex 188.05 -98.05 1.2
vertex 188.05 -111.95 1.2
endloop
endfacet
facet normal 1 0 0
outer loop
vertex 188.05 -98.05 0
vertex 188.05 -111.95 1.2
vertex 188.05 -111.95 0
endloop
endfacet
facet normal 1 0 0
outer loop
vertex 188.05 -79.05 0
vertex 188.05 -79.05 1.2
vertex 188.05 -92.95 1.2
endloop
endfacet
facet normal 1 0 0
outer loop
vertex 188.05 -79.05 0
vertex 188.05 -92.95 1.2
vertex 188.05 -92.95 0
endloop
endfacet
facet normal 0 1 0
outer loop
vertex 220.95 -140.95 1.2
vertex 220.95 -140.95 0
vertex 207.05 -140.95 0
endloop
endfacet
facet normal 0 1 0
outer loop
vertex 220.95 -140.95 1.2
vertex 207.05 -140.95 0
vertex 207.05 -140.95 1.2
endloop
endfacet
facet normal -1 0 0
outer loop
vertex 220.95 -127.05 1.2
vertex 220.95 -127.05 0
vertex 220.95 -140.95 0
endloop
endfacet
facet normal -1 0 0
outer loop
vertex 220.95 -127.05 1.2
vertex 220.95 -140.95 0
vertex 220.95 -140.95 1.2
endloop
endfacet
facet normal -1 0 0
outer loop
vertex 220.95 -108.05 1.2
vertex 220.95 -108.05 0
vertex 220.95 -121.95 0
endloop
endfacet
facet normal -1 0 0
outer loop
vertex 220.95 -108.05 1.2
vertex 220.95 -121.95 0
vertex 220.95 -121.95 1.2
endloop
endfacet
facet normal -1 0 0
outer loop
vertex 220.95 -89.05 1.2
vertex 220.95 -89.05 0
vertex 220.95 -102.95 0
endloop
endfacet
facet normal -1 0 0
outer loop
vertex 220.95 -89.05 1.2
vertex 220.95 -102.95 0
vertex 220.95 -102.95 1.2
endloop
endfacet
facet normal 0 -1 0
outer loop
vertex 220.95 -127.05 0
vertex 220.95 -127.05 1.2
vertex 207.05 -127.05 1.2
endloop
endfacet
facet normal 0 -1 0
outer loop
vertex 220.95 -127.05 0
vertex 207.05 -127.05 1.2
vertex 207.05 -127.05 0
endloop
endfacet
facet normal 1 0 0
outer loop
vertex 207.05 -136.05 0
vertex 207.05 -130.95 0
vertex 207.05 -127.05 0
endloop
endfacet
facet normal 1 0 0
outer loop
vertex 207.05 -136.05 0
vertex 207.05 -127.05 0
vertex 207.05 -127.05 1.2
endloop
endfacet
facet normal 1 0 0
outer loop
vertex 207.05 -136.05 0
vertex 207.05 -127.05 1.2
vertex 207.05 -130.95 1.2
endloop
endfacet
facet normal 1 0 0
outer loop
vertex 207.05 -136.05 0
vertex 207.05 -130.95 1.2
vertex 207.05 -136.05 1.2
endloop
endfacet
facet normal 1 0 0
outer loop
vertex 207.05 -136.05 0
vertex 207.05 -136.05 1.2
vertex 207.05 -140.95 1.2
endloop
endfacet
facet normal 1 0 0
outer loop
vertex 207.05 -136.05 0
vertex 207.05 -140.95 1.2
vertex 207.05 -140.95 0
endloop
endfacet
facet normal 1 0 0
outer loop
vertex 207.05 -117.05 0
vertex 207.05 -111.95 0
vertex 207.05 -108.05 0
endloop
endfacet
facet normal 1 0 0
outer loop
vertex 207.05 -117.05 0
vertex 207.05 -108.05 0
vertex 207.05 -108.05 1.2
endloop
endfacet
facet normal 1 0 0
outer loop
vertex 207.05 -117.05 0
vertex 207.05 -108.05 1.2
vertex 207.05 -111.95 1.2
endloop
endfacet
facet normal 1 0 0
outer loop
vertex 207.05 -117.05 0
vertex 207.05 -111.95 1.2
vertex 207.05 -117.05 1.2
endloop
endfacet
facet normal 1 0 0
outer loop
vertex 207.05 -117.05 0
vertex 207.05 -117.05 1.2
vertex 207.05 -121.95 1.2
endloop
endfacet
facet normal 1 0 0
outer loop
vertex 207.05 -117.05 0
vertex 207.05 -121.95 1.2
vertex 207.05 -121.95 0
endloop
endfacet
facet normal 1 0 0
outer loop
vertex 207.05 -98.05 0
vertex 207.05 -92.95 0
vertex 207.05 -89.05 0
endloop
endfacet
facet normal 1 0 0
outer loop
vertex 207.05 -98.05 0
vertex 207.05 -89.05 0
vertex 207.05 -89.05 1.2
endloop
endfacet
facet normal 1 0 0
outer loop
vertex 207.05 -98.05 0
vertex 207.05 -89.05 1.2
vertex 207.05 -92.95 1.2
endloop
endfacet
facet normal 1 0 0
outer loop
vertex 207.05 -98.05 0
vertex 207.05 -92.95 1.2
vertex 207.05 -98.05 1.2
endloop
endfacet
facet normal 1 0 0
outer loop
vertex 207.05 -98.05 0
vertex 207.05 -98.05 1.2
vertex 207.05 -102.95 1.2
endloop
endfacet
facet normal 1 0 0
outer loop
vertex 207.05 -98.05 0
vertex 207.05 -102.95 1.2
vertex 207.05 -102.95 0
endloop
endfacet
facet normal 0 1 0
outer loop
vertex 220.95 -121.95 1.2
vertex 220.95 -121.95 0
vertex 207.05 -121.95 0
endloop
endfacet
facet normal 0 1 0
outer loop
vertex 220.95 -121.95 1.2
vertex 207.05 -121.95 0
vertex 207.05 -121.95 1.2
endloop
endfacet
facet normal 0 -1 0
outer loop
vertex 220.95 -108.05 0
vertex 220.95 -108.05 1.2
vertex 207.05 -108.05 1.2
endloop
endfacet
facet normal 0 -1 0
outer loop
vertex 220.95 -108.05 0
vertex 207.05 -108.05 1.2
vertex 207.05 -108.05 0
endloop
endfacet
facet normal 0 1 0
outer loop
vertex 220.95 -102.95 1.2
vertex 220.95 -102.95 0
vertex 207.05 -102.95 0
endloop
endfacet
facet normal 0 1 0
outer loop
vertex 220.95 -102.95 1.2
vertex 207.05 -102.95 0
vertex 207.05 -102.95 1.2
endloop
endfacet
facet normal 0 -1 0
outer loop
vertex 220.95 -89.05 0
vertex 220.95 -89.05 1.2
vertex 207.05 -89.05 1.2
endloop
endfacet
facet normal 0 -1 0
outer loop
vertex 220.95 -89.05 0
vertex 207.05 -89.05 1.2
vertex 207.05 -89.05 0
endloop
endfacet
facet normal 0 1 0
outer loop
vertex 186.95 -169 1.2
vertex 186.95 -169 0
vertex 173.05 -169 0
endloop
endfacet
facet normal 0 1 0
outer loop
vertex 186.95 -169 1.2
vertex 173.05 -169 0
vertex 173.05 -169 1.2
endloop
endfacet
facet normal -1 0 0
outer loop
vertex 186.95 -158.5947314 1.2
vertex 186.95 -155.1 1.2
vertex 186.95 -155.1 0
endloop
endfacet
facet normal -1 0 0
outer loop
vertex 186.95 -158.5947314 1.2
vertex 186.95 -155.1 0
vertex 186.95 -158.59473139999997 0
endloop
endfacet
facet normal -1 0 0
outer loop
vertex 186.95 -158.5947314 1.2
vertex 186.95 -158.59473139999997 0
vertex 186.95 -169 0
endloop
endfacet
facet normal -1 0 0
outer loop
vertex 186.95 -158.5947314 1.2
vertex 186.95 -169 0
vertex 186.95 -169 1.2
endloop
endfacet
facet normal 0 -1 0
outer loop
vertex 186.95 -155.1 0
vertex 186.95 -155.1 1.2
vertex 173.05 -155.1 1.2
endloop
endfacet
facet normal 0 -1 0
outer loop
vertex 186.95 -155.1 0
vertex 173.05 -155.1 1.2
vertex 173.05 -155.1 0
endloop
endfacet
facet normal 1 0 0
outer loop
vertex 173.05 -156.95 0
vertex 173.05 -155.1 0
vertex 173.05 -155.1 1.2
endloop
endfacet
facet normal 1 0 0
outer loop
vertex 173.05 -156.95 0
vertex 173.05 -155.1 1.2
vertex 173.05 -156.95 1.2
endloop
endfacet
facet normal 1 0 0
outer loop
vertex 173.05 -156.95 0
vertex 173.05 -156.95 1.2
vertex 173.05 -169 1.2
endloop
endfacet
facet normal 1 0 0
outer loop
vertex 173.05 -156.95 0
vertex 173.05 -169 1.2
vertex 173.05 -169 0
endloop
endfacet
facet normal 1 0 0
outer loop
vertex 237.5735951 -194.05526849999998 0
vertex 237.5735951 -188.8977839 0
vertex 237.5735951 -188.88145138834278 0
endloop
endfacet
facet normal 1 0 0
outer loop
vertex 237.5735951 -194.05526849999998 0
vertex 237.5735951 -188.88145138834278 0
vertex 237.5735951 -188.8330815026345 0
endloop
endfacet
facet normal 1 0 0
outer loop
vertex 237.5735951 -194.05526849999998 0
vertex 237.5735951 -188.8330815026345 0
vertex 237.5735951 -188.8219636 0
endloop
endfacet
facet normal 1 0 0
outer loop
vertex 237.5735951 -194.05526849999998 0
vertex 237.5735951 -188.8219636 0
vertex 237.5735951 -188.8219636 1.2
endloop
endfacet
facet normal 1 0 0
outer loop
vertex 237.5735951 -194.05526849999998 0
vertex 237.5735951 -188.8219636 1.2
vertex 237.5735951 -188.83308150263454 1.2
endloop
endfacet
facet normal 1 0 0
outer loop
vertex 237.5735951 -194.05526849999998 0
vertex 237.5735951 -188.83308150263454 1.2
vertex 237.5735951 -188.88145138834275 1.2
endloop
endfacet
facet normal 1 0 0
outer loop
vertex 237.5735951 -194.05526849999998 0
vertex 237.5735951 -188.88145138834275 1.2
vertex 237.5735951 -188.8977839 1.2
endloop
endfacet
facet normal 1 0 0
outer loop
vertex 237.5735951 -194.05526849999998 0
vertex 237.5735951 -188.8977839 1.2
vertex 237.5735951 -194.0552685 1.2
endloop
endfacet
facet normal 1 0 0
outer loop
vertex 237.5735951 -194.05526849999998 0
vertex 237.5735951 -194.0552685 1.2
vertex 237.5735951 -202.7219636 1.2
endloop
endfacet
facet normal 1 0 0
outer loop
vertex 237.5735951 -194.05526849999998 0
vertex 237.5735951 -202.7219636 1.2
vertex 237.5735951 -202.7219636 0
endloop
endfacet
facet normal 0 1 0
outer loop
vertex 251.4735951 -202.7219636 1.2
vertex 251.4735951 -202.7219636 0
vertex 237.5735951 -202.7219636 0
endloop
endfacet
facet normal 0 1 0
outer loop
vertex 251.4735951 -202.7219636 1.2
vertex 237.5735951 -202.7219636 0
vertex 237.5735951 -202.7219636 1.2
endloop
endfacet
facet normal -1 0 0
outer loop
vertex 251.4735951 -188.8219636 1.2
vertex 251.4735951 -188.8219636 0
vertex 251.4735951 -202.7219636 0
endloop
endfacet
facet normal -1 0 0
outer loop
vertex 251.4735951 -188.8219636 1.2
vertex 251.4735951 -202.7219636 0
vertex 251.4735951 -202.7219636 1.2
endloop
endfacet
facet normal 0 -1 0
outer loop
vertex 251.4735951 -188.8219636 0
vertex 251.4735951 -188.8219636 1.2
vertex 237.5735951 -188.8219636 1.2
endloop
endfacet
facet normal 0 -1 0
outer loop
vertex 251.4735951 -188.8219636 0
vertex 237.5735951 -188.8219636 1.2
vertex 237.5735951 -188.8219636 0
endloop
endfacet
facet normal -0.9951847266721984 0.09801714032954582 0
outer loop
vertex 110.35866748834277 -140.64082677371377 1.2
vertex 110.375 -140.47500000000002 1.2
vertex 110.375 -140.47500000000002 0
endloop
endfacet
facet normal -0.9951847266721984 0.09801714032954582 0
outer loop
vertex 110.35866748834277 -140.64082677371377 1.2
vertex 110.375 -140.47500000000002 0
vertex 110.35866748834275 -140.64082677371374 0
endloop
endfacet
facet normal -0.9951847266721984 -0.09801714032954581 0
outer loop
vertex 110.375 -140.47500000000002 1.2
vertex 110.35866748834275 -140.30917322628625 1.2
vertex 110.35866748834275 -140.30917322628633 0
endloop
endfacet
facet normal -0.9951847266721984 -0.09801714032954581 0
outer loop
vertex 110.375 -140.47500000000002 1.2
vertex 110.35866748834275 -140.30917322628633 0
vertex 110.375 -140.47500000000002 0
endloop
endfacet
facet normal -0.956940335732224 -0.29028467725441237 0
outer loop
vertex 110.35866748834275 -140.30917322628625 1.2
vertex 110.31029760263463 -140.14971908248972 1.2
vertex 110.31029760263458 -140.1497190824896 0
endloop
endfacet
facet normal -0.956940335732224 -0.29028467725441237 0
outer loop
vertex 110.35866748834275 -140.30917322628625 1.2
vertex 110.31029760263458 -140.1497190824896 0
vertex 110.35866748834275 -140.30917322628633 0
endloop
endfacet
facet normal -0.8819212643483401 -0.47139673682602595 0
outer loop
vertex 110.31029760263463 -140.14971908248972 1.2
vertex 110.23174917045716 -140.00276530193332 1.2
vertex 110.23174917045718 -140.00276530193332 0
endloop
endfacet
facet normal -0.8819212643483401 -0.47139673682602595 0
outer loop
vertex 110.31029760263463 -140.14971908248972 1.2
vertex 110.23174917045718 -140.00276530193332 0
vertex 110.31029760263458 -140.1497190824896 0
endloop
endfacet
facet normal -0.7730104533627065 -0.6343932841636827 0
outer loop
vertex 110.23174917045716 -140.00276530193332 1.2
vertex 110.12604076400856 -139.87395923599144 1.2
vertex 110.12604076400861 -139.87395923599146 0
endloop
endfacet
facet normal -0.7730104533627065 -0.6343932841636827 0
outer loop
vertex 110.23174917045716 -140.00276530193332 1.2
vertex 110.12604076400861 -139.87395923599146 0
vertex 110.23174917045718 -140.00276530193332 0
endloop
endfacet
facet normal -0.63439328416365 -0.7730104533627331 0
outer loop
vertex 110.12604076400856 -139.87395923599144 1.2
vertex 109.99723469806675 -139.7682508295429 1.2
vertex 109.99723469806675 -139.7682508295429 0
endloop
endfacet
facet normal -0.63439328416365 -0.7730104533627331 0
outer loop
vertex 110.12604076400856 -139.87395923599144 1.2
vertex 109.99723469806675 -139.7682508295429 0
vertex 110.12604076400861 -139.87395923599146 0
endloop
endfacet
facet normal -0.4713967368260139 -0.8819212643483463 0
outer loop
vertex 109.99723469806675 -139.7682508295429 1.2
vertex 109.85028091751028 -139.68970239736538 1.2
vertex 109.85028091751032 -139.6897023973654 0
endloop
endfacet
facet normal -0.4713967368260139 -0.8819212643483463 0
outer loop
vertex 109.99723469806675 -139.7682508295429 1.2
vertex 109.85028091751032 -139.6897023973654 0
vertex 109.99723469806675 -139.7682508295429 0
endloop
endfacet
facet normal -0.2902846772544479 -0.9569403357322133 0
outer loop
vertex 109.85028091751028 -139.68970239736538 1.2
vertex 109.69082677371384 -139.64133251165728 1.2
vertex 109.69082677371354 -139.6413325116572 0
endloop
endfacet
facet normal -0.2902846772544479 -0.9569403357322133 0
outer loop
vertex 109.85028091751028 -139.68970239736538 1.2
vertex 109.69082677371354 -139.6413325116572 0
vertex 109.85028091751032 -139.6897023973654 0
endloop
endfacet
facet normal -0.09801714032957415 -0.9951847266721956 0
outer loop
vertex 109.69082677371384 -139.64133251165728 1.2
vertex 109.52499999999978 -139.625 1.2
vertex 109.52500000000022 -139.62499999999997 0
endloop
endfacet
facet normal -0.09801714032957415 -0.9951847266721956 0
outer loop
vertex 109.69082677371384 -139.64133251165728 1.2
vertex 109.52500000000022 -139.62499999999997 0
vertex 109.69082677371354 -139.6413325116572 0
endloop
endfacet
facet normal 0.09801714032957415 -0.9951847266721956 0
outer loop
vertex 109.52499999999978 -139.625 1.2
vertex 109.35917322628629 -139.64133251165728 1.2
vertex 109.3591732262868 -139.6413325116572 0
endloop
endfacet
facet normal 0.09801714032957415 -0.9951847266721956 0
outer loop
vertex 109.52499999999978 -139.625 1.2
vertex 109.3591732262868 -139.6413325116572 0
vertex 109.52500000000022 -139.62499999999997 0
endloop
endfacet
facet normal 0.29028467725447593 -0.9569403357322048 0
outer loop
vertex 109.35917322628629 -139.64133251165728 1.2
vertex 109.19971908248982 -139.68970239736538 1.2
vertex 109.19971908248954 -139.6897023973654 0
endloop
endfacet
facet normal 0.29028467725447593 -0.9569403357322048 0
outer loop
vertex 109.35917322628629 -139.64133251165728 1.2
vertex 109.19971908248954 -139.6897023973654 0
vertex 109.3591732262868 -139.6413325116572 0
endloop
endfacet
facet normal 0.4713967368259914 -0.8819212643483584 0
outer loop
vertex 109.19971908248982 -139.68970239736538 1.2
vertex 109.05276530193343 -139.7682508295429 1.2
vertex 109.05276530193328 -139.7682508295429 0
endloop
endfacet
facet normal 0.4713967368259914 -0.8819212643483584 0
outer loop
vertex 109.19971908248982 -139.68970239736538 1.2
vertex 109.05276530193328 -139.7682508295429 0
vertex 109.19971908248954 -139.6897023973654 0
endloop
endfacet
facet normal 0.6343932841636518 -0.7730104533627319 0
outer loop
vertex 109.05276530193343 -139.7682508295429 1.2
vertex 108.92395923599148 -139.87395923599144 1.2
vertex 108.92395923599148 -139.87395923599146 0
endloop
endfacet
facet normal 0.6343932841636518 -0.7730104533627319 0
outer loop
vertex 109.05276530193343 -139.7682508295429 1.2
vertex 108.92395923599148 -139.87395923599146 0
vertex 109.05276530193328 -139.7682508295429 0
endloop
endfacet
facet normal 0.7730104533627064 -0.6343932841636828 0
outer loop
vertex 108.92395923599148 -139.87395923599144 1.2
vertex 108.81825082954288 -140.00276530193332 1.2
vertex 108.8182508295428 -140.00276530193332 0
endloop
endfacet
facet normal 0.7730104533627064 -0.6343932841636828 0
outer loop
vertex 108.92395923599148 -139.87395923599144 1.2
vertex 108.8182508295428 -140.00276530193332 0
vertex 108.92395923599148 -139.87395923599146 0
endloop
endfacet
facet normal 0.8819212643483434 -0.47139673682601946 0
outer loop
vertex 108.81825082954288 -140.00276530193332 1.2
vertex 108.73970239736543 -140.14971908248972 1.2
vertex 108.73970239736553 -140.1497190824896 0
endloop
endfacet
facet normal 0.8819212643483434 -0.47139673682601946 0
outer loop
vertex 108.81825082954288 -140.00276530193332 1.2
vertex 108.73970239736553 -140.1497190824896 0
vertex 108.8182508295428 -140.00276530193332 0
endloop
endfacet
facet normal 0.9569403357322217 -0.2902846772544199 0
outer loop
vertex 108.73970239736543 -140.14971908248972 1.2
vertex 108.69133251165725 -140.30917322628625 1.2
vertex 108.69133251165722 -140.30917322628633 0
endloop
endfacet
facet normal 0.9569403357322217 -0.2902846772544199 0
outer loop
vertex 108.73970239736543 -140.14971908248972 1.2
vertex 108.69133251165722 -140.30917322628633 0
vertex 108.73970239736553 -140.1497190824896 0
endloop
endfacet
facet normal 0.9951847266721984 -0.09801714032954582 0
outer loop
vertex 108.69133251165725 -140.30917322628625 1.2
vertex 108.67500000000001 -140.47500000000002 1.2
vertex 108.675 -140.47500000000002 0
endloop
endfacet
facet normal 0.9951847266721984 -0.09801714032954582 0
outer loop
vertex 108.69133251165725 -140.30917322628625 1.2
vertex 108.675 -140.47500000000002 0
vertex 108.69133251165722 -140.30917322628633 0
endloop
endfacet
facet normal 0.9951847266721984 0.09801714032954581 0
outer loop
vertex 108.67500000000001 -140.47500000000002 1.2
vertex 108.69133251165727 -140.64082677371377 1.2
vertex 108.69133251165727 -140.64082677371374 0
endloop
endfacet
facet normal 0.9951847266721984 0.09801714032954581 0
outer loop
vertex 108.67500000000001 -140.47500000000002 1.2
vertex 108.69133251165727 -140.64082677371374 0
vertex 108.675 -140.47500000000002 0
endloop
endfacet
facet normal 0.9569403357322306 0.29028467725439094 0
outer loop
vertex 108.69133251165727 -140.64082677371377 1.2
vertex 108.73970239736538 -140.8002809175103 1.2
vertex 108.73970239736543 -140.80028091751038 0
endloop
endfacet
facet normal 0.9569403357322306 0.29028467725439094 0
outer loop
vertex 108.69133251165727 -140.64082677371377 1.2
vertex 108.73970239736543 -140.80028091751038 0
vertex 108.69133251165727 -140.64082677371374 0
endloop
endfacet
facet normal 0.8819212643483401 0.47139673682602595 0
outer loop
vertex 108.73970239736538 -140.8002809175103 1.2
vertex 108.81825082954279 -140.94723469806658 1.2
vertex 108.81825082954288 -140.94723469806672 0
endloop
endfacet
facet normal 0.8819212643483401 0.47139673682602595 0
outer loop
vertex 108.73970239736538 -140.8002809175103 1.2
vertex 108.81825082954288 -140.94723469806672 0
vertex 108.73970239736543 -140.80028091751038 0
endloop
endfacet
facet normal 0.7730104533626926 0.6343932841636996 0
outer loop
vertex 108.81825082954279 -140.94723469806658 1.2
vertex 108.92395923599143 -141.07604076400852 1.2
vertex 108.92395923599136 -141.07604076400847 0
endloop
endfacet
facet normal 0.7730104533626926 0.6343932841636996 0
outer loop
vertex 108.81825082954279 -140.94723469806658 1.2
vertex 108.92395923599136 -141.07604076400847 0
vertex 108.81825082954288 -140.94723469806672 0
endloop
endfacet
facet normal 0.63439328416365 0.7730104533627331 0
outer loop
vertex 108.92395923599143 -141.07604076400852 1.2
vertex 109.05276530193345 -141.1817491704572 1.2
vertex 109.05276530193343 -141.1817491704572 0
endloop
endfacet
facet normal 0.63439328416365 0.7730104533627331 0
outer loop
vertex 108.92395923599143 -141.07604076400852 1.2
vertex 109.05276530193343 -141.1817491704572 0
vertex 108.92395923599136 -141.07604076400847 0
endloop
endfacet
facet normal 0.4713967368260224 0.8819212643483417 0
outer loop
vertex 109.05276530193345 -141.1817491704572 1.2
vertex 109.19971908248974 -141.2602976026346 1.2
vertex 109.19971908248968 -141.26029760263458 0
endloop
endfacet
facet normal 0.4713967368260224 0.8819212643483417 0
outer loop
vertex 109.05276530193345 -141.1817491704572 1.2
vertex 109.19971908248968 -141.26029760263458 0
vertex 109.05276530193343 -141.1817491704572 0
endloop
endfacet
facet normal 0.29028467725446194 0.9569403357322092 0
outer loop
vertex 109.19971908248974 -141.2602976026346 1.2
vertex 109.35917322628636 -141.30866748834276 1.2
vertex 109.35917322628632 -141.30866748834273 0
endloop
endfacet
facet normal 0.29028467725446194 0.9569403357322092 0
outer loop
vertex 109.19971908248974 -141.2602976026346 1.2
vertex 109.35917322628632 -141.30866748834273 0
vertex 109.19971908248968 -141.26029760263458 0
endloop
endfacet
facet normal 0.09801714032957415 0.9951847266721956 0
outer loop
vertex 109.35917322628636 -141.30866748834276 1.2
vertex 109.5249999999998 -141.325 1.2
vertex 109.52499999999998 -141.325 0
endloop
endfacet
facet normal 0.09801714032957415 0.9951847266721956 0
outer loop
vertex 109.35917322628636 -141.30866748834276 1.2
vertex 109.52499999999998 -141.325 0
vertex 109.35917322628632 -141.30866748834273 0
endloop
endfacet
facet normal -0.09801714032957415 0.9951847266721956 0
outer loop
vertex 109.5249999999998 -141.325 1.2
vertex 109.69082677371328 -141.30866748834276 1.2
vertex 109.69082677371391 -141.30866748834273 0
endloop
endfacet
facet normal -0.09801714032957415 0.9951847266721956 0
outer loop
vertex 109.5249999999998 -141.325 1.2
vertex 109.69082677371391 -141.30866748834273 0
vertex 109.52499999999998 -141.325 0
endloop
endfacet
facet normal -0.29028467725447593 0.9569403357322049 0
outer loop
vertex 109.69082677371328 -141.30866748834276 1.2
vertex 109.85028091751042 -141.2602976026346 1.2
vertex 109.85028091751028 -141.26029760263458 0
endloop
endfacet
facet normal -0.29028467725447593 0.9569403357322049 0
outer loop
vertex 109.69082677371328 -141.30866748834276 1.2
vertex 109.85028091751028 -141.26029760263458 0
vertex 109.69082677371391 -141.30866748834273 0
endloop
endfacet
facet normal -0.47139673682599736 0.8819212643483553 0
outer loop
vertex 109.85028091751042 -141.2602976026346 1.2
vertex 109.99723469806658 -141.1817491704572 1.2
vertex 109.99723469806653 -141.1817491704572 0
endloop
endfacet
facet normal -0.47139673682599736 0.8819212643483553 0
outer loop
vertex 109.85028091751042 -141.2602976026346 1.2
vertex 109.99723469806653 -141.1817491704572 0
vertex 109.85028091751028 -141.26029760263458 0
endloop
endfacet
facet normal -0.6343932841636518 0.7730104533627319 0
outer loop
vertex 109.99723469806658 -141.1817491704572 1.2
vertex 110.1260407640085 -141.07604076400852 1.2
vertex 110.12604076400862 -141.07604076400847 0
endloop
endfacet
facet normal -0.6343932841636518 0.7730104533627319 0
outer loop
vertex 109.99723469806658 -141.1817491704572 1.2
vertex 110.12604076400862 -141.07604076400847 0
vertex 109.99723469806653 -141.1817491704572 0
endloop
endfacet
facet normal -0.7730104533626868 0.6343932841637067 0
outer loop
vertex 110.1260407640085 -141.07604076400852 1.2
vertex 110.23174917045726 -140.94723469806658 1.2
vertex 110.23174917045725 -140.94723469806672 0
endloop
endfacet
facet normal -0.7730104533626868 0.6343932841637067 0
outer loop
vertex 110.1260407640085 -141.07604076400852 1.2
vertex 110.23174917045725 -140.94723469806672 0
vertex 110.12604076400862 -141.07604076400847 0
endloop
endfacet
facet normal -0.8819212643483434 0.47139673682601946 0
outer loop
vertex 110.23174917045726 -140.94723469806658 1.2
vertex 110.31029760263465 -140.8002809175103 1.2
vertex 110.31029760263453 -140.80028091751038 0
endloop
endfacet
facet normal -0.8819212643483434 0.47139673682601946 0
outer loop
vertex 110.23174917045726 -140.94723469806658 1.2
vertex 110.31029760263453 -140.80028091751038 0
vertex 110.23174917045725 -140.94723469806672 0
endloop
endfacet
facet normal -0.9569403357322217 0.2902846772544199 0
outer loop
vertex 110.31029760263465 -140.8002809175103 1.2
vertex 110.35866748834277 -140.64082677371377 1.2
vertex 110.35866748834275 -140.64082677371374 0
endloop
endfacet
facet normal -0.9569403357322217 0.2902846772544199 0
outer loop
vertex 110.31029760263465 -140.8002809175103 1.2
vertex 110.35866748834275 -140.64082677371374 0
vertex 110.31029760263453 -140.80028091751038 0
endloop
endfacet
facet normal -0.9951847266721969 0.09801714032956006 0
outer loop
vertex 110.35866748834279 -83.64082677371363 1.2
vertex 110.37500000000001 -83.47500000000004 1.2
vertex 110.37500000000001 -83.47499999999995 0
endloop
endfacet
facet normal -0.9951847266721969 0.09801714032956006 0
outer loop
vertex 110.35866748834279 -83.64082677371363 1.2
vertex 110.37500000000001 -83.47499999999995 0
vertex 110.35866748834275 -83.64082677371371 0
endloop
endfacet
facet normal -0.9951847266721984 -0.09801714032954582 0
outer loop
vertex 110.37500000000001 -83.47500000000004 1.2
vertex 110.35866748834276 -83.30917322628635 1.2
vertex 110.35866748834277 -83.30917322628636 0
endloop
endfacet
facet normal -0.9951847266721984 -0.09801714032954582 0
outer loop
vertex 110.37500000000001 -83.47500000000004 1.2
vertex 110.35866748834277 -83.30917322628636 0
vertex 110.37500000000001 -83.47499999999995 0
endloop
endfacet
facet normal -0.9569403357322217 -0.2902846772544199 0
outer loop
vertex 110.35866748834276 -83.30917322628635 1.2
vertex 110.3102976026346 -83.14971908248967 1.2
vertex 110.3102976026346 -83.14971908248965 0
endloop
endfacet
facet normal -0.9569403357322217 -0.2902846772544199 0
outer loop
vertex 110.35866748834276 -83.30917322628635 1.2
vertex 110.3102976026346 -83.14971908248965 0
vertex 110.35866748834277 -83.30917322628636 0
endloop
endfacet
facet normal -0.8819212643483297 -0.4713967368260449 0
outer loop
vertex 110.3102976026346 -83.14971908248967 1.2
vertex 110.23174917045716 -83.00276530193334 1.2
vertex 110.23174917045718 -83.00276530193334 0
endloop
endfacet
facet normal -0.8819212643483297 -0.4713967368260449 0
outer loop
vertex 110.3102976026346 -83.14971908248967 1.2
vertex 110.23174917045718 -83.00276530193334 0
vertex 110.3102976026346 -83.14971908248965 0
endloop
endfacet
facet normal -0.7730104533627332 -0.6343932841636499 0
outer loop
vertex 110.23174917045716 -83.00276530193334 1.2
vertex 110.1260407640086 -82.87395923599146 1.2
vertex 110.1260407640086 -82.87395923599145 0
endloop
endfacet
facet normal -0.7730104533627332 -0.6343932841636499 0
outer loop
vertex 110.23174917045716 -83.00276530193334 1.2
vertex 110.1260407640086 -82.87395923599145 0
vertex 110.23174917045718 -83.00276530193334 0
endloop
endfacet
facet normal -0.6343932841636517 -0.7730104533627319 0
outer loop
vertex 110.1260407640086 -82.87395923599146 1.2
vertex 109.9972346980666 -82.7682508295428 1.2
vertex 109.99723469806668 -82.76825082954285 0
endloop
endfacet
facet normal -0.6343932841636517 -0.7730104533627319 0
outer loop
vertex 110.1260407640086 -82.87395923599146 1.2
vertex 109.99723469806668 -82.76825082954285 0
vertex 110.1260407640086 -82.87395923599145 0
endloop
endfacet
facet normal -0.47139673682604766 -0.8819212643483283 0
outer loop
vertex 109.9972346980666 -82.7682508295428 1.2
vertex 109.85028091751037 -82.68970239736541 1.2
vertex 109.85028091751035 -82.68970239736541 0
endloop
endfacet
facet normal -0.47139673682604766 -0.8819212643483283 0
outer loop
vertex 109.9972346980666 -82.7682508295428 1.2
vertex 109.85028091751035 -82.68970239736541 0
vertex 109.99723469806668 -82.76825082954285 0
endloop
endfacet
facet normal -0.2902846772543984 -0.9569403357322284 0
outer loop
vertex 109.85028091751037 -82.68970239736541 1.2
vertex 109.69082677371377 -82.64133251165727 1.2
vertex 109.69082677371364 -82.64133251165724 0
endloop
endfacet
facet normal -0.2902846772543984 -0.9569403357322284 0
outer loop
vertex 109.85028091751037 -82.68970239736541 1.2
vertex 109.69082677371364 -82.64133251165724 0
vertex 109.85028091751035 -82.68970239736541 0
endloop
endfacet
facet normal -0.09801714032957415 -0.9951847266721956 0
outer loop
vertex 109.69082677371377 -82.64133251165727 1.2
vertex 109.52499999999989 -82.625 1.2
vertex 109.52500000000003 -82.625 0
endloop
endfacet
facet normal -0.09801714032957415 -0.9951847266721956 0
outer loop
vertex 109.69082677371377 -82.64133251165727 1.2
vertex 109.52500000000003 -82.625 0
vertex 109.69082677371364 -82.64133251165724 0
endloop
endfacet
facet normal 0.09801714032954582 -0.9951847266721984 0
outer loop
vertex 109.52499999999989 -82.625 1.2
vertex 109.35917322628637 -82.64133251165727 1.2
vertex 109.35917322628646 -82.64133251165724 0
endloop
endfacet
facet normal 0.09801714032954582 -0.9951847266721984 0
outer loop
vertex 109.52499999999989 -82.625 1.2
vertex 109.35917322628646 -82.64133251165724 0
vertex 109.52500000000003 -82.625 0
endloop
endfacet
facet normal 0.29028467725439094 -0.9569403357322306 0
outer loop
vertex 109.35917322628637 -82.64133251165727 1.2
vertex 109.19971908248965 -82.68970239736541 1.2
vertex 109.19971908248961 -82.68970239736541 0
endloop
endfacet
facet normal 0.29028467725439094 -0.9569403357322306 0
outer loop
vertex 109.35917322628637 -82.64133251165727 1.2
vertex 109.19971908248961 -82.68970239736541 0
vertex 109.35917322628646 -82.64133251165724 0
endloop
endfacet
facet normal 0.4713967368260674 -0.8819212643483179 0
outer loop
vertex 109.19971908248965 -82.68970239736541 1.2
vertex 109.0527653019334 -82.7682508295428 1.2
vertex 109.05276530193325 -82.76825082954285 0
endloop
endfacet
facet normal 0.4713967368260674 -0.8819212643483179 0
outer loop
vertex 109.19971908248965 -82.68970239736541 1.2
vertex 109.05276530193325 -82.76825082954285 0
vertex 109.19971908248961 -82.68970239736541 0
endloop
endfacet
facet normal 0.6343932841636518 -0.7730104533627319 0
outer loop
vertex 109.0527653019334 -82.7682508295428 1.2
vertex 108.9239592359913 -82.87395923599146 1.2
vertex 108.92395923599153 -82.87395923599145 0
endloop
endfacet
facet normal 0.6343932841636518 -0.7730104533627319 0
outer loop
vertex 109.0527653019334 -82.7682508295428 1.2
vertex 108.92395923599153 -82.87395923599145 0
vertex 109.05276530193325 -82.76825082954285 0
endloop
endfacet
facet normal 0.7730104533627319 -0.6343932841636518 0
outer loop
vertex 108.9239592359913 -82.87395923599146 1.2
vertex 108.8182508295429 -83.00276530193334 1.2
vertex 108.81825082954279 -83.00276530193334 0
endloop
endfacet
facet normal 0.7730104533627319 -0.6343932841636518 0
outer loop
vertex 108.9239592359913 -82.87395923599146 1.2
vertex 108.81825082954279 -83.00276530193334 0
vertex 108.92395923599153 -82.87395923599145 0
endloop
endfacet
facet normal 0.8819212643483211 -0.47139673682606154 0
outer loop
vertex 108.8182508295429 -83.00276530193334 1.2
vertex 108.73970239736538 -83.14971908248967 1.2
vertex 108.73970239736546 -83.14971908248965 0
endloop
endfacet
facet normal 0.8819212643483211 -0.47139673682606154 0
outer loop
vertex 108.8182508295429 -83.00276530193334 1.2
vertex 108.73970239736546 -83.14971908248965 0
vertex 108.81825082954279 -83.00276530193334 0
endloop
endfacet
facet normal 0.9569403357322303 -0.2902846772543919 0
outer loop
vertex 108.73970239736538 -83.14971908248967 1.2
vertex 108.69133251165727 -83.30917322628635 1.2
vertex 108.69133251165727 -83.30917322628636 0
endloop
endfacet
facet normal 0.9569403357322303 -0.2902846772543919 0
outer loop
vertex 108.73970239736538 -83.14971908248967 1.2
vertex 108.69133251165727 -83.30917322628636 0
vertex 108.73970239736546 -83.14971908248965 0
endloop
endfacet
facet normal 0.9951847266721969 -0.09801714032956006 0
outer loop
vertex 108.69133251165727 -83.30917322628635 1.2
vertex 108.67500000000001 -83.47500000000004 1.2
vertex 108.67500000000001 -83.47499999999995 0
endloop
endfacet
facet normal 0.9951847266721969 -0.09801714032956006 0
outer loop
vertex 108.69133251165727 -83.30917322628635 1.2
vertex 108.67500000000001 -83.47499999999995 0
vertex 108.69133251165727 -83.30917322628636 0
endloop
endfacet
facet normal 0.9951847266721956 0.09801714032957415 0
outer loop
vertex 108.67500000000001 -83.47500000000004 1.2
vertex 108.69133251165727 -83.64082677371363 1.2
vertex 108.69133251165727 -83.64082677371371 0
endloop
endfacet
facet normal 0.9951847266721956 0.09801714032957415 0
outer loop
vertex 108.67500000000001 -83.47500000000004 1.2
vertex 108.69133251165727 -83.64082677371371 0
vertex 108.67500000000001 -83.47499999999995 0
endloop
endfacet
facet normal 0.9569403357322306 0.29028467725439094 0
outer loop
vertex 108.69133251165727 -83.64082677371363 1.2
vertex 108.73970239736546 -83.80028091751042 1.2
vertex 108.73970239736539 -83.80028091751028 0
endloop
endfacet
facet normal 0.9569403357322306 0.29028467725439094 0
outer loop
vertex 108.69133251165727 -83.64082677371363 1.2
vertex 108.73970239736539 -83.80028091751028 0
vertex 108.69133251165727 -83.64082677371371 0
endloop
endfacet
facet normal 0.8819212643483297 0.4713967368260449 0
outer loop
vertex 108.73970239736546 -83.80028091751042 1.2
vertex 108.81825082954286 -83.94723469806667 1.2
vertex 108.81825082954288 -83.94723469806668 0
endloop
endfacet
facet normal 0.8819212643483297 0.4713967368260449 0
outer loop
vertex 108.73970239736546 -83.80028091751042 1.2
vertex 108.81825082954288 -83.94723469806668 0
vertex 108.73970239736539 -83.80028091751028 0
endloop
endfacet
facet normal 0.7730104533627332 0.6343932841636499 0
outer loop
vertex 108.81825082954286 -83.94723469806667 1.2
vertex 108.92395923599142 -84.07604076400851 1.2
vertex 108.92395923599142 -84.07604076400851 0
endloop
endfacet
facet normal 0.7730104533627332 0.6343932841636499 0
outer loop
vertex 108.81825082954286 -83.94723469806667 1.2
vertex 108.92395923599142 -84.07604076400851 0
vertex 108.81825082954288 -83.94723469806668 0
endloop
endfacet
facet normal 0.6343932841636517 0.7730104533627319 0
outer loop
vertex 108.92395923599142 -84.07604076400851 1.2
vertex 109.05276530193339 -84.18174917045717 1.2
vertex 109.0527653019334 -84.18174917045718 0
endloop
endfacet
facet normal 0.6343932841636517 0.7730104533627319 0
outer loop
vertex 108.92395923599142 -84.07604076400851 1.2
vertex 109.0527653019334 -84.18174917045718 0
vertex 108.92395923599142 -84.07604076400851 0
endloop
endfacet
facet normal 0.4713967368260582 0.8819212643483227 0
outer loop
vertex 109.05276530193339 -84.18174917045717 1.2
vertex 109.19971908248968 -84.26029760263458 1.2
vertex 109.19971908248965 -84.26029760263458 0
endloop
endfacet
facet normal 0.4713967368260582 0.8819212643483227 0
outer loop
vertex 109.05276530193339 -84.18174917045717 1.2
vertex 109.19971908248965 -84.26029760263458 0
vertex 109.0527653019334 -84.18174917045718 0
endloop
endfacet
facet normal 0.29028467725439794 0.9569403357322284 0
outer loop
vertex 109.19971908248968 -84.26029760263458 1.2
vertex 109.35917322628637 -84.30866748834275 1.2
vertex 109.35917322628637 -84.30866748834275 0
endloop
endfacet
facet normal 0.29028467725439794 0.9569403357322284 0
outer loop
vertex 109.19971908248968 -84.26029760263458 1.2
vertex 109.35917322628637 -84.30866748834275 0
vertex 109.19971908248965 -84.26029760263458 0
endloop
endfacet
facet normal 0.09801714032955997 0.9951847266721969 0
outer loop
vertex 109.35917322628637 -84.30866748834275 1.2
vertex 109.52499999999993 -84.32499999999999 1.2
vertex 109.52499999999992 -84.32499999999999 0
endloop
endfacet
facet normal 0.09801714032955997 0.9951847266721969 0
outer loop
vertex 109.35917322628637 -84.30866748834275 1.2
vertex 109.52499999999992 -84.32499999999999 0
vertex 109.35917322628637 -84.30866748834275 0
endloop
endfacet
facet normal -0.09801714032956006 0.9951847266721969 0
outer loop
vertex 109.52499999999993 -84.32499999999999 1.2
vertex 109.69082677371352 -84.30866748834275 1.2
vertex 109.69082677371382 -84.30866748834275 0
endloop
endfacet
facet normal -0.09801714032956006 0.9951847266721969 0
outer loop
vertex 109.52499999999993 -84.32499999999999 1.2
vertex 109.69082677371382 -84.30866748834275 0
vertex 109.52499999999992 -84.32499999999999 0
endloop
endfacet
facet normal -0.2902846772543919 0.9569403357322303 0
outer loop
vertex 109.69082677371352 -84.30866748834275 1.2
vertex 109.85028091751052 -84.26029760263458 1.2
vertex 109.85028091751023 -84.26029760263458 0
endloop
endfacet
facet normal -0.2902846772543919 0.9569403357322303 0
outer loop
vertex 109.69082677371352 -84.30866748834275 1.2
vertex 109.85028091751023 -84.26029760263458 0
vertex 109.69082677371382 -84.30866748834275 0
endloop
endfacet
facet normal -0.4713967368260674 0.8819212643483179 0
outer loop
vertex 109.85028091751052 -84.26029760263458 1.2
vertex 109.99723469806652 -84.18174917045717 1.2
vertex 109.99723469806662 -84.18174917045718 0
endloop
endfacet
facet normal -0.4713967368260674 0.8819212643483179 0
outer loop
vertex 109.85028091751052 -84.26029760263458 1.2
vertex 109.99723469806662 -84.18174917045718 0
vertex 109.85028091751023 -84.26029760263458 0
endloop
endfacet
facet normal -0.6343932841636518 0.7730104533627319 0
outer loop
vertex 109.99723469806652 -84.18174917045717 1.2
vertex 110.12604076400865 -84.07604076400851 1.2
vertex 110.12604076400869 -84.07604076400851 0
endloop
endfacet
facet normal -0.6343932841636518 0.7730104533627319 0
outer loop
vertex 109.99723469806652 -84.18174917045717 1.2
vertex 110.12604076400869 -84.07604076400851 0
vertex 109.99723469806662 -84.18174917045718 0
endloop
endfacet
facet normal -0.7730104533627319 0.6343932841636518 0
outer loop
vertex 110.12604076400865 -84.07604076400851 1.2
vertex 110.23174917045719 -83.94723469806667 1.2
vertex 110.23174917045716 -83.94723469806668 0
endloop
endfacet
facet normal -0.7730104533627319 0.6343932841636518 0
outer loop
vertex 110.12604076400865 -84.07604076400851 1.2
vertex 110.23174917045716 -83.94723469806668 0
vertex 110.12604076400869 -84.07604076400851 0
endloop
endfacet
facet normal -0.8819212643483194 0.4713967368260645 0
outer loop
vertex 110.23174917045719 -83.94723469806667 1.2
vertex 110.31029760263455 -83.80028091751042 1.2
vertex 110.31029760263462 -83.80028091751028 0
endloop
endfacet
facet normal -0.8819212643483194 0.4713967368260645 0
outer loop
vertex 110.23174917045719 -83.94723469806667 1.2
vertex 110.31029760263462 -83.80028091751028 0
vertex 110.23174917045716 -83.94723469806668 0
endloop
endfacet
facet normal -0.9569403357322303 0.2902846772543919 0
outer loop
vertex 110.31029760263455 -83.80028091751042 1.2
vertex 110.35866748834279 -83.64082677371363 1.2
vertex 110.35866748834275 -83.64082677371371 0
endloop
endfacet
facet normal -0.9569403357322303 0.2902846772543919 0
outer loop
vertex 110.31029760263455 -83.80028091751042 1.2
vertex 110.35866748834275 -83.64082677371371 0
vertex 110.31029760263462 -83.80028091751028 0
endloop
endfacet
facet normal -0.9951847266721956 0.09801714032957415 0
outer loop
vertex 224.35866748834272 -124.64082677371357 1.2
vertex 224.37499999999997 -124.47499999999997 1.2
vertex 224.375 -124.47499999999977 0
endloop
endfacet
facet normal -0.9951847266721956 0.09801714032957415 0
outer loop
vertex 224.35866748834272 -124.64082677371357 1.2
vertex 224.375 -124.47499999999977 0
vertex 224.35866748834272 -124.64082677371358 0
endloop
endfacet
facet normal -0.9951847266721956 -0.09801714032957415 0
outer loop
vertex 224.37499999999997 -124.47499999999997 1.2
vertex 224.35866748834272 -124.30917322628625 1.2
vertex 224.35866748834277 -124.30917322628646 0
endloop
endfacet
facet normal -0.9951847266721956 -0.09801714032957415 0
outer loop
vertex 224.37499999999997 -124.47499999999997 1.2
vertex 224.35866748834277 -124.30917322628646 0
vertex 224.375 -124.47499999999977 0
endloop
endfacet
facet normal -0.9569403357322048 -0.29028467725447593 0
outer loop
vertex 224.35866748834272 -124.30917322628625 1.2
vertex 224.31029760263453 -124.14971908248957 1.2
vertex 224.31029760263448 -124.1497190824894 0
endloop
endfacet
facet normal -0.9569403357322048 -0.29028467725447593 0
outer loop
vertex 224.35866748834272 -124.30917322628625 1.2
vertex 224.31029760263448 -124.1497190824894 0
vertex 224.35866748834277 -124.30917322628646 0
endloop
endfacet
facet normal -0.8819212643483703 -0.47139673682596933 0
outer loop
vertex 224.31029760263453 -124.14971908248957 1.2
vertex 224.23174917045716 -124.00276530193335 1.2
vertex 224.23174917045725 -124.00276530193344 0
endloop
endfacet
facet normal -0.8819212643483703 -0.47139673682596933 0
outer loop
vertex 224.31029760263453 -124.14971908248957 1.2
vertex 224.23174917045725 -124.00276530193344 0
vertex 224.31029760263448 -124.1497190824894 0
endloop
endfacet
facet normal -0.7730104533627319 -0.6343932841636518 0
outer loop
vertex 224.23174917045716 -124.00276530193335 1.2
vertex 224.12604076400848 -123.87395923599134 1.2
vertex 224.1260407640085 -123.87395923599135 0
endloop
endfacet
facet normal -0.7730104533627319 -0.6343932841636518 0
outer loop
vertex 224.23174917045716 -124.00276530193335 1.2
vertex 224.1260407640085 -123.87395923599135 0
vertex 224.23174917045725 -124.00276530193344 0
endloop
endfacet
facet normal -0.6343932841637008 -0.7730104533626917 0
outer loop
vertex 224.12604076400848 -123.87395923599134 1.2
vertex 223.99723469806676 -123.76825082954288 1.2
vertex 223.99723469806676 -123.76825082954288 0
endloop
endfacet
facet normal -0.6343932841637008 -0.7730104533626917 0
outer loop
vertex 224.12604076400848 -123.87395923599134 1.2
vertex 223.99723469806676 -123.76825082954288 0
vertex 224.1260407640085 -123.87395923599135 0
endloop
endfacet
facet normal -0.47139673682603656 -0.8819212643483343 0
outer loop
vertex 223.99723469806676 -123.76825082954288 1.2
vertex 223.85028091751025 -123.68970239736535 1.2
vertex 223.85028091751028 -123.68970239736537 0
endloop
endfacet
facet normal -0.47139673682603656 -0.8819212643483343 0
outer loop
vertex 223.99723469806676 -123.76825082954288 1.2
vertex 223.85028091751028 -123.68970239736537 0
vertex 223.99723469806676 -123.76825082954288 0
endloop
endfacet
facet normal -0.2902846772543979 -0.9569403357322284 0
outer loop
vertex 223.85028091751025 -123.68970239736535 1.2
vertex 223.69082677371384 -123.64133251165727 1.2
vertex 223.6908267737138 -123.64133251165727 0
endloop
endfacet
facet normal -0.2902846772543979 -0.9569403357322284 0
outer loop
vertex 223.85028091751025 -123.68970239736535 1.2
vertex 223.6908267737138 -123.64133251165727 0
vertex 223.85028091751028 -123.68970239736537 0
endloop
endfacet
facet normal -0.09801714032954582 -0.9951847266721984 0
outer loop
vertex 223.69082677371384 -123.64133251165727 1.2
vertex 223.52500000000003 -123.625 1.2
vertex 223.52500000000006 -123.62500000000001 0
endloop
endfacet
facet normal -0.09801714032954582 -0.9951847266721984 0
outer loop
vertex 223.69082677371384 -123.64133251165727 1.2
vertex 223.52500000000006 -123.62500000000001 0
vertex 223.6908267737138 -123.64133251165727 0
endloop
endfacet
facet normal 0.09801714032954582 -0.9951847266721984 0
outer loop
vertex 223.52500000000003 -123.625 1.2
vertex 223.35917322628615 -123.64133251165727 1.2
vertex 223.35917322628634 -123.64133251165727 0
endloop
endfacet
facet normal 0.09801714032954582 -0.9951847266721984 0
outer loop
vertex 223.52500000000003 -123.625 1.2
vertex 223.35917322628634 -123.64133251165727 0
vertex 223.52500000000006 -123.62500000000001 0
endloop
endfacet
facet normal 0.2902846772544199 -0.9569403357322217 0
outer loop
vertex 223.35917322628615 -123.64133251165727 1.2
vertex 223.19971908248982 -123.68970239736535 1.2
vertex 223.19971908248968 -123.68970239736537 0
endloop
endfacet
facet normal 0.2902846772544199 -0.9569403357322217 0
outer loop
vertex 223.35917322628615 -123.64133251165727 1.2
vertex 223.19971908248968 -123.68970239736537 0
vertex 223.35917322628634 -123.64133251165727 0
endloop
endfacet
facet normal 0.47139673682601946 -0.8819212643483434 0
outer loop
vertex 223.19971908248982 -123.68970239736535 1.2
vertex 223.0527653019333 -123.76825082954288 1.2
vertex 223.05276530193336 -123.76825082954288 0
endloop
endfacet
facet normal 0.47139673682601946 -0.8819212643483434 0
outer loop
vertex 223.19971908248982 -123.68970239736535 1.2
vertex 223.05276530193336 -123.76825082954288 0
vertex 223.19971908248968 -123.68970239736537 0
endloop
endfacet
facet normal 0.6343932841636997 -0.7730104533626925 0
outer loop
vertex 223.0527653019333 -123.76825082954288 1.2
vertex 222.92395923599133 -123.87395923599134 1.2
vertex 222.92395923599153 -123.87395923599135 0
endloop
endfacet
facet normal 0.6343932841636997 -0.7730104533626925 0
outer loop
vertex 223.0527653019333 -123.76825082954288 1.2
vertex 222.92395923599153 -123.87395923599135 0
vertex 223.05276530193336 -123.76825082954288 0
endloop
endfacet
facet normal 0.7730104533627319 -0.6343932841636518 0
outer loop
vertex 222.92395923599133 -123.87395923599134 1.2
vertex 222.81825082954285 -124.00276530193335 1.2
vertex 222.81825082954265 -124.00276530193344 0
endloop
endfacet
facet normal 0.7730104533627319 -0.6343932841636518 0
outer loop
vertex 222.92395923599133 -123.87395923599134 1.2
vertex 222.81825082954265 -124.00276530193344 0
vertex 222.92395923599153 -123.87395923599135 0
endloop
endfacet
facet normal 0.8819212643483584 -0.4713967368259914 0
outer loop
vertex 222.81825082954285 -124.00276530193335 1.2
vertex 222.73970239736545 -124.14971908248957 1.2
vertex 222.73970239736556 -124.1497190824894 0
endloop
endfacet
facet normal 0.8819212643483584 -0.4713967368259914 0
outer loop
vertex 222.81825082954285 -124.00276530193335 1.2
vertex 222.73970239736556 -124.1497190824894 0
vertex 222.81825082954265 -124.00276530193344 0
endloop
endfacet
facet normal 0.9569403357322042 -0.2902846772544779 0
outer loop
vertex 222.73970239736545 -124.14971908248957 1.2
vertex 222.69133251165727 -124.30917322628625 1.2
vertex 222.69133251165712 -124.30917322628646 0
endloop
endfacet
facet normal 0.9569403357322042 -0.2902846772544779 0
outer loop
vertex 222.73970239736545 -124.14971908248957 1.2
vertex 222.69133251165712 -124.30917322628646 0
vertex 222.73970239736556 -124.1497190824894 0
endloop
endfacet
facet normal 0.9951847266721956 -0.09801714032957415 0
outer loop
vertex 222.69133251165727 -124.30917322628625 1.2
vertex 222.675 -124.47499999999997 1.2
vertex 222.67500000000004 -124.47499999999977 0
endloop
endfacet
facet normal 0.9951847266721956 -0.09801714032957415 0
outer loop
vertex 222.69133251165727 -124.30917322628625 1.2
vertex 222.67500000000004 -124.47499999999977 0
vertex 222.69133251165712 -124.30917322628646 0
endloop
endfacet
facet normal 0.9951847266721956 0.09801714032957415 0
outer loop
vertex 222.675 -124.47499999999997 1.2
vertex 222.69133251165727 -124.64082677371357 1.2
vertex 222.69133251165727 -124.64082677371358 0
endloop
endfacet
facet normal 0.9951847266721956 0.09801714032957415 0
outer loop
vertex 222.675 -124.47499999999997 1.2
vertex 222.69133251165727 -124.64082677371358 0
vertex 222.67500000000004 -124.47499999999977 0
endloop
endfacet
facet normal 0.9569403357322048 0.29028467725447593 0
outer loop
vertex 222.69133251165727 -124.64082677371357 1.2
vertex 222.73970239736553 -124.8002809175106 1.2
vertex 222.73970239736556 -124.80028091751065 0
endloop
endfacet
facet normal 0.9569403357322048 0.29028467725447593 0
outer loop
vertex 222.69133251165727 -124.64082677371357 1.2
vertex 222.73970239736556 -124.80028091751065 0
vertex 222.69133251165727 -124.64082677371358 0
endloop
endfacet
facet normal 0.8819212643483494 0.47139673682600847 0
outer loop
vertex 222.73970239736553 -124.8002809175106 1.2
vertex 222.81825082954276 -124.94723469806657 1.2
vertex 222.81825082954276 -124.94723469806655 0
endloop
endfacet
facet normal 0.8819212643483494 0.47139673682600847 0
outer loop
vertex 222.73970239736553 -124.8002809175106 1.2
vertex 222.81825082954276 -124.94723469806655 0
vertex 222.73970239736556 -124.80028091751065 0
endloop
endfacet
facet normal 0.7730104533627572 0.6343932841636208 0
outer loop
vertex 222.81825082954276 -124.94723469806657 1.2
vertex 222.92395923599145 -125.07604076400857 1.2
vertex 222.92395923599148 -125.07604076400858 0
endloop
endfacet
facet normal 0.7730104533627572 0.6343932841636208 0
outer loop
vertex 222.81825082954276 -124.94723469806657 1.2
vertex 222.92395923599148 -125.07604076400858 0
vertex 222.81825082954276 -124.94723469806655 0
endloop
endfacet
facet normal 0.6343932841637222 0.7730104533626742 0
outer loop
vertex 222.92395923599145 -125.07604076400857 1.2
vertex 223.05276530193325 -125.18174917045711 1.2
vertex 223.0527653019333 -125.18174917045714 0
endloop
endfacet
facet normal 0.6343932841637222 0.7730104533626742 0
outer loop
vertex 222.92395923599145 -125.07604076400857 1.2
vertex 223.0527653019333 -125.18174917045714 0
vertex 222.92395923599148 -125.07604076400858 0
endloop
endfacet
facet normal 0.4713967368260254 0.8819212643483402 0
outer loop
vertex 223.05276530193325 -125.18174917045711 1.2
vertex 223.19971908248965 -125.26029760263458 1.2
vertex 223.19971908248968 -125.2602976026346 0
endloop
endfacet
facet normal 0.4713967368260254 0.8819212643483402 0
outer loop
vertex 223.05276530193325 -125.18174917045711 1.2
vertex 223.19971908248968 -125.2602976026346 0
vertex 223.0527653019333 -125.18174917045714 0
endloop
endfacet
facet normal 0.2902846772544119 0.9569403357322243 0
outer loop
vertex 223.19971908248965 -125.26029760263458 1.2
vertex 223.35917322628632 -125.30866748834273 1.2
vertex 223.35917322628623 -125.30866748834272 0
endloop
endfacet
facet normal 0.2902846772544119 0.9569403357322243 0
outer loop
vertex 223.19971908248965 -125.26029760263458 1.2
vertex 223.35917322628623 -125.30866748834272 0
vertex 223.19971908248968 -125.2602976026346 0
endloop
endfacet
facet normal 0.09801714032954581 0.9951847266721984 0
outer loop
vertex 223.35917322628632 -125.30866748834273 1.2
vertex 223.52500000000006 -125.32499999999999 1.2
vertex 223.5250000000001 -125.32499999999999 0
endloop
endfacet
facet normal 0.09801714032954581 0.9951847266721984 0
outer loop
vertex 223.35917322628632 -125.30866748834273 1.2
vertex 223.5250000000001 -125.32499999999999 0
vertex 223.35917322628623 -125.30866748834272 0
endloop
endfacet
facet normal -0.09801714032954582 0.9951847266721984 0
outer loop
vertex 223.52500000000006 -125.32499999999999 1.2
vertex 223.6908267737138 -125.30866748834273 1.2
vertex 223.69082677371372 -125.30866748834272 0
endloop
endfacet
facet normal -0.09801714032954582 0.9951847266721984 0
outer loop
vertex 223.52500000000006 -125.32499999999999 1.2
vertex 223.69082677371372 -125.30866748834272 0
vertex 223.5250000000001 -125.32499999999999 0
endloop
endfacet
facet normal -0.2902846772544199 0.9569403357322217 0
outer loop
vertex 223.6908267737138 -125.30866748834273 1.2
vertex 223.85028091751036 -125.26029760263458 1.2
vertex 223.85028091751016 -125.2602976026346 0
endloop
endfacet
facet normal -0.2902846772544199 0.9569403357322217 0
outer loop
vertex 223.6908267737138 -125.30866748834273 1.2
vertex 223.85028091751016 -125.2602976026346 0
vertex 223.69082677371372 -125.30866748834272 0
endloop
endfacet
facet normal -0.47139673682602534 0.8819212643483402 0
outer loop
vertex 223.85028091751036 -125.26029760263458 1.2
vertex 223.99723469806673 -125.18174917045711 1.2
vertex 223.99723469806673 -125.18174917045714 0
endloop
endfacet
facet normal -0.47139673682602534 0.8819212643483402 0
outer loop
vertex 223.85028091751036 -125.26029760263458 1.2
vertex 223.99723469806673 -125.18174917045714 0
vertex 223.85028091751016 -125.2602976026346 0
endloop
endfacet
facet normal -0.6343932841636997 0.7730104533626925 0
outer loop
vertex 223.99723469806673 -125.18174917045711 1.2
vertex 224.1260407640085 -125.07604076400857 1.2
vertex 224.12604076400848 -125.07604076400858 0
endloop
endfacet
facet normal -0.6343932841636997 0.7730104533626925 0
outer loop
vertex 223.99723469806673 -125.18174917045711 1.2
vertex 224.12604076400848 -125.07604076400858 0
vertex 223.99723469806673 -125.18174917045714 0
endloop
endfacet
facet normal -0.7730104533627319 0.6343932841636518 0
outer loop
vertex 224.1260407640085 -125.07604076400857 1.2
vertex 224.23174917045714 -124.94723469806657 1.2
vertex 224.2317491704573 -124.94723469806655 0
endloop
endfacet
facet normal -0.7730104533627319 0.6343932841636518 0
outer loop
vertex 224.1260407640085 -125.07604076400857 1.2
vertex 224.2317491704573 -124.94723469806655 0
vertex 224.12604076400848 -125.07604076400858 0
endloop
endfacet
facet normal -0.8819212643483703 0.47139673682596933 0
outer loop
vertex 224.23174917045714 -124.94723469806657 1.2
vertex 224.31029760263445 -124.8002809175106 1.2
vertex 224.31029760263453 -124.80028091751065 0
endloop
endfacet
facet normal -0.8819212643483703 0.47139673682596933 0
outer loop
vertex 224.23174917045714 -124.94723469806657 1.2
vertex 224.31029760263453 -124.80028091751065 0
vertex 224.2317491704573 -124.94723469806655 0
endloop
endfacet
facet normal -0.9569403357322042 0.2902846772544779 0
outer loop
vertex 224.31029760263445 -124.8002809175106 1.2
vertex 224.35866748834272 -124.64082677371357 1.2
vertex 224.35866748834272 -124.64082677371358 0
endloop
endfacet
facet normal -0.9569403357322042 0.2902846772544779 0
outer loop
vertex 224.31029760263445 -124.8002809175106 1.2
vertex 224.35866748834272 -124.64082677371358 0
vertex 224.31029760263453 -124.80028091751065 0
endloop
endfacet
facet normal -0.9951847266721985 0.09801714032954566 0
outer loop
vertex 232.7859340883427 -188.213610673714 1.2
vertex 232.8022666 -188.04778389999987 1.2
vertex 232.8022666 -188.04778389999998 0
endloop
endfacet
facet normal -0.9951847266721985 0.09801714032954566 0
outer loop
vertex 232.7859340883427 -188.213610673714 1.2
vertex 232.8022666 -188.04778389999998 0
vertex 232.78593408834274 -188.21361067371382 0
endloop
endfacet
facet normal -0.9951847266721985 -0.09801714032954566 0
outer loop
vertex 232.8022666 -188.04778389999987 1.2
vertex 232.78593408834274 -187.88195712628627 1.2
vertex 232.78593408834274 -187.88195712628615 0
endloop
endfacet
facet normal -0.9951847266721985 -0.09801714032954566 0
outer loop
vertex 232.8022666 -188.04778389999987 1.2
vertex 232.78593408834274 -187.88195712628615 0
vertex 232.8022666 -188.04778389999998 0
endloop
endfacet
facet normal -0.956940335732188 -0.29028467725453194 0
outer loop
vertex 232.78593408834274 -187.88195712628627 1.2
vertex 232.73756420263462 -187.72250298248974 1.2
vertex 232.73756420263467 -187.72250298248986 0
endloop
endfacet
facet normal -0.956940335732188 -0.29028467725453194 0
outer loop
vertex 232.78593408834274 -187.88195712628627 1.2
vertex 232.73756420263467 -187.72250298248986 0
vertex 232.78593408834274 -187.88195712628615 0
endloop
endfacet
facet normal -0.8819212643483717 -0.4713967368259664 0
outer loop
vertex 232.73756420263462 -187.72250298248974 1.2
vertex 232.65901577045716 -187.57554920193337 1.2
vertex 232.65901577045716 -187.57554920193337 0
endloop
endfacet
facet normal -0.8819212643483717 -0.4713967368259664 0
outer loop
vertex 232.73756420263462 -187.72250298248974 1.2
vertex 232.65901577045716 -187.57554920193337 0
vertex 232.73756420263467 -187.72250298248986 0
endloop
endfacet
facet normal -0.773010453362693 -0.6343932841636989 0
outer loop
vertex 232.65901577045716 -187.57554920193337 1.2
vertex 232.5533073640085 -187.4467431359914 1.2
vertex 232.55330736400848 -187.44674313599137 0
endloop
endfacet
facet normal -0.773010453362693 -0.6343932841636989 0
outer loop
vertex 232.65901577045716 -187.57554920193337 1.2
vertex 232.55330736400848 -187.44674313599137 0
vertex 232.65901577045716 -187.57554920193337 0
endloop
endfacet
facet normal -0.6343932841636826 -0.7730104533627065 0
outer loop
vertex 232.5533073640085 -187.4467431359914 1.2
vertex 232.4245012980666 -187.3410347295428 1.2
vertex 232.42450129806673 -187.34103472954288 0
endloop
endfacet
facet normal -0.6343932841636826 -0.7730104533627065 0
outer loop
vertex 232.5533073640085 -187.4467431359914 1.2
vertex 232.42450129806673 -187.34103472954288 0
vertex 232.55330736400848 -187.44674313599137 0
endloop
endfacet
facet normal -0.4713967368259664 -0.8819212643483718 0
outer loop
vertex 232.4245012980666 -187.3410347295428 1.2
vertex 232.27754751751036 -187.26248629736543 1.2
vertex 232.27754751751038 -187.26248629736546 0
endloop
endfacet
facet normal -0.4713967368259664 -0.8819212643483718 0
outer loop
vertex 232.4245012980666 -187.3410347295428 1.2
vertex 232.27754751751038 -187.26248629736546 0
vertex 232.42450129806673 -187.34103472954288 0
endloop
endfacet
facet normal -0.29028467725447593 -0.9569403357322049 0
outer loop
vertex 232.27754751751036 -187.26248629736543 1.2
vertex 232.11809337371366 -187.21411641165724 1.2
vertex 232.11809337371363 -187.21411641165724 0
endloop
endfacet
facet normal -0.29028467725447593 -0.9569403357322049 0
outer loop
vertex 232.27754751751036 -187.26248629736543 1.2
vertex 232.11809337371363 -187.21411641165724 0
vertex 232.27754751751038 -187.26248629736546 0
endloop
endfacet
facet normal -0.09801714032954566 -0.9951847266721985 0
outer loop
vertex 232.11809337371366 -187.21411641165724 1.2
vertex 231.95226660000014 -187.19778390000002 1.2
vertex 231.95226660000017 -187.19778390000002 0
endloop
endfacet
facet normal -0.09801714032954566 -0.9951847266721985 0
outer loop
vertex 232.11809337371366 -187.21411641165724 1.2
vertex 231.95226660000017 -187.19778390000002 0
vertex 232.11809337371363 -187.21411641165724 0
endloop
endfacet
facet normal 0.09801714032954566 -0.9951847266721985 0
outer loop
vertex 231.95226660000014 -187.19778390000002 1.2
vertex 231.78643982628617 -187.21411641165724 1.2
vertex 231.78643982628674 -187.21411641165724 0
endloop
endfacet
facet normal 0.09801714032954566 -0.9951847266721985 0
outer loop
vertex 231.95226660000014 -187.19778390000002 1.2
vertex 231.78643982628674 -187.21411641165724 0
vertex 231.95226660000017 -187.19778390000002 0
endloop
endfacet
facet normal 0.2902846772545339 -0.9569403357321872 0
outer loop
vertex 231.78643982628617 -187.21411641165724 1.2
vertex 231.6269856824899 -187.26248629736543 1.2
vertex 231.6269856824894 -187.26248629736546 0
endloop
endfacet
facet normal 0.2902846772545339 -0.9569403357321872 0
outer loop
vertex 231.78643982628617 -187.21411641165724 1.2
vertex 231.6269856824894 -187.26248629736546 0
vertex 231.78643982628674 -187.21411641165724 0
endloop
endfacet
facet normal 0.47139673682596933 -0.8819212643483703 0
outer loop
vertex 231.6269856824899 -187.26248629736543 1.2
vertex 231.48003190193327 -187.3410347295428 1.2
vertex 231.48003190193342 -187.34103472954288 0
endloop
endfacet
facet normal 0.47139673682596933 -0.8819212643483703 0
outer loop
vertex 231.6269856824899 -187.26248629736543 1.2
vertex 231.48003190193342 -187.34103472954288 0
vertex 231.6269856824894 -187.26248629736546 0
endloop
endfacet
facet normal 0.6343932841637137 -0.773010453362681 0
outer loop
vertex 231.48003190193327 -187.3410347295428 1.2
vertex 231.35122583599164 -187.4467431359914 1.2
vertex 231.35122583599147 -187.44674313599137 0
endloop
endfacet
facet normal 0.6343932841637137 -0.773010453362681 0
outer loop
vertex 231.48003190193327 -187.3410347295428 1.2
vertex 231.35122583599147 -187.44674313599137 0
vertex 231.48003190193342 -187.34103472954288 0
endloop
endfacet
facet normal 0.7730104533626925 -0.6343932841636997 0
outer loop
vertex 231.35122583599164 -187.4467431359914 1.2
vertex 231.24551742954273 -187.57554920193337 1.2
vertex 231.24551742954299 -187.57554920193337 0
endloop
endfacet
facet normal 0.7730104533626925 -0.6343932841636997 0
outer loop
vertex 231.35122583599164 -187.4467431359914 1.2
vertex 231.24551742954299 -187.57554920193337 0
vertex 231.35122583599147 -187.44674313599137 0
endloop
endfacet
facet normal 0.8819212643483703 -0.47139673682596933 0
outer loop
vertex 231.24551742954273 -187.57554920193337 1.2
vertex 231.1669689973653 -187.72250298248974 1.2
vertex 231.16696899736522 -187.72250298248986 0
endloop
endfacet
facet normal 0.8819212643483703 -0.47139673682596933 0
outer loop
vertex 231.24551742954273 -187.57554920193337 1.2
vertex 231.16696899736522 -187.72250298248986 0
vertex 231.24551742954299 -187.57554920193337 0
endloop
endfacet
facet normal 0.9569403357322042 -0.2902846772544779 0
outer loop
vertex 231.1669689973653 -187.72250298248974 1.2
vertex 231.1185991116573 -187.88195712628627 1.2
vertex 231.11859911165732 -187.88195712628615 0
endloop
endfacet
facet normal 0.9569403357322042 -0.2902846772544779 0
outer loop
vertex 231.1669689973653 -187.72250298248974 1.2
vertex 231.11859911165732 -187.88195712628615 0
vertex 231.16696899736522 -187.72250298248986 0
endloop
endfacet
facet normal 0.9951847266721985 -0.09801714032954566 0
outer loop
vertex 231.1185991116573 -187.88195712628627 1.2
vertex 231.10226660000004 -188.04778389999987 1.2
vertex 231.1022666 -188.04778389999998 0
endloop
endfacet
facet normal 0.9951847266721985 -0.09801714032954566 0
outer loop
vertex 231.1185991116573 -187.88195712628627 1.2
vertex 231.1022666 -188.04778389999998 0
vertex 231.11859911165732 -187.88195712628615 0
endloop
endfacet
facet normal 0.9951847266721985 0.09801714032954566 0
outer loop
vertex 231.10226660000004 -188.04778389999987 1.2
vertex 231.11859911165732 -188.213610673714 1.2
vertex 231.11859911165726 -188.21361067371382 0
endloop
endfacet
facet normal 0.9951847266721985 0.09801714032954566 0
outer loop
vertex 231.10226660000004 -188.04778389999987 1.2
vertex 231.11859911165726 -188.21361067371382 0
vertex 231.1022666 -188.04778389999998 0
endloop
endfacet
facet normal 0.9569403357321963 0.2902846772545039 0
outer loop
vertex 231.11859911165732 -188.213610673714 1.2
vertex 231.1669689973654 -188.37306481751028 1.2
vertex 231.16696899736542 -188.3730648175103 0
endloop
endfacet
facet normal 0.9569403357321963 0.2902846772545039 0
outer loop
vertex 231.11859911165732 -188.213610673714 1.2
vertex 231.16696899736542 -188.3730648175103 0
vertex 231.11859911165726 -188.21361067371382 0
endloop
endfacet
facet normal 0.8819212643483718 0.4713967368259664 0
outer loop
vertex 231.1669689973654 -188.37306481751028 1.2
vertex 231.24551742954284 -188.52001859806668 1.2
vertex 231.2455174295429 -188.52001859806677 0
endloop
endfacet
facet normal 0.8819212643483718 0.4713967368259664 0
outer loop
vertex 231.1669689973654 -188.37306481751028 1.2
vertex 231.2455174295429 -188.52001859806677 0
vertex 231.16696899736542 -188.3730648175103 0
endloop
endfacet
facet normal 0.7730104533626868 0.6343932841637067 0
outer loop
vertex 231.24551742954284 -188.52001859806668 1.2
vertex 231.35122583599136 -188.64882466400846 1.2
vertex 231.3512258359913 -188.64882466400843 0
endloop
endfacet
facet normal 0.7730104533626868 0.6343932841637067 0
outer loop
vertex 231.24551742954284 -188.52001859806668 1.2
vertex 231.3512258359913 -188.64882466400843 0
vertex 231.2455174295429 -188.52001859806677 0
endloop
endfacet
facet normal 0.6343932841636997 0.7730104533626925 0
outer loop
vertex 231.35122583599136 -188.64882466400846 1.2
vertex 231.48003190193347 -188.75453307045726 1.2
vertex 231.48003190193342 -188.75453307045723 0
endloop
endfacet
facet normal 0.6343932841636997 0.7730104533626925 0
outer loop
vertex 231.35122583599136 -188.64882466400846 1.2
vertex 231.48003190193342 -188.75453307045723 0
vertex 231.3512258359913 -188.64882466400843 0
endloop
endfacet
facet normal 0.4713967368259664 0.8819212643483718 0
outer loop
vertex 231.48003190193347 -188.75453307045726 1.2
vertex 231.62698568248956 -188.83308150263454 1.2
vertex 231.6269856824895 -188.8330815026345 0
endloop
endfacet
facet normal 0.4713967368259664 0.8819212643483718 0
outer loop
vertex 231.48003190193347 -188.75453307045726 1.2
vertex 231.6269856824895 -188.8330815026345 0
vertex 231.48003190193342 -188.75453307045723 0
endloop
endfacet
facet normal 0.2902846772544769 0.9569403357322044 0
outer loop
vertex 231.62698568248956 -188.83308150263454 1.2
vertex 231.78643982628637 -188.88145138834275 1.2
vertex 231.78643982628648 -188.88145138834278 0
endloop
endfacet
facet normal 0.2902846772544769 0.9569403357322044 0
outer loop
vertex 231.62698568248956 -188.83308150263454 1.2
vertex 231.78643982628648 -188.88145138834278 0
vertex 231.6269856824895 -188.8330815026345 0
endloop
endfacet
facet normal 0.09801714032954582 0.9951847266721984 0
outer loop
vertex 231.78643982628637 -188.88145138834275 1.2
vertex 231.95226660000006 -188.8977839 1.2
vertex 231.95226659999992 -188.8977839 0
endloop
endfacet
facet normal 0.09801714032954582 0.9951847266721984 0
outer loop
vertex 231.78643982628637 -188.88145138834275 1.2
vertex 231.95226659999992 -188.8977839 0
vertex 231.78643982628648 -188.88145138834278 0
endloop
endfacet
facet normal -0.09801714032954566 0.9951847266721985 0
outer loop
vertex 231.95226660000006 -188.8977839 1.2
vertex 232.11809337371386 -188.88145138834275 1.2
vertex 232.11809337371366 -188.88145138834278 0
endloop
endfacet
facet normal -0.09801714032954566 0.9951847266721985 0
outer loop
vertex 231.95226660000006 -188.8977839 1.2
vertex 232.11809337371366 -188.88145138834278 0
vertex 231.95226659999992 -188.8977839 0
endloop
endfacet
facet normal -0.2902846772545039 0.9569403357321963 0
outer loop
vertex 232.11809337371386 -188.88145138834275 1.2
vertex 232.2775475175103 -188.83308150263454 1.2
vertex 232.27754751751038 -188.8330815026345 0
endloop
endfacet
facet normal -0.2902846772545039 0.9569403357321963 0
outer loop
vertex 232.11809337371386 -188.88145138834275 1.2
vertex 232.27754751751038 -188.8330815026345 0
vertex 232.11809337371366 -188.88145138834278 0
endloop
endfacet
facet normal 0 0 1
outer loop
vertex 232.2775475175103 -188.83308150263454 1.2
vertex 232.29834765035488 -188.8219636 1.2
vertex 232.42450129806662 -188.75453307045726 1.2
endloop
endfacet
facet normal 0 0 1
outer loop
vertex 232.2775475175103 -188.83308150263454 1.2
vertex 232.42450129806662 -188.75453307045726 1.2
vertex 232.42450129806664 -188.75453307045723 0
endloop
endfacet
facet normal 0 0 1
outer loop
vertex 232.2775475175103 -188.83308150263454 1.2
vertex 232.42450129806664 -188.75453307045723 0
vertex 232.29834765035466 -188.8219636 0
endloop
endfacet
facet normal 0 0 1
outer loop
vertex 232.2775475175103 -188.83308150263454 1.2
vertex 232.29834765035466 -188.8219636 0
vertex 232.27754751751038 -188.8330815026345 0
endloop
endfacet
facet normal -0.6343932841637137 0.773010453362681 0
outer loop
vertex 232.42450129806662 -188.75453307045726 1.2
vertex 232.55330736400876 -188.64882466400846 1.2
vertex 232.5533073640084 -188.64882466400843 0
endloop
endfacet
facet normal -0.6343932841637137 0.773010453362681 0
outer loop
vertex 232.42450129806662 -188.75453307045726 1.2
vertex 232.5533073640084 -188.64882466400843 0
vertex 232.42450129806664 -188.75453307045723 0
endloop
endfacet
facet normal -0.7730104533626925 0.6343932841636997 0
outer loop
vertex 232.55330736400876 -188.64882466400846 1.2
vertex 232.65901577045722 -188.52001859806668 1.2
vertex 232.65901577045727 -188.52001859806677 0
endloop
endfacet
facet normal -0.7730104533626925 0.6343932841636997 0
outer loop
vertex 232.55330736400876 -188.64882466400846 1.2
vertex 232.65901577045727 -188.52001859806677 0
vertex 232.5533073640084 -188.64882466400843 0
endloop
endfacet
facet normal -0.8819212643483703 0.47139673682596933 0
outer loop
vertex 232.65901577045722 -188.52001859806668 1.2
vertex 232.73756420263467 -188.37306481751028 1.2
vertex 232.7375642026346 -188.3730648175103 0
endloop
endfacet
facet normal -0.8819212643483703 0.47139673682596933 0
outer loop
vertex 232.65901577045722 -188.52001859806668 1.2
vertex 232.7375642026346 -188.3730648175103 0
vertex 232.65901577045727 -188.52001859806677 0
endloop
endfacet
facet normal -0.9569403357322042 0.2902846772544779 0
outer loop
vertex 232.73756420263467 -188.37306481751028 1.2
vertex 232.7859340883427 -188.213610673714 1.2
vertex 232.78593408834274 -188.21361067371382 0
endloop
endfacet
facet normal -0.9569403357322042 0.2902846772544779 0
outer loop
vertex 232.73756420263467 -188.37306481751028 1.2
vertex 232.78593408834274 -188.21361067371382 0
vertex 232.7375642026346 -188.3730648175103 0
endloop
endfacet
facet normal -0.9951847266721985 0.09801714032954566 0
outer loop
vertex 167.3086674883427 -152.69082677371372 1.2
vertex 167.325 -152.52499999999995 1.2
vertex 167.325 -152.5250000000001 0
endloop
endfacet
facet normal -0.9951847266721985 0.09801714032954566 0
outer loop
vertex 167.3086674883427 -152.69082677371372 1.2
vertex 167.325 -152.5250000000001 0
vertex 167.30866748834276 -152.6908267737136 0
endloop
endfacet
facet normal -0.9951847266721984 -0.09801714032954581 0
outer loop
vertex 167.325 -152.52499999999995 1.2
vertex 167.30866748834273 -152.3591732262863 1.2
vertex 167.3086674883427 -152.35917322628617 0
endloop
endfacet
facet normal -0.9951847266721984 -0.09801714032954581 0
outer loop
vertex 167.325 -152.52499999999995 1.2
vertex 167.3086674883427 -152.35917322628617 0
vertex 167.325 -152.5250000000001 0
endloop
endfacet
facet normal -0.9569403357322049 -0.29028467725447593 0
outer loop
vertex 167.30866748834273 -152.3591732262863 1.2
vertex 167.26029760263458 -152.1997190824897 1.2
vertex 167.26029760263458 -152.19971908248968 0
endloop
endfacet
facet normal -0.9569403357322049 -0.29028467725447593 0
outer loop
vertex 167.30866748834273 -152.3591732262863 1.2
vertex 167.26029760263458 -152.19971908248968 0
vertex 167.3086674883427 -152.35917322628617 0
endloop
endfacet
facet normal -0.8819212643483793 -0.47139673682595234 0
outer loop
vertex 167.26029760263458 -152.1997190824897 1.2
vertex 167.1817491704571 -152.05276530193328 1.2
vertex 167.18174917045715 -152.05276530193333 0
endloop
endfacet
facet normal -0.8819212643483793 -0.47139673682595234 0
outer loop
vertex 167.26029760263458 -152.1997190824897 1.2
vertex 167.18174917045715 -152.05276530193333 0
vertex 167.26029760263458 -152.19971908248968 0
endloop
endfacet
facet normal -0.7730104533626804 -0.6343932841637144 0
outer loop
vertex 167.1817491704571 -152.05276530193328 1.2
vertex 167.0760407640085 -151.9239592359914 1.2
vertex 167.0760407640085 -151.9239592359914 0
endloop
endfacet
facet normal -0.7730104533626804 -0.6343932841637144 0
outer loop
vertex 167.1817491704571 -152.05276530193328 1.2
vertex 167.0760407640085 -151.9239592359914 0
vertex 167.18174917045715 -152.05276530193333 0
endloop
endfacet
facet normal -0.6343932841637135 -0.7730104533626811 0
outer loop
vertex 167.0760407640085 -151.9239592359914 1.2
vertex 166.94723469806672 -151.81825082954288 1.2
vertex 166.9472346980667 -151.81825082954288 0
endloop
endfacet
facet normal -0.6343932841637135 -0.7730104533626811 0
outer loop
vertex 167.0760407640085 -151.9239592359914 1.2
vertex 166.9472346980667 -151.81825082954288 0
vertex 167.0760407640085 -151.9239592359914 0
endloop
endfacet
facet normal -0.4713967368259664 -0.8819212643483718 0
outer loop
vertex 166.94723469806672 -151.81825082954288 1.2
vertex 166.80028091751043 -151.73970239736548 1.2
vertex 166.8002809175104 -151.73970239736548 0
endloop
endfacet
facet normal -0.4713967368259664 -0.8819212643483718 0
outer loop
vertex 166.94723469806672 -151.81825082954288 1.2
vertex 166.8002809175104 -151.73970239736548 0
vertex 166.9472346980667 -151.81825082954288 0
endloop
endfacet
facet normal -0.2902846772545039 -0.9569403357321963 0
outer loop
vertex 166.80028091751043 -151.73970239736548 1.2
vertex 166.64082677371346 -151.6913325116572 1.2
vertex 166.6408267737135 -151.69133251165724 0
endloop
endfacet
facet normal -0.2902846772545039 -0.9569403357321963 0
outer loop
vertex 166.80028091751043 -151.73970239736548 1.2
vertex 166.6408267737135 -151.69133251165724 0
vertex 166.8002809175104 -151.73970239736548 0
endloop
endfacet
facet normal -0.09801714032954582 -0.9951847266721984 0
outer loop
vertex 166.64082677371346 -151.6913325116572 1.2
vertex 166.47500000000005 -151.67499999999998 1.2
vertex 166.47500000000005 -151.675 0
endloop
endfacet
facet normal -0.09801714032954582 -0.9951847266721984 0
outer loop
vertex 166.64082677371346 -151.6913325116572 1.2
vertex 166.47500000000005 -151.675 0
vertex 166.6408267737135 -151.69133251165724 0
endloop
endfacet
facet normal 0.09801714032954581 -0.9951847266721984 0
outer loop
vertex 166.47500000000005 -151.67499999999998 1.2
vertex 166.30917322628642 -151.6913325116572 1.2
vertex 166.30917322628662 -151.69133251165724 0
endloop
endfacet
facet normal 0.09801714032954581 -0.9951847266721984 0
outer loop
vertex 166.47500000000005 -151.67499999999998 1.2
vertex 166.30917322628662 -151.69133251165724 0
vertex 166.47500000000005 -151.675 0
endloop
endfacet
facet normal 0.2902846772545039 -0.9569403357321963 0
outer loop
vertex 166.30917322628642 -151.6913325116572 1.2
vertex 166.14971908248947 -151.73970239736548 1.2
vertex 166.14971908248947 -151.73970239736548 0
endloop
endfacet
facet normal 0.2902846772545039 -0.9569403357321963 0
outer loop
vertex 166.30917322628642 -151.6913325116572 1.2
vertex 166.14971908248947 -151.73970239736548 0
vertex 166.30917322628662 -151.69133251165724 0
endloop
endfacet
facet normal 0.47139673682596933 -0.8819212643483703 0
outer loop
vertex 166.14971908248947 -151.73970239736548 1.2
vertex 166.00276530193338 -151.81825082954288 1.2
vertex 166.0027653019331 -151.81825082954288 0
endloop
endfacet
facet normal 0.47139673682596933 -0.8819212643483703 0
outer loop
vertex 166.14971908248947 -151.73970239736548 1.2
vertex 166.0027653019331 -151.81825082954288 0
vertex 166.14971908248947 -151.73970239736548 0
endloop
endfacet
facet normal 0.6343932841636997 -0.7730104533626925 0
outer loop
vertex 166.00276530193338 -151.81825082954288 1.2
vertex 165.87395923599135 -151.9239592359914 1.2
vertex 165.8739592359917 -151.9239592359914 0
endloop
endfacet
facet normal 0.6343932841636997 -0.7730104533626925 0
outer loop
vertex 166.00276530193338 -151.81825082954288 1.2
vertex 165.8739592359917 -151.9239592359914 0
vertex 166.0027653019331 -151.81825082954288 0
endloop
endfacet
facet normal 0.7730104533626925 -0.6343932841636997 0
outer loop
vertex 165.87395923599135 -151.9239592359914 1.2
vertex 165.7682508295428 -152.05276530193328 1.2
vertex 165.76825082954264 -152.05276530193333 0
endloop
endfacet
facet normal 0.7730104533626925 -0.6343932841636997 0
outer loop
vertex 165.87395923599135 -151.9239592359914 1.2
vertex 165.76825082954264 -152.05276530193333 0
vertex 165.8739592359917 -151.9239592359914 0
endloop
endfacet
facet normal 0.8819212643483701 -0.47139673682596933 0
outer loop
vertex 165.7682508295428 -152.05276530193328 1.2
vertex 165.68970239736544 -152.1997190824897 1.2
vertex 165.68970239736547 -152.19971908248968 0
endloop
endfacet
facet normal 0.8819212643483701 -0.47139673682596933 0
outer loop
vertex 165.7682508295428 -152.05276530193328 1.2
vertex 165.68970239736547 -152.19971908248968 0
vertex 165.76825082954264 -152.05276530193333 0
endloop
endfacet
facet normal 0.9569403357321963 -0.2902846772545039 0
outer loop
vertex 165.68970239736544 -152.1997190824897 1.2
vertex 165.64133251165728 -152.3591732262863 1.2
vertex 165.64133251165723 -152.35917322628617 0
endloop
endfacet
facet normal 0.9569403357321963 -0.2902846772545039 0
outer loop
vertex 165.68970239736544 -152.1997190824897 1.2
vertex 165.64133251165723 -152.35917322628617 0
vertex 165.68970239736547 -152.19971908248968 0
endloop
endfacet
facet normal 0.9951847266721985 -0.09801714032954566 0
outer loop
vertex 165.64133251165728 -152.3591732262863 1.2
vertex 165.625 -152.52499999999995 1.2
vertex 165.625 -152.5250000000001 0
endloop
endfacet
facet normal 0.9951847266721985 -0.09801714032954566 0
outer loop
vertex 165.64133251165728 -152.3591732262863 1.2
vertex 165.625 -152.5250000000001 0
vertex 165.64133251165723 -152.35917322628617 0
endloop
endfacet
facet normal 0.9951847266721984 0.09801714032954582 0
outer loop
vertex 165.625 -152.52499999999995 1.2
vertex 165.64133251165725 -152.69082677371372 1.2
vertex 165.64133251165723 -152.6908267737136 0
endloop
endfacet
facet normal 0.9951847266721984 0.09801714032954582 0
outer loop
vertex 165.625 -152.52499999999995 1.2
vertex 165.64133251165723 -152.6908267737136 0
vertex 165.625 -152.5250000000001 0
endloop
endfacet
facet normal 0.9569403357321963 0.2902846772545039 0
outer loop
vertex 165.64133251165725 -152.69082677371372 1.2
vertex 165.6897023973654 -152.85028091751036 1.2
vertex 165.6897023973655 -152.8502809175105 0
endloop
endfacet
facet normal 0.9569403357321963 0.2902846772545039 0
outer loop
vertex 165.64133251165725 -152.69082677371372 1.2
vertex 165.6897023973655 -152.8502809175105 0
vertex 165.64133251165723 -152.6908267737136 0
endloop
endfacet
facet normal 0.8819212643483718 0.4713967368259664 0
outer loop
vertex 165.6897023973654 -152.85028091751036 1.2
vertex 165.7682508295428 -152.99723469806665 1.2
vertex 165.76825082954278 -152.9972346980666 0
endloop
endfacet
facet normal 0.8819212643483718 0.4713967368259664 0
outer loop
vertex 165.6897023973654 -152.85028091751036 1.2
vertex 165.76825082954278 -152.9972346980666 0
vertex 165.6897023973655 -152.8502809175105 0
endloop
endfacet
facet normal 0.7730104533626917 0.6343932841637008 0
outer loop
vertex 165.7682508295428 -152.99723469806665 1.2
vertex 165.8739592359914 -153.12604076400854 1.2
vertex 165.87395923599146 -153.1260407640086 0
endloop
endfacet
facet normal 0.7730104533626917 0.6343932841637008 0
outer loop
vertex 165.7682508295428 -152.99723469806665 1.2
vertex 165.87395923599146 -153.1260407640086 0
vertex 165.76825082954278 -152.9972346980666 0
endloop
endfacet
facet normal 0.6343932841636999 0.7730104533626925 0
outer loop
vertex 165.8739592359914 -153.12604076400854 1.2
vertex 166.00276530193335 -153.2317491704572 1.2
vertex 166.00276530193338 -153.23174917045722 0
endloop
endfacet
facet normal 0.6343932841636999 0.7730104533626925 0
outer loop
vertex 165.8739592359914 -153.12604076400854 1.2
vertex 166.00276530193338 -153.23174917045722 0
vertex 165.87395923599146 -153.1260407640086 0
endloop
endfacet
facet normal 0.4713967368259579 0.8819212643483763 0
outer loop
vertex 166.00276530193335 -153.2317491704572 1.2
vertex 166.14971908248955 -153.31029760263456 1.2
vertex 166.14971908248947 -153.3102976026345 0
endloop
endfacet
facet normal 0.4713967368259579 0.8819212643483763 0
outer loop
vertex 166.00276530193335 -153.2317491704572 1.2
vertex 166.14971908248947 -153.3102976026345 0
vertex 166.00276530193338 -153.23174917045722 0
endloop
endfacet
facet normal 0.2902846772544769 0.9569403357322044 0
outer loop
vertex 166.14971908248955 -153.31029760263456 1.2
vertex 166.30917322628625 -153.35866748834275 1.2
vertex 166.30917322628636 -153.35866748834275 0
endloop
endfacet
facet normal 0.2902846772544769 0.9569403357322044 0
outer loop
vertex 166.14971908248955 -153.31029760263456 1.2
vertex 166.30917322628636 -153.35866748834275 0
vertex 166.14971908248947 -153.3102976026345 0
endloop
endfacet
facet normal 0.09801714032954581 0.9951847266721984 0
outer loop
vertex 166.30917322628625 -153.35866748834275 1.2
vertex 166.47499999999994 -153.375 1.2
vertex 166.47500000000005 -153.375 0
endloop
endfacet
facet normal 0.09801714032954581 0.9951847266721984 0
outer loop
vertex 166.30917322628625 -153.35866748834275 1.2
vertex 166.47500000000005 -153.375 0
vertex 166.30917322628636 -153.35866748834275 0
endloop
endfacet
facet normal -0.09801714032954566 0.9951847266721985 0
outer loop
vertex 166.47499999999994 -153.375 1.2
vertex 166.64082677371357 -153.35866748834275 1.2
vertex 166.64082677371368 -153.35866748834275 0
endloop
endfacet
facet normal -0.09801714032954566 0.9951847266721985 0
outer loop
vertex 166.47499999999994 -153.375 1.2
vertex 166.64082677371368 -153.35866748834275 0
vertex 166.47500000000005 -153.375 0
endloop
endfacet
facet normal -0.29028467725450585 0.9569403357321956 0
outer loop
vertex 166.64082677371357 -153.35866748834275 1.2
vertex 166.80028091751052 -153.31029760263456 1.2
vertex 166.80028091751038 -153.3102976026345 0
endloop
endfacet
facet normal -0.29028467725450585 0.9569403357321956 0
outer loop
vertex 166.64082677371357 -153.35866748834275 1.2
vertex 166.80028091751038 -153.3102976026345 0
vertex 166.64082677371368 -153.35866748834275 0
endloop
endfacet
facet normal -0.47139673682596933 0.8819212643483703 0
outer loop
vertex 166.80028091751052 -153.31029760263456 1.2
vertex 166.94723469806647 -153.2317491704572 1.2
vertex 166.9472346980667 -153.23174917045722 0
endloop
endfacet
facet normal -0.47139673682596933 0.8819212643483703 0
outer loop
vertex 166.80028091751052 -153.31029760263456 1.2
vertex 166.9472346980667 -153.23174917045722 0
vertex 166.80028091751038 -153.3102976026345 0
endloop
endfacet
facet normal -0.6343932841637137 0.773010453362681 0
outer loop
vertex 166.94723469806647 -153.2317491704572 1.2
vertex 167.07604076400864 -153.12604076400854 1.2
vertex 167.07604076400855 -153.1260407640086 0
endloop
endfacet
facet normal -0.6343932841637137 0.773010453362681 0
outer loop
vertex 166.94723469806647 -153.2317491704572 1.2
vertex 167.07604076400855 -153.1260407640086 0
vertex 166.9472346980667 -153.23174917045722 0
endloop
endfacet
facet normal -0.7730104533626925 0.6343932841636997 0
outer loop
vertex 167.07604076400864 -153.12604076400854 1.2
vertex 167.18174917045718 -152.99723469806665 1.2
vertex 167.1817491704573 -152.9972346980666 0
endloop
endfacet
facet normal -0.7730104533626925 0.6343932841636997 0
outer loop
vertex 167.07604076400864 -153.12604076400854 1.2
vertex 167.1817491704573 -152.9972346980666 0
vertex 167.07604076400855 -153.1260407640086 0
endloop
endfacet
facet normal -0.8819212643483701 0.47139673682596933 0
outer loop
vertex 167.18174917045718 -152.99723469806665 1.2
vertex 167.2602976026346 -152.85028091751036 1.2
vertex 167.26029760263452 -152.8502809175105 0
endloop
endfacet
facet normal -0.8819212643483701 0.47139673682596933 0
outer loop
vertex 167.18174917045718 -152.99723469806665 1.2
vertex 167.26029760263452 -152.8502809175105 0
vertex 167.1817491704573 -152.9972346980666 0
endloop
endfacet
facet normal -0.9569403357321963 0.2902846772545039 0
outer loop
vertex 167.2602976026346 -152.85028091751036 1.2
vertex 167.3086674883427 -152.69082677371372 1.2
vertex 167.30866748834276 -152.6908267737136 0
endloop
endfacet
facet normal -0.9569403357321963 0.2902846772545039 0
outer loop
vertex 167.2602976026346 -152.85028091751036 1.2
vertex 167.30866748834276 -152.6908267737136 0
vertex 167.26029760263452 -152.8502809175105 0
endloop
endfacet
facet normal -0.9951847266721956 0.09801714032957415 0
outer loop
vertex 131.83366748834274 -66.16582677371368 1.2
vertex 131.85 -66.0000000000002 1.2
vertex 131.85 -66.00000000000011 0
endloop
endfacet
facet normal -0.9951847266721956 0.09801714032957415 0
outer loop
vertex 131.83366748834274 -66.16582677371368 1.2
vertex 131.85 -66.00000000000011 0
vertex 131.83366748834274 -66.16582677371369 0
endloop
endfacet
facet normal -0.9951847266721984 -0.09801714032954582 0
outer loop
vertex 131.85 -66.0000000000002 1.2
vertex 131.8336674883427 -65.8341732262861 1.2
vertex 131.83366748834274 -65.83417322628623 0
endloop
endfacet
facet normal -0.9951847266721984 -0.09801714032954582 0
outer loop
vertex 131.85 -66.0000000000002 1.2
vertex 131.83366748834274 -65.83417322628623 0
vertex 131.85 -66.00000000000011 0
endloop
endfacet
facet normal -0.9569403357322045 -0.29028467725447693 0
outer loop
vertex 131.8336674883427 -65.8341732262861 1.2
vertex 131.78529760263467 -65.67471908248979 1.2
vertex 131.78529760263459 -65.67471908248972 0
endloop
endfacet
facet normal -0.9569403357322045 -0.29028467725447693 0
outer loop
vertex 131.8336674883427 -65.8341732262861 1.2
vertex 131.78529760263459 -65.67471908248972 0
vertex 131.83366748834274 -65.83417322628623 0
endloop
endfacet
facet normal -0.8819212643483494 -0.47139673682600847 0
outer loop
vertex 131.78529760263467 -65.67471908248979 1.2
vertex 131.70674917045704 -65.52776530193324 1.2
vertex 131.70674917045707 -65.52776530193336 0
endloop
endfacet
facet normal -0.8819212643483494 -0.47139673682600847 0
outer loop
vertex 131.78529760263467 -65.67471908248979 1.2
vertex 131.70674917045707 -65.52776530193336 0
vertex 131.78529760263459 -65.67471908248972 0
endloop
endfacet
facet normal -0.7730104533627121 -0.6343932841636758 0
outer loop
vertex 131.70674917045704 -65.52776530193324 1.2
vertex 131.60104076400867 -65.39895923599154 1.2
vertex 131.60104076400856 -65.39895923599155 0
endloop
endfacet
facet normal -0.7730104533627121 -0.6343932841636758 0
outer loop
vertex 131.70674917045704 -65.52776530193324 1.2
vertex 131.60104076400856 -65.39895923599155 0
vertex 131.70674917045707 -65.52776530193336 0
endloop
endfacet
facet normal -0.6343932841637046 -0.7730104533626885 0
outer loop
vertex 131.60104076400867 -65.39895923599154 1.2
vertex 131.47223469806653 -65.29325082954283 1.2
vertex 131.4722346980667 -65.29325082954283 0
endloop
endfacet
facet normal -0.6343932841637046 -0.7730104533626885 0
outer loop
vertex 131.60104076400867 -65.39895923599154 1.2
vertex 131.4722346980667 -65.29325082954283 0
vertex 131.60104076400856 -65.39895923599155 0
endloop
endfacet
facet normal -0.47139673682601335 -0.8819212643483466 0
outer loop
vertex 131.47223469806653 -65.29325082954283 1.2
vertex 131.3252809175103 -65.21470239736537 1.2
vertex 131.32528091751033 -65.21470239736541 0
endloop
endfacet
facet normal -0.47139673682601335 -0.8819212643483466 0
outer loop
vertex 131.47223469806653 -65.29325082954283 1.2
vertex 131.32528091751033 -65.21470239736541 0
vertex 131.4722346980667 -65.29325082954283 0
endloop
endfacet
facet normal -0.29028467725440144 -0.9569403357322275 0
outer loop
vertex 131.3252809175103 -65.21470239736537 1.2
vertex 131.16582677371375 -65.16633251165726 1.2
vertex 131.16582677371372 -65.16633251165726 0
endloop
endfacet
facet normal -0.29028467725440144 -0.9569403357322275 0
outer loop
vertex 131.3252809175103 -65.21470239736537 1.2
vertex 131.16582677371372 -65.16633251165726 0
vertex 131.32528091751033 -65.21470239736541 0
endloop
endfacet
facet normal -0.09801714032954574 -0.9951847266721985 0
outer loop
vertex 131.16582677371375 -65.16633251165726 1.2
vertex 131 -65.15 1.2
vertex 131.00000000000006 -65.15 0
endloop
endfacet
facet normal -0.09801714032954574 -0.9951847266721985 0
outer loop
vertex 131.16582677371375 -65.16633251165726 1.2
vertex 131.00000000000006 -65.15 0
vertex 131.16582677371372 -65.16633251165726 0
endloop
endfacet
facet normal 0.09801714032954582 -0.9951847266721984 0
outer loop
vertex 131 -65.15 1.2
vertex 130.83417322628625 -65.16633251165726 1.2
vertex 130.83417322628634 -65.16633251165726 0
endloop
endfacet
facet normal 0.09801714032954582 -0.9951847266721984 0
outer loop
vertex 131 -65.15 1.2
vertex 130.83417322628634 -65.16633251165726 0
vertex 131.00000000000006 -65.15 0
endloop
endfacet
facet normal 0.2902846772544199 -0.9569403357322217 0
outer loop
vertex 130.83417322628625 -65.16633251165726 1.2
vertex 130.67471908248973 -65.21470239736537 1.2
vertex 130.67471908248962 -65.21470239736541 0
endloop
endfacet
facet normal 0.2902846772544199 -0.9569403357322217 0
outer loop
vertex 130.83417322628625 -65.16633251165726 1.2
vertex 130.67471908248962 -65.21470239736541 0
vertex 130.83417322628634 -65.16633251165726 0
endloop
endfacet
facet normal 0.4713967368260224 -0.8819212643483418 0
outer loop
vertex 130.67471908248973 -65.21470239736537 1.2
vertex 130.52776530193324 -65.29325082954283 1.2
vertex 130.52776530193336 -65.29325082954283 0
endloop
endfacet
facet normal 0.4713967368260224 -0.8819212643483418 0
outer loop
vertex 130.67471908248973 -65.21470239736537 1.2
vertex 130.52776530193336 -65.29325082954283 0
vertex 130.67471908248962 -65.21470239736541 0
endloop
endfacet
facet normal 0.6343932841636912 -0.7730104533626995 0
outer loop
vertex 130.52776530193324 -65.29325082954283 1.2
vertex 130.3989592359915 -65.39895923599154 1.2
vertex 130.39895923599127 -65.39895923599155 0
endloop
endfacet
facet normal 0.6343932841636912 -0.7730104533626995 0
outer loop
vertex 130.52776530193324 -65.29325082954283 1.2
vertex 130.39895923599127 -65.39895923599155 0
vertex 130.52776530193336 -65.29325082954283 0
endloop
endfacet
facet normal 0.7730104533627319 -0.6343932841636518 0
outer loop
vertex 130.3989592359915 -65.39895923599154 1.2
vertex 130.29325082954287 -65.52776530193324 1.2
vertex 130.29325082954293 -65.52776530193336 0
endloop
endfacet
facet normal 0.7730104533627319 -0.6343932841636518 0
outer loop
vertex 130.3989592359915 -65.39895923599154 1.2
vertex 130.29325082954293 -65.52776530193336 0
vertex 130.39895923599127 -65.39895923599155 0
endloop
endfacet
facet normal 0.8819212643483584 -0.4713967368259914 0
outer loop
vertex 130.29325082954287 -65.52776530193324 1.2
vertex 130.21470239736541 -65.67471908248979 1.2
vertex 130.21470239736547 -65.67471908248972 0
endloop
endfacet
facet normal 0.8819212643483584 -0.4713967368259914 0
outer loop
vertex 130.29325082954287 -65.52776530193324 1.2
vertex 130.21470239736547 -65.67471908248972 0
vertex 130.29325082954293 -65.52776530193336 0
endloop
endfacet
facet normal 0.9569403357322048 -0.29028467725447593 0
outer loop
vertex 130.21470239736541 -65.67471908248979 1.2
vertex 130.1663325116573 -65.8341732262861 1.2
vertex 130.1663325116573 -65.83417322628623 0
endloop
endfacet
facet normal 0.9569403357322048 -0.29028467725447593 0
outer loop
vertex 130.21470239736541 -65.67471908248979 1.2
vertex 130.1663325116573 -65.83417322628623 0
vertex 130.21470239736547 -65.67471908248972 0
endloop
endfacet
facet normal 0.9951847266721956 -0.09801714032957415 0
outer loop
vertex 130.1663325116573 -65.8341732262861 1.2
vertex 130.15 -66.0000000000002 1.2
vertex 130.15 -66.00000000000011 0
endloop
endfacet
facet normal 0.9951847266721956 -0.09801714032957415 0
outer loop
vertex 130.1663325116573 -65.8341732262861 1.2
vertex 130.15 -66.00000000000011 0
vertex 130.1663325116573 -65.83417322628623 0
endloop
endfacet
facet normal 0.9951847266721984 0.09801714032954582 0
outer loop
vertex 130.15 -66.0000000000002 1.2
vertex 130.16633251165723 -66.16582677371368 1.2
vertex 130.16633251165726 -66.16582677371369 0
endloop
endfacet
facet normal 0.9951847266721984 0.09801714032954582 0
outer loop
vertex 130.15 -66.0000000000002 1.2
vertex 130.16633251165726 -66.16582677371369 0
vertex 130.15 -66.00000000000011 0
endloop
endfacet
facet normal 0.9569403357322092 0.29028467725446194 0
outer loop
vertex 130.16633251165723 -66.16582677371368 1.2
vertex 130.21470239736536 -66.3252809175102 1.2
vertex 130.21470239736541 -66.32528091751034 0
endloop
endfacet
facet normal 0.9569403357322092 0.29028467725446194 0
outer loop
vertex 130.16633251165723 -66.16582677371368 1.2
vertex 130.21470239736541 -66.32528091751034 0
vertex 130.16633251165726 -66.16582677371369 0
endloop
endfacet
facet normal 0.8819212643483494 0.47139673682600847 0
outer loop
vertex 130.21470239736536 -66.3252809175102 1.2
vertex 130.2932508295429 -66.47223469806673 1.2
vertex 130.29325082954284 -66.47223469806667 0
endloop
endfacet
facet normal 0.8819212643483494 0.47139673682600847 0
outer loop
vertex 130.21470239736536 -66.3252809175102 1.2
vertex 130.29325082954284 -66.47223469806667 0
vertex 130.21470239736541 -66.32528091751034 0
endloop
endfacet
facet normal 0.7730104533627256 0.6343932841636596 0
outer loop
vertex 130.2932508295429 -66.47223469806673 1.2
vertex 130.3989592359914 -66.60104076400853 1.2
vertex 130.3989592359914 -66.60104076400853 0
endloop
endfacet
facet normal 0.7730104533627256 0.6343932841636596 0
outer loop
vertex 130.2932508295429 -66.47223469806673 1.2
vertex 130.3989592359914 -66.60104076400853 0
vertex 130.29325082954284 -66.47223469806667 0
endloop
endfacet
facet normal 0.6343932841637008 0.7730104533626917 0
outer loop
vertex 130.3989592359914 -66.60104076400853 1.2
vertex 130.52776530193333 -66.70674917045716 1.2
vertex 130.52776530193336 -66.70674917045719 0
endloop
endfacet
facet normal 0.6343932841637008 0.7730104533626917 0
outer loop
vertex 130.3989592359914 -66.60104076400853 1.2
vertex 130.52776530193336 -66.70674917045719 0
vertex 130.3989592359914 -66.60104076400853 0
endloop
endfacet
facet normal 0.4713967368260255 0.8819212643483402 0
outer loop
vertex 130.52776530193333 -66.70674917045716 1.2
vertex 130.67471908248964 -66.78529760263457 1.2
vertex 130.67471908248967 -66.7852976026346 0
endloop
endfacet
facet normal 0.4713967368260255 0.8819212643483402 0
outer loop
vertex 130.52776530193333 -66.70674917045716 1.2
vertex 130.67471908248967 -66.7852976026346 0
vertex 130.52776530193336 -66.70674917045719 0
endloop
endfacet
facet normal 0.2902846772544089 0.9569403357322251 0
outer loop
vertex 130.67471908248964 -66.78529760263457 1.2
vertex 130.83417322628628 -66.83366748834274 1.2
vertex 130.8341732262863 -66.83366748834274 0
endloop
endfacet
facet normal 0.2902846772544089 0.9569403357322251 0
outer loop
vertex 130.67471908248964 -66.78529760263457 1.2
vertex 130.8341732262863 -66.83366748834274 0
vertex 130.67471908248967 -66.7852976026346 0
endloop
endfacet
facet normal 0.09801714032954582 0.9951847266721984 0
outer loop
vertex 130.83417322628628 -66.83366748834274 1.2
vertex 131.0000000000001 -66.85 1.2
vertex 131 -66.85 0
endloop
endfacet
facet normal 0.09801714032954582 0.9951847266721984 0
outer loop
vertex 130.83417322628628 -66.83366748834274 1.2
vertex 131 -66.85 0
vertex 130.8341732262863 -66.83366748834274 0
endloop
endfacet
facet normal -0.09801714032954574 0.9951847266721985 0
outer loop
vertex 131.0000000000001 -66.85 1.2
vertex 131.16582677371372 -66.83366748834274 1.2
vertex 131.16582677371375 -66.83366748834274 0
endloop
endfacet
facet normal -0.09801714032954574 0.9951847266721985 0
outer loop
vertex 131.0000000000001 -66.85 1.2
vertex 131.16582677371375 -66.83366748834274 0
vertex 131 -66.85 0
endloop
endfacet
facet normal -0.2902846772544199 0.9569403357322217 0
outer loop
vertex 131.16582677371372 -66.83366748834274 1.2
vertex 131.3252809175104 -66.78529760263457 1.2
vertex 131.32528091751033 -66.7852976026346 0
endloop
endfacet
facet normal -0.2902846772544199 0.9569403357322217 0
outer loop
vertex 131.16582677371372 -66.83366748834274 1.2
vertex 131.32528091751033 -66.7852976026346 0
vertex 131.16582677371375 -66.83366748834274 0
endloop
endfacet
facet normal -0.47139673682600836 0.8819212643483493 0
outer loop
vertex 131.3252809175104 -66.78529760263457 1.2
vertex 131.47223469806667 -66.70674917045716 1.2
vertex 131.47223469806664 -66.70674917045719 0
endloop
endfacet
facet normal -0.47139673682600836 0.8819212643483493 0
outer loop
vertex 131.3252809175104 -66.78529760263457 1.2
vertex 131.47223469806664 -66.70674917045719 0
vertex 131.32528091751033 -66.7852976026346 0
endloop
endfacet
facet normal -0.6343932841636982 0.7730104533626938 0
outer loop
vertex 131.47223469806667 -66.70674917045716 1.2
vertex 131.6010407640086 -66.60104076400853 1.2
vertex 131.60104076400853 -66.60104076400853 0
endloop
endfacet
facet normal -0.6343932841636982 0.7730104533626938 0
outer loop
vertex 131.47223469806667 -66.70674917045716 1.2
vertex 131.60104076400853 -66.60104076400853 0
vertex 131.47223469806664 -66.70674917045719 0
endloop
endfacet
facet normal -0.7730104533627319 0.6343932841636518 0
outer loop
vertex 131.6010407640086 -66.60104076400853 1.2
vertex 131.70674917045707 -66.47223469806673 1.2
vertex 131.70674917045716 -66.47223469806667 0
endloop
endfacet
facet normal -0.7730104533627319 0.6343932841636518 0
outer loop
vertex 131.6010407640086 -66.60104076400853 1.2
vertex 131.70674917045716 -66.47223469806667 0
vertex 131.60104076400853 -66.60104076400853 0
endloop
endfacet
facet normal -0.8819212643483584 0.4713967368259914 0
outer loop
vertex 131.70674917045707 -66.47223469806673 1.2
vertex 131.78529760263464 -66.3252809175102 1.2
vertex 131.7852976026347 -66.32528091751034 0
endloop
endfacet
facet normal -0.8819212643483584 0.4713967368259914 0
outer loop
vertex 131.70674917045707 -66.47223469806673 1.2
vertex 131.7852976026347 -66.32528091751034 0
vertex 131.70674917045716 -66.47223469806667 0
endloop
endfacet
facet normal -0.9569403357322048 0.29028467725447593 0
outer loop
vertex 131.78529760263464 -66.3252809175102 1.2
vertex 131.83366748834274 -66.16582677371368 1.2
vertex 131.83366748834274 -66.16582677371369 0
endloop
endfacet
facet normal -0.9569403357322048 0.29028467725447593 0
outer loop
vertex 131.78529760263464 -66.3252809175102 1.2
vertex 131.83366748834274 -66.16582677371369 0
vertex 131.7852976026347 -66.32528091751034 0
endloop
endfacet
facet normal -0.9951847266721956 0.09801714032957415 0
outer loop
vertex 202.53366748834276 -66.16582677371368 1.2
vertex 202.54999999999998 -66.0000000000002 1.2
vertex 202.54999999999998 -66.00000000000011 0
endloop
endfacet
facet normal -0.9951847266721956 0.09801714032957415 0
outer loop
vertex 202.53366748834276 -66.16582677371368 1.2
vertex 202.54999999999998 -66.00000000000011 0
vertex 202.53366748834276 -66.16582677371369 0
endloop
endfacet
facet normal -0.9951847266721956 -0.09801714032957415 0
outer loop
vertex 202.54999999999998 -66.0000000000002 1.2
vertex 202.5336674883427 -65.8341732262861 1.2
vertex 202.5336674883427 -65.83417322628623 0
endloop
endfacet
facet normal -0.9951847266721956 -0.09801714032957415 0
outer loop
vertex 202.54999999999998 -66.0000000000002 1.2
vertex 202.5336674883427 -65.83417322628623 0
vertex 202.54999999999998 -66.00000000000011 0
endloop
endfacet
facet normal -0.9569403357322048 -0.29028467725447593 0
outer loop
vertex 202.5336674883427 -65.8341732262861 1.2
vertex 202.48529760263463 -65.67471908248979 1.2
vertex 202.48529760263466 -65.67471908248972 0
endloop
endfacet
facet normal -0.9569403357322048 -0.29028467725447593 0
outer loop
vertex 202.5336674883427 -65.8341732262861 1.2
vertex 202.48529760263466 -65.67471908248972 0
vertex 202.5336674883427 -65.83417322628623 0
endloop
endfacet
facet normal -0.8819212643483584 -0.4713967368259914 0
outer loop
vertex 202.48529760263463 -65.67471908248979 1.2
vertex 202.40674917045712 -65.52776530193324 1.2
vertex 202.40674917045706 -65.52776530193336 0
endloop
endfacet
facet normal -0.8819212643483584 -0.4713967368259914 0
outer loop
vertex 202.48529760263463 -65.67471908248979 1.2
vertex 202.40674917045706 -65.52776530193336 0
vertex 202.48529760263466 -65.67471908248972 0
endloop
endfacet
facet normal -0.7730104533627319 -0.6343932841636518 0
outer loop
vertex 202.40674917045712 -65.52776530193324 1.2
vertex 202.30104076400875 -65.39895923599154 1.2
vertex 202.30104076400863 -65.39895923599155 0
endloop
endfacet
facet normal -0.7730104533627319 -0.6343932841636518 0
outer loop
vertex 202.40674917045712 -65.52776530193324 1.2
vertex 202.30104076400863 -65.39895923599155 0
vertex 202.40674917045706 -65.52776530193336 0
endloop
endfacet
facet normal -0.6343932841637144 -0.7730104533626804 0
outer loop
vertex 202.30104076400875 -65.39895923599154 1.2
vertex 202.17223469806657 -65.29325082954283 1.2
vertex 202.1722346980667 -65.29325082954283 0
endloop
endfacet
facet normal -0.6343932841637144 -0.7730104533626804 0
outer loop
vertex 202.30104076400875 -65.39895923599154 1.2
vertex 202.1722346980667 -65.29325082954283 0
vertex 202.30104076400863 -65.39895923599155 0
endloop
endfacet
facet normal -0.4713967368260239 -0.881921264348341 0
outer loop
vertex 202.17223469806657 -65.29325082954283 1.2
vertex 202.02528091751034 -65.21470239736537 1.2
vertex 202.02528091751032 -65.21470239736541 0
endloop
endfacet
facet normal -0.4713967368260239 -0.881921264348341 0
outer loop
vertex 202.17223469806657 -65.29325082954283 1.2
vertex 202.02528091751032 -65.21470239736541 0
vertex 202.1722346980667 -65.29325082954283 0
endloop
endfacet
facet normal -0.2902846772544221 -0.9569403357322213 0
outer loop
vertex 202.02528091751034 -65.21470239736537 1.2
vertex 201.8658267737138 -65.16633251165726 1.2
vertex 201.86582677371368 -65.16633251165726 0
endloop
endfacet
facet normal -0.2902846772544221 -0.9569403357322213 0
outer loop
vertex 202.02528091751034 -65.21470239736537 1.2
vertex 201.86582677371368 -65.16633251165726 0
vertex 202.02528091751032 -65.21470239736541 0
endloop
endfacet
facet normal -0.09801714032954582 -0.9951847266721984 0
outer loop
vertex 201.8658267737138 -65.16633251165726 1.2
vertex 201.70000000000002 -65.15 1.2
vertex 201.70000000000007 -65.15 0
endloop
endfacet
facet normal -0.09801714032954582 -0.9951847266721984 0
outer loop
vertex 201.8658267737138 -65.16633251165726 1.2
vertex 201.70000000000007 -65.15 0
vertex 201.86582677371368 -65.16633251165726 0
endloop
endfacet
facet normal 0.09801714032954582 -0.9951847266721984 0
outer loop
vertex 201.70000000000002 -65.15 1.2
vertex 201.53417322628624 -65.16633251165726 1.2
vertex 201.53417322628636 -65.16633251165726 0
endloop
endfacet
facet normal 0.09801714032954582 -0.9951847266721984 0
outer loop
vertex 201.70000000000002 -65.15 1.2
vertex 201.53417322628636 -65.16633251165726 0
vertex 201.70000000000007 -65.15 0
endloop
endfacet
facet normal 0.2902846772544199 -0.9569403357322217 0
outer loop
vertex 201.53417322628624 -65.16633251165726 1.2
vertex 201.3747190824897 -65.21470239736537 1.2
vertex 201.37471908248955 -65.21470239736541 0
endloop
endfacet
facet normal 0.2902846772544199 -0.9569403357322217 0
outer loop
vertex 201.53417322628624 -65.16633251165726 1.2
vertex 201.37471908248955 -65.21470239736541 0
vertex 201.53417322628636 -65.16633251165726 0
endloop
endfacet
facet normal 0.47139673682602534 -0.8819212643483402 0
outer loop
vertex 201.3747190824897 -65.21470239736537 1.2
vertex 201.2277653019333 -65.29325082954283 1.2
vertex 201.22776530193335 -65.29325082954283 0
endloop
endfacet
facet normal 0.47139673682602534 -0.8819212643483402 0
outer loop
vertex 201.3747190824897 -65.21470239736537 1.2
vertex 201.22776530193335 -65.29325082954283 0
vertex 201.37471908248955 -65.21470239736541 0
endloop
endfacet
facet normal 0.6343932841637067 -0.7730104533626868 0
outer loop
vertex 201.2277653019333 -65.29325082954283 1.2
vertex 201.09895923599137 -65.39895923599154 1.2
vertex 201.09895923599137 -65.39895923599155 0
endloop
endfacet
facet normal 0.6343932841637067 -0.7730104533626868 0
outer loop
vertex 201.2277653019333 -65.29325082954283 1.2
vertex 201.09895923599137 -65.39895923599155 0
vertex 201.22776530193335 -65.29325082954283 0
endloop
endfacet
facet normal 0.7730104533627319 -0.6343932841636518 0
outer loop
vertex 201.09895923599137 -65.39895923599154 1.2
vertex 200.9932508295429 -65.52776530193324 1.2
vertex 200.99325082954283 -65.52776530193336 0
endloop
endfacet
facet normal 0.7730104533627319 -0.6343932841636518 0
outer loop
vertex 201.09895923599137 -65.39895923599154 1.2
vertex 200.99325082954283 -65.52776530193336 0
vertex 201.09895923599137 -65.39895923599155 0
endloop
endfacet
facet normal 0.8819212643483584 -0.4713967368259914 0
outer loop
vertex 200.9932508295429 -65.52776530193324 1.2
vertex 200.91470239736543 -65.67471908248979 1.2
vertex 200.91470239736537 -65.67471908248972 0
endloop
endfacet
facet normal 0.8819212643483584 -0.4713967368259914 0
outer loop
vertex 200.9932508295429 -65.52776530193324 1.2
vertex 200.91470239736537 -65.67471908248972 0
vertex 200.99325082954283 -65.52776530193336 0
endloop
endfacet
facet normal 0.9569403357322048 -0.29028467725447593 0
outer loop
vertex 200.91470239736543 -65.67471908248979 1.2
vertex 200.86633251165722 -65.8341732262861 1.2
vertex 200.86633251165733 -65.83417322628623 0
endloop
endfacet
facet normal 0.9569403357322048 -0.29028467725447593 0
outer loop
vertex 200.91470239736543 -65.67471908248979 1.2
vertex 200.86633251165733 -65.83417322628623 0
vertex 200.91470239736537 -65.67471908248972 0
endloop
endfacet
facet normal 0.9951847266721956 -0.09801714032957415 0
outer loop
vertex 200.86633251165722 -65.8341732262861 1.2
vertex 200.85 -66.0000000000002 1.2
vertex 200.84999999999994 -66.00000000000011 0
endloop
endfacet
facet normal 0.9951847266721956 -0.09801714032957415 0
outer loop
vertex 200.86633251165722 -65.8341732262861 1.2
vertex 200.84999999999994 -66.00000000000011 0
vertex 200.86633251165733 -65.83417322628623 0
endloop
endfacet
facet normal 0.9951847266721956 0.09801714032957415 0
outer loop
vertex 200.85 -66.0000000000002 1.2
vertex 200.86633251165725 -66.16582677371368 1.2
vertex 200.86633251165722 -66.16582677371369 0
endloop
endfacet
facet normal 0.9951847266721956 0.09801714032957415 0
outer loop
vertex 200.85 -66.0000000000002 1.2
vertex 200.86633251165722 -66.16582677371369 0
vertex 200.84999999999994 -66.00000000000011 0
endloop
endfacet
facet normal 0.9569403357322048 0.29028467725447593 0
outer loop
vertex 200.86633251165725 -66.16582677371368 1.2
vertex 200.91470239736543 -66.3252809175102 1.2
vertex 200.91470239736535 -66.32528091751034 0
endloop
endfacet
facet normal 0.9569403357322048 0.29028467725447593 0
outer loop
vertex 200.86633251165725 -66.16582677371368 1.2
vertex 200.91470239736535 -66.32528091751034 0
vertex 200.86633251165722 -66.16582677371369 0
endloop
endfacet
facet normal 0.8819212643483584 0.4713967368259914 0
outer loop
vertex 200.91470239736543 -66.3252809175102 1.2
vertex 200.99325082954283 -66.47223469806673 1.2
vertex 200.99325082954283 -66.47223469806667 0
endloop
endfacet
facet normal 0.8819212643483584 0.4713967368259914 0
outer loop
vertex 200.91470239736543 -66.3252809175102 1.2
vertex 200.99325082954283 -66.47223469806667 0
vertex 200.91470239736535 -66.32528091751034 0
endloop
endfacet
facet normal 0.7730104533627319 0.6343932841636518 0
outer loop
vertex 200.99325082954283 -66.47223469806673 1.2
vertex 201.0989592359914 -66.60104076400853 1.2
vertex 201.0989592359914 -66.60104076400853 0
endloop
endfacet
facet normal 0.7730104533627319 0.6343932841636518 0
outer loop
vertex 200.99325082954283 -66.47223469806673 1.2
vertex 201.0989592359914 -66.60104076400853 0
vertex 200.99325082954283 -66.47223469806667 0
endloop
endfacet
facet normal 0.6343932841636912 0.7730104533626995 0
outer loop
vertex 201.0989592359914 -66.60104076400853 1.2
vertex 201.22776530193323 -66.70674917045716 1.2
vertex 201.22776530193337 -66.70674917045719 0
endloop
endfacet
facet normal 0.6343932841636912 0.7730104533626995 0
outer loop
vertex 201.0989592359914 -66.60104076400853 1.2
vertex 201.22776530193337 -66.70674917045719 0
vertex 201.0989592359914 -66.60104076400853 0
endloop
endfacet
facet normal 0.47139673682604766 0.8819212643483283 0
outer loop
vertex 201.22776530193323 -66.70674917045716 1.2
vertex 201.37471908248972 -66.78529760263457 1.2
vertex 201.37471908248952 -66.7852976026346 0
endloop
endfacet
facet normal 0.47139673682604766 0.8819212643483283 0
outer loop
vertex 201.22776530193323 -66.70674917045716 1.2
vertex 201.37471908248952 -66.7852976026346 0
vertex 201.22776530193337 -66.70674917045719 0
endloop
endfacet
facet normal 0.2902846772544221 0.9569403357322211 0
outer loop
vertex 201.37471908248972 -66.78529760263457 1.2
vertex 201.53417322628624 -66.83366748834274 1.2
vertex 201.53417322628627 -66.83366748834274 0
endloop
endfacet
facet normal 0.2902846772544221 0.9569403357322211 0
outer loop
vertex 201.37471908248972 -66.78529760263457 1.2
vertex 201.53417322628627 -66.83366748834274 0
vertex 201.37471908248952 -66.7852976026346 0
endloop
endfacet
facet normal 0.09801714032954578 0.9951847266721985 0
outer loop
vertex 201.53417322628624 -66.83366748834274 1.2
vertex 201.7 -66.85 1.2
vertex 201.7 -66.85 0
endloop
endfacet
facet normal 0.09801714032954578 0.9951847266721985 0
outer loop
vertex 201.53417322628624 -66.83366748834274 1.2
vertex 201.7 -66.85 0
vertex 201.53417322628627 -66.83366748834274 0
endloop
endfacet
facet normal -0.09801714032954581 0.9951847266721984 0
outer loop
vertex 201.7 -66.85 1.2
vertex 201.86582677371376 -66.83366748834274 1.2
vertex 201.86582677371382 -66.83366748834274 0
endloop
endfacet
facet normal -0.09801714032954581 0.9951847266721984 0
outer loop
vertex 201.7 -66.85 1.2
vertex 201.86582677371382 -66.83366748834274 0
vertex 201.7 -66.85 0
endloop
endfacet
facet normal -0.2902846772544199 0.9569403357322217 0
outer loop
vertex 201.86582677371376 -66.83366748834274 1.2
vertex 202.02528091751043 -66.78529760263457 1.2
vertex 202.02528091751026 -66.7852976026346 0
endloop
endfacet
facet normal -0.2902846772544199 0.9569403357322217 0
outer loop
vertex 201.86582677371376 -66.83366748834274 1.2
vertex 202.02528091751026 -66.7852976026346 0
vertex 201.86582677371382 -66.83366748834274 0
endloop
endfacet
facet normal -0.47139673682602534 0.8819212643483402 0
outer loop
vertex 202.02528091751043 -66.78529760263457 1.2
vertex 202.1722346980666 -66.70674917045716 1.2
vertex 202.1722346980666 -66.70674917045719 0
endloop
endfacet
facet normal -0.47139673682602534 0.8819212643483402 0
outer loop
vertex 202.02528091751043 -66.78529760263457 1.2
vertex 202.1722346980666 -66.70674917045719 0
vertex 202.02528091751026 -66.7852976026346 0
endloop
endfacet
facet normal -0.6343932841637067 0.7730104533626868 0
outer loop
vertex 202.1722346980666 -66.70674917045716 1.2
vertex 202.30104076400855 -66.60104076400853 1.2
vertex 202.30104076400855 -66.60104076400853 0
endloop
endfacet
facet normal -0.6343932841637067 0.7730104533626868 0
outer loop
vertex 202.1722346980666 -66.70674917045716 1.2
vertex 202.30104076400855 -66.60104076400853 0
vertex 202.1722346980666 -66.70674917045719 0
endloop
endfacet
facet normal -0.7730104533627374 0.6343932841636448 0
outer loop
vertex 202.30104076400855 -66.60104076400853 1.2
vertex 202.40674917045706 -66.47223469806673 1.2
vertex 202.40674917045718 -66.47223469806667 0
endloop
endfacet
facet normal -0.7730104533627374 0.6343932841636448 0
outer loop
vertex 202.30104076400855 -66.60104076400853 1.2
vertex 202.40674917045718 -66.47223469806667 0
vertex 202.30104076400855 -66.60104076400853 0
endloop
endfacet
facet normal -0.8819212643483584 0.4713967368259914 0
outer loop
vertex 202.40674917045706 -66.47223469806673 1.2
vertex 202.48529760263466 -66.3252809175102 1.2
vertex 202.48529760263457 -66.32528091751034 0
endloop
endfacet
facet normal -0.8819212643483584 0.4713967368259914 0
outer loop
vertex 202.40674917045706 -66.47223469806673 1.2
vertex 202.48529760263457 -66.32528091751034 0
vertex 202.40674917045718 -66.47223469806667 0
endloop
endfacet
facet normal -0.9569403357322049 0.29028467725447593 0
outer loop
vertex 202.48529760263466 -66.3252809175102 1.2
vertex 202.53366748834276 -66.16582677371368 1.2
vertex 202.53366748834276 -66.16582677371369 0
endloop
endfacet
facet normal -0.9569403357322049 0.29028467725447593 0
outer loop
vertex 202.48529760263466 -66.3252809175102 1.2
vertex 202.53366748834276 -66.16582677371369 0
vertex 202.48529760263457 -66.32528091751034 0
endloop
endfacet
facet normal -0.9951847266721956 0.09801714032957415 0
outer loop
vertex 222.13366748834278 -66.16582677371368 1.2
vertex 222.15 -66.0000000000002 1.2
vertex 222.15000000000003 -66.00000000000011 0
endloop
endfacet
facet normal -0.9951847266721956 0.09801714032957415 0
outer loop
vertex 222.13366748834278 -66.16582677371368 1.2
vertex 222.15000000000003 -66.00000000000011 0
vertex 222.13366748834278 -66.16582677371369 0
endloop
endfacet
facet normal -0.9951847266721985 -0.09801714032954566 0
outer loop
vertex 222.15 -66.0000000000002 1.2
vertex 222.13366748834272 -65.8341732262861 1.2
vertex 222.13366748834275 -65.83417322628623 0
endloop
endfacet
facet normal -0.9951847266721985 -0.09801714032954566 0
outer loop
vertex 222.15 -66.0000000000002 1.2
vertex 222.13366748834275 -65.83417322628623 0
vertex 222.15000000000003 -66.00000000000011 0
endloop
endfacet
facet normal -0.9569403357322048 -0.29028467725447593 0
outer loop
vertex 222.13366748834272 -65.8341732262861 1.2
vertex 222.08529760263465 -65.67471908248979 1.2
vertex 222.08529760263463 -65.67471908248972 0
endloop
endfacet
facet normal -0.9569403357322048 -0.29028467725447593 0
outer loop
vertex 222.13366748834272 -65.8341732262861 1.2
vertex 222.08529760263463 -65.67471908248972 0
vertex 222.13366748834275 -65.83417322628623 0
endloop
endfacet
facet normal -0.8819212643483402 -0.47139673682602534 0
outer loop
vertex 222.08529760263465 -65.67471908248979 1.2
vertex 222.0067491704571 -65.52776530193324 1.2
vertex 222.0067491704572 -65.52776530193336 0
endloop
endfacet
facet normal -0.8819212643483402 -0.47139673682602534 0
outer loop
vertex 222.08529760263465 -65.67471908248979 1.2
vertex 222.0067491704572 -65.52776530193336 0
vertex 222.08529760263463 -65.67471908248972 0
endloop
endfacet
facet normal -0.7730104533627319 -0.6343932841636518 0
outer loop
vertex 222.0067491704571 -65.52776530193324 1.2
vertex 221.90104076400868 -65.39895923599154 1.2
vertex 221.90104076400868 -65.39895923599155 0
endloop
endfacet
facet normal -0.7730104533627319 -0.6343932841636518 0
outer loop
vertex 222.0067491704571 -65.52776530193324 1.2
vertex 221.90104076400868 -65.39895923599155 0
vertex 222.0067491704572 -65.52776530193336 0
endloop
endfacet
facet normal -0.6343932841637102 -0.7730104533626839 0
outer loop
vertex 221.90104076400868 -65.39895923599154 1.2
vertex 221.77223469806665 -65.29325082954283 1.2
vertex 221.77223469806665 -65.29325082954283 0
endloop
endfacet
facet normal -0.6343932841637102 -0.7730104533626839 0
outer loop
vertex 221.90104076400868 -65.39895923599154 1.2
vertex 221.77223469806665 -65.29325082954283 0
vertex 221.90104076400868 -65.39895923599155 0
endloop
endfacet
facet normal -0.4713967368260154 -0.8819212643483455 0
outer loop
vertex 221.77223469806665 -65.29325082954283 1.2
vertex 221.62528091751028 -65.21470239736537 1.2
vertex 221.62528091751034 -65.21470239736541 0
endloop
endfacet
facet normal -0.4713967368260154 -0.8819212643483455 0
outer loop
vertex 221.77223469806665 -65.29325082954283 1.2
vertex 221.62528091751034 -65.21470239736541 0
vertex 221.77223469806665 -65.29325082954283 0
endloop
endfacet
facet normal -0.2902846772544221 -0.9569403357322211 0
outer loop
vertex 221.62528091751028 -65.21470239736537 1.2
vertex 221.46582677371381 -65.16633251165726 1.2
vertex 221.46582677371373 -65.16633251165726 0
endloop
endfacet
facet normal -0.2902846772544221 -0.9569403357322211 0
outer loop
vertex 221.62528091751028 -65.21470239736537 1.2
vertex 221.46582677371373 -65.16633251165726 0
vertex 221.62528091751034 -65.21470239736541 0
endloop
endfacet
facet normal -0.09801714032955997 -0.9951847266721969 0
outer loop
vertex 221.46582677371381 -65.16633251165726 1.2
vertex 221.30000000000007 -65.15 1.2
vertex 221.29999999999998 -65.15 0
endloop
endfacet
facet normal -0.09801714032955997 -0.9951847266721969 0
outer loop
vertex 221.46582677371381 -65.16633251165726 1.2
vertex 221.29999999999998 -65.15 0
vertex 221.46582677371373 -65.16633251165726 0
endloop
endfacet
facet normal 0.09801714032954582 -0.9951847266721984 0
outer loop
vertex 221.30000000000007 -65.15 1.2
vertex 221.1341732262862 -65.16633251165726 1.2
vertex 221.13417322628626 -65.16633251165726 0
endloop
endfacet
facet normal 0.09801714032954582 -0.9951847266721984 0
outer loop
vertex 221.30000000000007 -65.15 1.2
vertex 221.13417322628626 -65.16633251165726 0
vertex 221.29999999999998 -65.15 0
endloop
endfacet
facet normal 0.2902846772544199 -0.9569403357322217 0
outer loop
vertex 221.1341732262862 -65.16633251165726 1.2
vertex 220.97471908248974 -65.21470239736537 1.2
vertex 220.9747190824896 -65.21470239736541 0
endloop
endfacet
facet normal 0.2902846772544199 -0.9569403357322217 0
outer loop
vertex 221.1341732262862 -65.16633251165726 1.2
vertex 220.9747190824896 -65.21470239736541 0
vertex 221.13417322628626 -65.16633251165726 0
endloop
endfacet
facet normal 0.47139673682602534 -0.8819212643483402 0
outer loop
vertex 220.97471908248974 -65.21470239736537 1.2
vertex 220.8277653019332 -65.29325082954283 1.2
vertex 220.8277653019334 -65.29325082954283 0
endloop
endfacet
facet normal 0.47139673682602534 -0.8819212643483402 0
outer loop
vertex 220.97471908248974 -65.21470239736537 1.2
vertex 220.8277653019334 -65.29325082954283 0
vertex 220.9747190824896 -65.21470239736541 0
endloop
endfacet
facet normal 0.6343932841636827 -0.7730104533627065 0
outer loop
vertex 220.8277653019332 -65.29325082954283 1.2
vertex 220.69895923599154 -65.39895923599154 1.2
vertex 220.6989592359912 -65.39895923599155 0
endloop
endfacet
facet normal 0.6343932841636827 -0.7730104533627065 0
outer loop
vertex 220.8277653019332 -65.29325082954283 1.2
vertex 220.6989592359912 -65.39895923599155 0
vertex 220.8277653019334 -65.29325082954283 0
endloop
endfacet
facet normal 0.7730104533627319 -0.6343932841636518 0
outer loop
vertex 220.69895923599154 -65.39895923599154 1.2
vertex 220.59325082954282 -65.52776530193324 1.2
vertex 220.59325082954308 -65.52776530193336 0
endloop
endfacet
facet normal 0.7730104533627319 -0.6343932841636518 0
outer loop
vertex 220.69895923599154 -65.39895923599154 1.2
vertex 220.59325082954308 -65.52776530193336 0
vertex 220.6989592359912 -65.39895923599155 0
endloop
endfacet
facet normal 0.8819212643483584 -0.4713967368259914 0
outer loop
vertex 220.59325082954282 -65.52776530193324 1.2
vertex 220.51470239736543 -65.67471908248979 1.2
vertex 220.51470239736534 -65.67471908248972 0
endloop
endfacet
facet normal 0.8819212643483584 -0.4713967368259914 0
outer loop
vertex 220.59325082954282 -65.52776530193324 1.2
vertex 220.51470239736534 -65.67471908248972 0
vertex 220.59325082954308 -65.52776530193336 0
endloop
endfacet
facet normal 0.9569403357322042 -0.2902846772544779 0
outer loop
vertex 220.51470239736543 -65.67471908248979 1.2
vertex 220.46633251165727 -65.8341732262861 1.2
vertex 220.4663325116573 -65.83417322628623 0
endloop
endfacet
facet normal 0.9569403357322042 -0.2902846772544779 0
outer loop
vertex 220.51470239736543 -65.67471908248979 1.2
vertex 220.4663325116573 -65.83417322628623 0
vertex 220.51470239736534 -65.67471908248972 0
endloop
endfacet
facet normal 0.9951847266721956 -0.09801714032957415 0
outer loop
vertex 220.46633251165727 -65.8341732262861 1.2
vertex 220.45000000000002 -66.0000000000002 1.2
vertex 220.45000000000002 -66.00000000000011 0
endloop
endfacet
facet normal 0.9951847266721956 -0.09801714032957415 0
outer loop
vertex 220.46633251165727 -65.8341732262861 1.2
vertex 220.45000000000002 -66.00000000000011 0
vertex 220.4663325116573 -65.83417322628623 0
endloop
endfacet
facet normal 0.9951847266721956 0.09801714032957415 0
outer loop
vertex 220.45000000000002 -66.0000000000002 1.2
vertex 220.46633251165727 -66.16582677371368 1.2
vertex 220.46633251165727 -66.16582677371369 0
endloop
endfacet
facet normal 0.9951847266721956 0.09801714032957415 0
outer loop
vertex 220.45000000000002 -66.0000000000002 1.2
vertex 220.46633251165727 -66.16582677371369 0
vertex 220.45000000000002 -66.00000000000011 0
endloop
endfacet
facet normal 0.9569403357322048 0.29028467725447593 0
outer loop
vertex 220.46633251165727 -66.16582677371368 1.2
vertex 220.51470239736545 -66.3252809175102 1.2
vertex 220.51470239736543 -66.32528091751034 0
endloop
endfacet
facet normal 0.9569403357322048 0.29028467725447593 0
outer loop
vertex 220.46633251165727 -66.16582677371368 1.2
vertex 220.51470239736543 -66.32528091751034 0
vertex 220.46633251165727 -66.16582677371369 0
endloop
endfacet
facet normal 0.8819212643483553 0.47139673682599736 0
outer loop
vertex 220.51470239736545 -66.3252809175102 1.2
vertex 220.59325082954282 -66.47223469806673 1.2
vertex 220.59325082954294 -66.47223469806667 0
endloop
endfacet
facet normal 0.8819212643483553 0.47139673682599736 0
outer loop
vertex 220.51470239736545 -66.3252809175102 1.2
vertex 220.59325082954294 -66.47223469806667 0
vertex 220.51470239736543 -66.32528091751034 0
endloop
endfacet
facet normal 0.7730104533627572 0.6343932841636208 0
outer loop
vertex 220.59325082954282 -66.47223469806673 1.2
vertex 220.6989592359914 -66.60104076400853 1.2
vertex 220.6989592359913 -66.60104076400853 0
endloop
endfacet
facet normal 0.7730104533627572 0.6343932841636208 0
outer loop
vertex 220.59325082954282 -66.47223469806673 1.2
vertex 220.6989592359913 -66.60104076400853 0
vertex 220.59325082954294 -66.47223469806667 0
endloop
endfacet
facet normal 0.6343932841636912 0.7730104533626995 0
outer loop
vertex 220.6989592359914 -66.60104076400853 1.2
vertex 220.82776530193343 -66.70674917045716 1.2
vertex 220.82776530193343 -66.70674917045719 0
endloop
endfacet
facet normal 0.6343932841636912 0.7730104533626995 0
outer loop
vertex 220.6989592359914 -66.60104076400853 1.2
vertex 220.82776530193343 -66.70674917045719 0
vertex 220.6989592359913 -66.60104076400853 0
endloop
endfacet
facet normal 0.4713967368260239 0.881921264348341 0
outer loop
vertex 220.82776530193343 -66.70674917045716 1.2
vertex 220.9747190824896 -66.78529760263457 1.2
vertex 220.9747190824896 -66.7852976026346 0
endloop
endfacet
facet normal 0.4713967368260239 0.881921264348341 0
outer loop
vertex 220.82776530193343 -66.70674917045716 1.2
vertex 220.9747190824896 -66.7852976026346 0
vertex 220.82776530193343 -66.70674917045719 0
endloop
endfacet
facet normal 0.2902846772544219 0.9569403357322211 0
outer loop
vertex 220.9747190824896 -66.78529760263457 1.2
vertex 221.1341732262863 -66.83366748834274 1.2
vertex 221.1341732262862 -66.83366748834274 0
endloop
endfacet
facet normal 0.2902846772544219 0.9569403357322211 0
outer loop
vertex 220.9747190824896 -66.78529760263457 1.2
vertex 221.1341732262862 -66.83366748834274 0
vertex 220.9747190824896 -66.7852976026346 0
endloop
endfacet
facet normal 0.09801714032955997 0.9951847266721969 0
outer loop
vertex 221.1341732262863 -66.83366748834274 1.2
vertex 221.30000000000004 -66.85 1.2
vertex 221.30000000000004 -66.85 0
endloop
endfacet
facet normal 0.09801714032955997 0.9951847266721969 0
outer loop
vertex 221.1341732262863 -66.83366748834274 1.2
vertex 221.30000000000004 -66.85 0
vertex 221.1341732262862 -66.83366748834274 0
endloop
endfacet
facet normal -0.09801714032954582 0.9951847266721984 0
outer loop
vertex 221.30000000000004 -66.85 1.2
vertex 221.46582677371381 -66.83366748834274 1.2
vertex 221.46582677371376 -66.83366748834274 0
endloop
endfacet
facet normal -0.09801714032954582 0.9951847266721984 0
outer loop
vertex 221.30000000000004 -66.85 1.2
vertex 221.46582677371376 -66.83366748834274 0
vertex 221.30000000000004 -66.85 0
endloop
endfacet
facet normal -0.2902846772544199 0.9569403357322217 0
outer loop
vertex 221.46582677371381 -66.83366748834274 1.2
vertex 221.6252809175104 -66.78529760263457 1.2
vertex 221.62528091751022 -66.7852976026346 0
endloop
endfacet
facet normal -0.2902846772544199 0.9569403357322217 0
outer loop
vertex 221.46582677371381 -66.83366748834274 1.2
vertex 221.62528091751022 -66.7852976026346 0
vertex 221.46582677371376 -66.83366748834274 0
endloop
endfacet
facet normal -0.47139673682602534 0.8819212643483402 0
outer loop
vertex 221.6252809175104 -66.78529760263457 1.2
vertex 221.77223469806668 -66.70674917045716 1.2
vertex 221.77223469806668 -66.70674917045719 0
endloop
endfacet
facet normal -0.47139673682602534 0.8819212643483402 0
outer loop
vertex 221.6252809175104 -66.78529760263457 1.2
vertex 221.77223469806668 -66.70674917045719 0
vertex 221.62528091751022 -66.7852976026346 0
endloop
endfacet
facet normal -0.6343932841637067 0.7730104533626868 0
outer loop
vertex 221.77223469806668 -66.70674917045716 1.2
vertex 221.90104076400857 -66.60104076400853 1.2
vertex 221.90104076400866 -66.60104076400853 0
endloop
endfacet
facet normal -0.6343932841637067 0.7730104533626868 0
outer loop
vertex 221.77223469806668 -66.70674917045716 1.2
vertex 221.90104076400866 -66.60104076400853 0
vertex 221.77223469806668 -66.70674917045719 0
endloop
endfacet
facet normal -0.7730104533627319 0.6343932841636518 0
outer loop
vertex 221.90104076400857 -66.60104076400853 1.2
vertex 222.0067491704571 -66.47223469806673 1.2
vertex 222.00674917045717 -66.47223469806667 0
endloop
endfacet
facet normal -0.7730104533627319 0.6343932841636518 0
outer loop
vertex 221.90104076400857 -66.60104076400853 1.2
vertex 222.00674917045717 -66.47223469806667 0
vertex 221.90104076400866 -66.60104076400853 0
endloop
endfacet
facet normal -0.8819212643483402 0.47139673682602534 0
outer loop
vertex 222.0067491704571 -66.47223469806673 1.2
vertex 222.08529760263468 -66.3252809175102 1.2
vertex 222.08529760263463 -66.32528091751034 0
endloop
endfacet
facet normal -0.8819212643483402 0.47139673682602534 0
outer loop
vertex 222.0067491704571 -66.47223469806673 1.2
vertex 222.08529760263463 -66.32528091751034 0
vertex 222.00674917045717 -66.47223469806667 0
endloop
endfacet
facet normal -0.9569403357322042 0.2902846772544779 0
outer loop
vertex 222.08529760263468 -66.3252809175102 1.2
vertex 222.13366748834278 -66.16582677371368 1.2
vertex 222.13366748834278 -66.16582677371369 0
endloop
endfacet
facet normal -0.9569403357322042 0.2902846772544779 0
outer loop
vertex 222.08529760263468 -66.3252809175102 1.2
vertex 222.13366748834278 -66.16582677371369 0
vertex 222.08529760263463 -66.32528091751034 0
endloop
endfacet
endsolid csg.js
