solid csg.js
facet normal 0 0 -1
outer loop
vertex 145.52499999999984 -89.475 0
vertex 146.04594453300095 -89.52057674096339 0
vertex 146.55106042997699 -89.65592213764225 0
endloop
endfacet
facet normal 0 0 -1
outer loop
vertex 145.52499999999984 -89.475 0
vertex 146.55106042997699 -89.65592213764225 0
vertex 147.02499999999995 -89.87692378864665 0
endloop
endfacet
facet normal 0 0 -1
outer loop
vertex 145.52499999999984 -89.475 0
vertex 147.02499999999995 -89.87692378864665 0
vertex 147.45336282905956 -90.17686667064304 0
endloop
endfacet
facet normal 0 0 -1
outer loop
vertex 145.52499999999984 -89.475 0
vertex 147.45336282905956 -90.17686667064304 0
vertex 147.82313332935695 -90.54663717094039 0
endloop
endfacet
facet normal 0 0 -1
outer loop
vertex 145.52499999999984 -89.475 0
vertex 147.82313332935695 -90.54663717094039 0
vertex 148.12307621135338 -90.97500000000011 0
endloop
endfacet
facet normal 0 0 -1
outer loop
vertex 145.52499999999984 -89.475 0
vertex 148.12307621135338 -90.97500000000011 0
vertex 148.3440778623577 -91.44893957002289 0
endloop
endfacet
facet normal 0 0 -1
outer loop
vertex 145.52499999999984 -89.475 0
vertex 148.3440778623577 -91.44893957002289 0
vertex 148.47942325903665 -91.95405546699935 0
endloop
endfacet
facet normal 0 0 -1
outer loop
vertex 145.52499999999984 -89.475 0
vertex 148.47942325903665 -91.95405546699935 0
vertex 148.525 -92.4749999999999 0
endloop
endfacet
facet normal 0 0 -1
outer loop
vertex 145.52499999999984 -89.475 0
vertex 148.525 -92.4749999999999 0
vertex 148.525 -95.05 0
endloop
endfacet
facet normal 0 0 -1
outer loop
vertex 145.52499999999984 -89.475 0
vertex 148.525 -95.05 0
vertex 142.95 -95.05 0
endloop
endfacet
facet normal 0 0 -1
outer loop
vertex 145.52499999999984 -89.475 0
vertex 142.95 -95.05 0
vertex 129.05 -95.05 0
endloop
endfacet
facet normal 0 0 -1
outer loop
vertex 145.52499999999984 -89.475 0
vertex 129.05 -95.05 0
vertex 123.475 -95.05 0
endloop
endfacet
facet normal 0 0 -1
outer loop
vertex 145.52499999999984 -89.475 0
vertex 123.475 -95.05 0
vertex 123.475 -92.4749999999999 0
endloop
endfacet
facet normal 0 0 -1
outer loop
vertex 145.52499999999984 -89.475 0
vertex 123.475 -92.4749999999999 0
vertex 123.52057674096336 -91.95405546699935 0
endloop
endfacet
facet normal 0 0 -1
outer loop
vertex 145.52499999999984 -89.475 0
vertex 123.52057674096336 -91.95405546699935 0
vertex 123.65592213764235 -91.44893957002289 0
endloop
endfacet
facet normal 0 0 -1
outer loop
vertex 145.52499999999984 -89.475 0
vertex 123.65592213764235 -91.44893957002289 0
vertex 123.87692378864664 -90.97500000000011 0
endloop
endfacet
facet normal 0 0 -1
outer loop
vertex 145.52499999999984 -89.475 0
vertex 123.87692378864664 -90.97500000000011 0
vertex 124.17686667064307 -90.54663717094039 0
endloop
endfacet
facet normal 0 0 -1
outer loop
vertex 145.52499999999984 -89.475 0
vertex 124.17686667064307 -90.54663717094039 0
vertex 124.54663717094043 -90.17686667064304 0
endloop
endfacet
facet normal 0 0 -1
outer loop
vertex 145.52499999999984 -89.475 0
vertex 124.54663717094043 -90.17686667064304 0
vertex 124.97499999999997 -89.87692378864665 0
endloop
endfacet
facet normal 0 0 -1
outer loop
vertex 145.52499999999984 -89.475 0
vertex 124.97499999999997 -89.87692378864665 0
vertex 125.44893957002289 -89.65592213764225 0
endloop
endfacet
facet normal 0 0 -1
outer loop
vertex 145.52499999999984 -89.475 0
vertex 125.44893957002289 -89.65592213764225 0
vertex 125.95405546699928 -89.52057674096339 0
endloop
endfacet
facet normal 0 0 -1
outer loop
vertex 145.52499999999984 -89.475 0
vertex 125.95405546699928 -89.52057674096339 0
vertex 126.47499999999994 -89.475 0
endloop
endfacet
facet normal 0 0 -1
outer loop
vertex 129.05 -95.05 0
vertex 129.05 -96.475 0
vertex 123.475 -96.475 0
endloop
endfacet
facet normal 0 0 -1
outer loop
vertex 129.05 -95.05 0
vertex 123.475 -96.475 0
vertex 123.475 -95.05 0
endloop
endfacet
facet normal 0 0 -1
outer loop
vertex 148.525 -95.05 0
vertex 148.525 -96.475 0
vertex 142.95 -96.475 0
endloop
endfacet
facet normal 0 0 -1
outer loop
vertex 148.525 -95.05 0
vertex 142.95 -96.475 0
vertex 142.95 -95.05 0
endloop
endfacet
facet normal 0 0 -1
outer loop
vertex 123.475 -96.475 0
vertex 129.05 -96.475 0
vertex 129.05 -102.05 0
endloop
endfacet
facet normal 0 0 -1
outer loop
vertex 123.475 -96.475 0
vertex 129.05 -102.05 0
vertex 124.95 -102.05 0
endloop
endfacet
facet normal 0 0 -1
outer loop
vertex 123.475 -96.475 0
vertex 124.95 -102.05 0
vertex 111.05 -102.05 0
endloop
endfacet
facet normal 0 0 -1
outer loop
vertex 123.475 -96.475 0
vertex 111.05 -102.05 0
vertex 105.475 -102.05 0
endloop
endfacet
facet normal 0 0 -1
outer loop
vertex 123.475 -96.475 0
vertex 105.475 -102.05 0
vertex 105.475 -99.47500000000026 0
endloop
endfacet
facet normal 0 0 -1
outer loop
vertex 123.475 -96.475 0
vertex 105.475 -99.47500000000026 0
vertex 105.52057674096339 -98.95405546699915 0
endloop
endfacet
facet normal 0 0 -1
outer loop
vertex 123.475 -96.475 0
vertex 105.52057674096339 -98.95405546699915 0
vertex 105.65592213764229 -98.44893957002292 0
endloop
endfacet
facet normal 0 0 -1
outer loop
vertex 123.475 -96.475 0
vertex 105.65592213764229 -98.44893957002292 0
vertex 105.87692378864668 -97.97499999999998 0
endloop
endfacet
facet normal 0 0 -1
outer loop
vertex 123.475 -96.475 0
vertex 105.87692378864668 -97.97499999999998 0
vertex 106.17686667064301 -97.54663717094043 0
endloop
endfacet
facet normal 0 0 -1
outer loop
vertex 123.475 -96.475 0
vertex 106.17686667064301 -97.54663717094043 0
vertex 106.54663717094037 -97.17686667064307 0
endloop
endfacet
facet normal 0 0 -1
outer loop
vertex 123.475 -96.475 0
vertex 106.54663717094037 -97.17686667064307 0
vertex 106.97500000000004 -96.87692378864665 0
endloop
endfacet
facet normal 0 0 -1
outer loop
vertex 123.475 -96.475 0
vertex 106.97500000000004 -96.87692378864665 0
vertex 107.44893957002296 -96.65592213764226 0
endloop
endfacet
facet normal 0 0 -1
outer loop
vertex 123.475 -96.475 0
vertex 107.44893957002296 -96.65592213764226 0
vertex 107.9540554669992 -96.52057674096336 0
endloop
endfacet
facet normal 0 0 -1
outer loop
vertex 123.475 -96.475 0
vertex 107.9540554669992 -96.52057674096336 0
vertex 108.47500000000001 -96.475 0
endloop
endfacet
facet normal 0 0 -1
outer loop
vertex 148.525 -96.475 0
vertex 186.75 -96.475 0
vertex 186.75 -102.05 0
endloop
endfacet
facet normal 0 0 -1
outer loop
vertex 148.525 -96.475 0
vertex 186.75 -102.05 0
vertex 178.95 -102.05 0
endloop
endfacet
facet normal 0 0 -1
outer loop
vertex 148.525 -96.475 0
vertex 178.95 -102.05 0
vertex 165.05 -102.05 0
endloop
endfacet
facet normal 0 0 -1
outer loop
vertex 148.525 -96.475 0
vertex 165.05 -102.05 0
vertex 160.95 -102.05 0
endloop
endfacet
facet normal 0 0 -1
outer loop
vertex 148.525 -96.475 0
vertex 160.95 -102.05 0
vertex 147.05 -102.05 0
endloop
endfacet
facet normal 0 0 -1
outer loop
vertex 148.525 -96.475 0
vertex 147.05 -102.05 0
vertex 142.95 -102.05 0
endloop
endfacet
facet normal 0 0 -1
outer loop
vertex 148.525 -96.475 0
vertex 142.95 -102.05 0
vertex 142.95 -96.475 0
endloop
endfacet
facet normal 0 0 -1
outer loop
vertex 111.05 -102.05 0
vertex 111.05 -103.475 0
vertex 105.475 -103.475 0
endloop
endfacet
facet normal 0 0 -1
outer loop
vertex 111.05 -102.05 0
vertex 105.475 -103.475 0
vertex 105.475 -102.05 0
endloop
endfacet
facet normal 0 0 -1
outer loop
vertex 129.05 -102.05 0
vertex 129.05 -108.95 0
vertex 124.95 -108.95 0
endloop
endfacet
facet normal 0 0 -1
outer loop
vertex 129.05 -102.05 0
vertex 124.95 -108.95 0
vertex 124.95 -102.05 0
endloop
endfacet
facet normal 0 0 -1
outer loop
vertex 147.05 -102.05 0
vertex 147.05 -108.95 0
vertex 142.95 -108.95 0
endloop
endfacet
facet normal 0 0 -1
outer loop
vertex 147.05 -102.05 0
vertex 142.95 -108.95 0
vertex 142.95 -102.05 0
endloop
endfacet
facet normal 0 0 -1
outer loop
vertex 105.475 -103.475 0
vertex 111.05 -103.475 0
vertex 111.05 -109.05 0
endloop
endfacet
facet normal 0 0 -1
outer loop
vertex 105.475 -103.475 0
vertex 111.05 -109.05 0
vertex 106.95 -109.05 0
endloop
endfacet
facet normal 0 0 -1
outer loop
vertex 105.475 -103.475 0
vertex 106.95 -109.05 0
vertex 93.05 -109.05 0
endloop
endfacet
facet normal 0 0 -1
outer loop
vertex 105.475 -103.475 0
vertex 93.05 -109.05 0
vertex 87.47500004314134 -109.05 0
endloop
endfacet
facet normal 0 0 -1
outer loop
vertex 105.475 -103.475 0
vertex 87.47500004314134 -109.05 0
vertex 87.475 -106.47500000000005 0
endloop
endfacet
facet normal 0 0 -1
outer loop
vertex 105.475 -103.475 0
vertex 87.475 -106.47500000000005 0
vertex 87.52057674096336 -105.95405546699922 0
endloop
endfacet
facet normal 0 0 -1
outer loop
vertex 105.475 -103.475 0
vertex 87.52057674096336 -105.95405546699922 0
vertex 87.6559221376423 -105.44893957002292 0
endloop
endfacet
facet normal 0 0 -1
outer loop
vertex 105.475 -103.475 0
vertex 87.6559221376423 -105.44893957002292 0
vertex 87.87692378864669 -104.97499999999997 0
endloop
endfacet
facet normal 0 0 -1
outer loop
vertex 105.475 -103.475 0
vertex 87.87692378864669 -104.97499999999997 0
vertex 88.17686667064312 -104.54663717094029 0
endloop
endfacet
facet normal 0 0 -1
outer loop
vertex 105.475 -103.475 0
vertex 88.17686667064312 -104.54663717094029 0
vertex 88.54663717094026 -104.17686667064315 0
endloop
endfacet
facet normal 0 0 -1
outer loop
vertex 105.475 -103.475 0
vertex 88.54663717094026 -104.17686667064315 0
vertex 88.97499999999992 -103.87692378864674 0
endloop
endfacet
facet normal 0 0 -1
outer loop
vertex 105.475 -103.475 0
vertex 88.97499999999992 -103.87692378864674 0
vertex 89.44893957002313 -103.65592213764222 0
endloop
endfacet
facet normal 0 0 -1
outer loop
vertex 105.475 -103.475 0
vertex 89.44893957002313 -103.65592213764222 0
vertex 89.9540554669992 -103.52057674096336 0
endloop
endfacet
facet normal 0 0 -1
outer loop
vertex 105.475 -103.475 0
vertex 89.9540554669992 -103.52057674096336 0
vertex 90.47499999999994 -103.475 0
endloop
endfacet
facet normal 0 0 -1
outer loop
vertex 129.05 -108.95 0
vertex 142.95 -108.95 0
vertex 147.05 -108.95 0
endloop
endfacet
facet normal 0 0 -1
outer loop
vertex 129.05 -108.95 0
vertex 147.05 -108.95 0
vertex 147.05 -112.05 0
endloop
endfacet
facet normal 0 0 -1
outer loop
vertex 129.05 -108.95 0
vertex 147.05 -112.05 0
vertex 142.95 -112.05 0
endloop
endfacet
facet normal 0 0 -1
outer loop
vertex 129.05 -108.95 0
vertex 142.95 -112.05 0
vertex 129.05 -112.05 0
endloop
endfacet
facet normal 0 0 -1
outer loop
vertex 129.05 -108.95 0
vertex 129.05 -112.05 0
vertex 124.95 -112.05 0
endloop
endfacet
facet normal 0 0 -1
outer loop
vertex 129.05 -108.95 0
vertex 124.95 -112.05 0
vertex 124.95 -108.95 0
endloop
endfacet
facet normal 0 0 -1
outer loop
vertex 111.05 -109.05 0
vertex 111.05 -115.95 0
vertex 106.95 -115.95 0
endloop
endfacet
facet normal 0 0 -1
outer loop
vertex 111.05 -109.05 0
vertex 106.95 -115.95 0
vertex 106.95 -109.05 0
endloop
endfacet
facet normal 0 0 -1
outer loop
vertex 129.05 -112.05 0
vertex 129.05 -115.95 0
vertex 124.95 -115.95 0
endloop
endfacet
facet normal 0 0 -1
outer loop
vertex 129.05 -112.05 0
vertex 124.95 -115.95 0
vertex 124.95 -112.05 0
endloop
endfacet
facet normal 0 0 -1
outer loop
vertex 147.05 -112.05 0
vertex 147.05 -115.95 0
vertex 142.95 -115.95 0
endloop
endfacet
facet normal 0 0 -1
outer loop
vertex 147.05 -112.05 0
vertex 142.95 -115.95 0
vertex 142.95 -112.05 0
endloop
endfacet
facet normal 0 0 -1
outer loop
vertex 165.05 -102.05 0
vertex 165.05 -115.95 0
vertex 160.95 -115.95 0
endloop
endfacet
facet normal 0 0 -1
outer loop
vertex 165.05 -102.05 0
vertex 160.95 -115.95 0
vertex 160.95 -102.05 0
endloop
endfacet
facet normal 0 0 -1
outer loop
vertex 186.75 -102.05 0
vertex 186.75 -115.95 0
vertex 178.95 -115.95 0
endloop
endfacet
facet normal 0 0 -1
outer loop
vertex 186.75 -102.05 0
vertex 178.95 -115.95 0
vertex 178.95 -102.05 0
endloop
endfacet
facet normal 0 0 -1
outer loop
vertex 111.05 -115.95 0
vertex 124.95 -115.95 0
vertex 129.05 -115.95 0
endloop
endfacet
facet normal 0 0 -1
outer loop
vertex 111.05 -115.95 0
vertex 129.05 -115.95 0
vertex 129.05 -116.65 0
endloop
endfacet
facet normal 0 0 -1
outer loop
vertex 111.05 -115.95 0
vertex 129.05 -116.65 0
vertex 109.00000000000013 -116.65 0
endloop
endfacet
facet normal 0 0 -1
outer loop
vertex 111.05 -115.95 0
vertex 109.00000000000013 -116.65 0
vertex 106.95 -116.65 0
endloop
endfacet
facet normal 0 0 -1
outer loop
vertex 111.05 -115.95 0
vertex 106.95 -116.65 0
vertex 106.95 -115.95 0
endloop
endfacet
facet normal 0 0 -1
outer loop
vertex 147.05 -115.95 0
vertex 160.95 -115.95 0
vertex 165.05 -115.95 0
endloop
endfacet
facet normal 0 0 -1
outer loop
vertex 147.05 -115.95 0
vertex 165.05 -115.95 0
vertex 178.95 -115.95 0
endloop
endfacet
facet normal 0 0 -1
outer loop
vertex 147.05 -115.95 0
vertex 178.95 -115.95 0
vertex 186.75 -115.95 0
endloop
endfacet
facet normal 0 0 -1
outer loop
vertex 147.05 -115.95 0
vertex 186.75 -115.95 0
vertex 186.75 -116.65 0
endloop
endfacet
facet normal 0 0 -1
outer loop
vertex 147.05 -115.95 0
vertex 186.75 -116.65 0
vertex 180.99999999999997 -116.65 0
endloop
endfacet
facet normal 0 0 -1
outer loop
vertex 147.05 -115.95 0
vertex 180.99999999999997 -116.65 0
vertex 142.95 -116.65 0
endloop
endfacet
facet normal 0 0 -1
outer loop
vertex 147.05 -115.95 0
vertex 142.95 -116.65 0
vertex 142.95 -115.95 0
endloop
endfacet
facet normal 0 0 -1
outer loop
vertex 109.00000000000013 -116.65 0
vertex 108.83417322628671 -116.66633251165723 0
vertex 106.95 -116.66633251165723 0
endloop
endfacet
facet normal 0 0 -1
outer loop
vertex 109.00000000000013 -116.65 0
vertex 106.95 -116.66633251165723 0
vertex 106.95 -116.65 0
endloop
endfacet
facet normal 0 0 -1
outer loop
vertex 129.05 -116.65 0
vertex 129.05 -116.66633251165723 0
vertex 109.16582677371358 -116.66633251165723 0
endloop
endfacet
facet normal 0 0 -1
outer loop
vertex 129.05 -116.65 0
vertex 109.16582677371358 -116.66633251165723 0
vertex 109.00000000000013 -116.65 0
endloop
endfacet
facet normal 0 0 -1
outer loop
vertex 180.99999999999997 -116.65 0
vertex 180.83417322628654 -116.66633251165723 0
vertex 142.95 -116.66633251165723 0
endloop
endfacet
facet normal 0 0 -1
outer loop
vertex 180.99999999999997 -116.65 0
vertex 142.95 -116.66633251165723 0
vertex 142.95 -116.65 0
endloop
endfacet
facet normal 0 0 -1
outer loop
vertex 186.75 -116.65 0
vertex 186.75 -116.66633251165723 0
vertex 181.16582677371386 -116.66633251165723 0
endloop
endfacet
facet normal 0 0 -1
outer loop
vertex 186.75 -116.65 0
vertex 181.16582677371386 -116.66633251165723 0
vertex 180.99999999999997 -116.65 0
endloop
endfacet
facet normal 0 0 -1
outer loop
vertex 108.83417322628671 -116.66633251165723 0
vertex 108.67471908248949 -116.7147023973654 0
vertex 106.95 -116.7147023973654 0
endloop
endfacet
facet normal 0 0 -1
outer loop
vertex 108.83417322628671 -116.66633251165723 0
vertex 106.95 -116.7147023973654 0
vertex 106.95 -116.66633251165723 0
endloop
endfacet
facet normal 0 0 -1
outer loop
vertex 129.05 -116.66633251165723 0
vertex 129.05 -116.7147023973654 0
vertex 109.32528091751028 -116.7147023973654 0
endloop
endfacet
facet normal 0 0 -1
outer loop
vertex 129.05 -116.66633251165723 0
vertex 109.32528091751028 -116.7147023973654 0
vertex 109.16582677371358 -116.66633251165723 0
endloop
endfacet
facet normal 0 0 -1
outer loop
vertex 180.83417322628654 -116.66633251165723 0
vertex 180.6747190824895 -116.7147023973654 0
vertex 142.95 -116.7147023973654 0
endloop
endfacet
facet normal 0 0 -1
outer loop
vertex 180.83417322628654 -116.66633251165723 0
vertex 142.95 -116.7147023973654 0
vertex 142.95 -116.66633251165723 0
endloop
endfacet
facet normal 0 0 -1
outer loop
vertex 186.75 -116.66633251165723 0
vertex 186.75 -116.7147023973654 0
vertex 181.32528091751033 -116.7147023973654 0
endloop
endfacet
facet normal 0 0 -1
outer loop
vertex 186.75 -116.66633251165723 0
vertex 181.32528091751033 -116.7147023973654 0
vertex 181.16582677371386 -116.66633251165723 0
endloop
endfacet
facet normal 0 0 -1
outer loop
vertex 108.67471908248949 -116.7147023973654 0
vertex 108.5277653019333 -116.79325082954286 0
vertex 106.95 -116.79325082954286 0
endloop
endfacet
facet normal 0 0 -1
outer loop
vertex 108.67471908248949 -116.7147023973654 0
vertex 106.95 -116.79325082954286 0
vertex 106.95 -116.7147023973654 0
endloop
endfacet
facet normal 0 0 -1
outer loop
vertex 129.05 -116.7147023973654 0
vertex 129.05 -116.79325082954286 0
vertex 109.47223469806666 -116.79325082954286 0
endloop
endfacet
facet normal 0 0 -1
outer loop
vertex 129.05 -116.7147023973654 0
vertex 109.47223469806666 -116.79325082954286 0
vertex 109.32528091751028 -116.7147023973654 0
endloop
endfacet
facet normal 0 0 -1
outer loop
vertex 180.6747190824895 -116.7147023973654 0
vertex 180.52776530193339 -116.79325082954286 0
vertex 142.95 -116.79325082954286 0
endloop
endfacet
facet normal 0 0 -1
outer loop
vertex 180.6747190824895 -116.7147023973654 0
vertex 142.95 -116.79325082954286 0
vertex 142.95 -116.7147023973654 0
endloop
endfacet
facet normal 0 0 -1
outer loop
vertex 186.75 -116.7147023973654 0
vertex 186.75 -116.79325082954286 0
vertex 181.47223469806673 -116.79325082954286 0
endloop
endfacet
facet normal 0 0 -1
outer loop
vertex 186.75 -116.7147023973654 0
vertex 181.47223469806673 -116.79325082954286 0
vertex 181.32528091751033 -116.7147023973654 0
endloop
endfacet
facet normal 0 0 -1
outer loop
vertex 108.5277653019333 -116.79325082954286 0
vertex 108.3989592359916 -116.89895923599146 0
vertex 106.95 -116.89895923599146 0
endloop
endfacet
facet normal 0 0 -1
outer loop
vertex 108.5277653019333 -116.79325082954286 0
vertex 106.95 -116.89895923599146 0
vertex 106.95 -116.79325082954286 0
endloop
endfacet
facet normal 0 0 -1
outer loop
vertex 129.05 -116.79325082954286 0
vertex 129.05 -116.89895923599146 0
vertex 109.60104076400857 -116.89895923599146 0
endloop
endfacet
facet normal 0 0 -1
outer loop
vertex 129.05 -116.79325082954286 0
vertex 109.60104076400857 -116.89895923599146 0
vertex 109.47223469806666 -116.79325082954286 0
endloop
endfacet
facet normal 0 0 -1
outer loop
vertex 180.52776530193339 -116.79325082954286 0
vertex 180.39895923599127 -116.89895923599146 0
vertex 142.95 -116.89895923599146 0
endloop
endfacet
facet normal 0 0 -1
outer loop
vertex 180.52776530193339 -116.79325082954286 0
vertex 142.95 -116.89895923599146 0
vertex 142.95 -116.79325082954286 0
endloop
endfacet
facet normal 0 0 -1
outer loop
vertex 186.75 -116.79325082954286 0
vertex 186.75 -116.89895923599146 0
vertex 181.60104076400856 -116.89895923599146 0
endloop
endfacet
facet normal 0 0 -1
outer loop
vertex 186.75 -116.79325082954286 0
vertex 181.60104076400856 -116.89895923599146 0
vertex 181.47223469806673 -116.79325082954286 0
endloop
endfacet
facet normal 0 0 -1
outer loop
vertex 108.3989592359916 -116.89895923599146 0
vertex 108.29325082954273 -117.0277653019334 0
vertex 106.95 -117.0277653019334 0
endloop
endfacet
facet normal 0 0 -1
outer loop
vertex 108.3989592359916 -116.89895923599146 0
vertex 106.95 -117.0277653019334 0
vertex 106.95 -116.89895923599146 0
endloop
endfacet
facet normal 0 0 -1
outer loop
vertex 129.05 -116.89895923599146 0
vertex 129.05 -117.0277653019334 0
vertex 109.7067491704572 -117.0277653019334 0
endloop
endfacet
facet normal 0 0 -1
outer loop
vertex 129.05 -116.89895923599146 0
vertex 109.7067491704572 -117.0277653019334 0
vertex 109.60104076400857 -116.89895923599146 0
endloop
endfacet
facet normal 0 0 -1
outer loop
vertex 180.39895923599127 -116.89895923599146 0
vertex 180.2932508295429 -117.0277653019334 0
vertex 142.95 -117.0277653019334 0
endloop
endfacet
facet normal 0 0 -1
outer loop
vertex 180.39895923599127 -116.89895923599146 0
vertex 142.95 -117.0277653019334 0
vertex 142.95 -116.89895923599146 0
endloop
endfacet
facet normal 0 0 -1
outer loop
vertex 186.75 -116.89895923599146 0
vertex 186.75 -117.0277653019334 0
vertex 181.70674917045716 -117.0277653019334 0
endloop
endfacet
facet normal 0 0 -1
outer loop
vertex 186.75 -116.89895923599146 0
vertex 181.70674917045716 -117.0277653019334 0
vertex 181.60104076400856 -116.89895923599146 0
endloop
endfacet
facet normal 0 0 -1
outer loop
vertex 108.29325082954273 -117.0277653019334 0
vertex 108.21470239736551 -117.1747190824896 0
vertex 106.95 -117.1747190824896 0
endloop
endfacet
facet normal 0 0 -1
outer loop
vertex 108.29325082954273 -117.0277653019334 0
vertex 106.95 -117.1747190824896 0
vertex 106.95 -117.0277653019334 0
endloop
endfacet
facet normal 0 0 -1
outer loop
vertex 129.05 -117.0277653019334 0
vertex 129.05 -117.1747190824896 0
vertex 109.78529760263457 -117.1747190824896 0
endloop
endfacet
facet normal 0 0 -1
outer loop
vertex 129.05 -117.0277653019334 0
vertex 109.78529760263457 -117.1747190824896 0
vertex 109.7067491704572 -117.0277653019334 0
endloop
endfacet
facet normal 0 0 -1
outer loop
vertex 180.2932508295429 -117.0277653019334 0
vertex 180.21470239736544 -117.1747190824896 0
vertex 142.95 -117.1747190824896 0
endloop
endfacet
facet normal 0 0 -1
outer loop
vertex 180.2932508295429 -117.0277653019334 0
vertex 142.95 -117.1747190824896 0
vertex 142.95 -117.0277653019334 0
endloop
endfacet
facet normal 0 0 -1
outer loop
vertex 186.75 -117.0277653019334 0
vertex 186.75 -117.1747190824896 0
vertex 181.78529760263464 -117.1747190824896 0
endloop
endfacet
facet normal 0 0 -1
outer loop
vertex 186.75 -117.0277653019334 0
vertex 181.78529760263464 -117.1747190824896 0
vertex 181.70674917045716 -117.0277653019334 0
endloop
endfacet
facet normal 0 0 -1
outer loop
vertex 108.21470239736551 -117.1747190824896 0
vertex 108.16633251165719 -117.33417322628631 0
vertex 106.95 -117.33417322628631 0
endloop
endfacet
facet normal 0 0 -1
outer loop
vertex 108.21470239736551 -117.1747190824896 0
vertex 106.95 -117.33417322628631 0
vertex 106.95 -117.1747190824896 0
endloop
endfacet
facet normal 0 0 -1
outer loop
vertex 129.05 -117.1747190824896 0
vertex 129.05 -117.33417322628631 0
vertex 109.83366748834274 -117.33417322628631 0
endloop
endfacet
facet normal 0 0 -1
outer loop
vertex 129.05 -117.1747190824896 0
vertex 109.83366748834274 -117.33417322628631 0
vertex 109.78529760263457 -117.1747190824896 0
endloop
endfacet
facet normal 0 0 -1
outer loop
vertex 180.21470239736544 -117.1747190824896 0
vertex 180.16633251165717 -117.33417322628631 0
vertex 142.95 -117.33417322628631 0
endloop
endfacet
facet normal 0 0 -1
outer loop
vertex 180.21470239736544 -117.1747190824896 0
vertex 142.95 -117.33417322628631 0
vertex 142.95 -117.1747190824896 0
endloop
endfacet
facet normal 0 0 -1
outer loop
vertex 186.75 -117.1747190824896 0
vertex 186.75 -117.33417322628631 0
vertex 181.8336674883427 -117.33417322628631 0
endloop
endfacet
facet normal 0 0 -1
outer loop
vertex 186.75 -117.1747190824896 0
vertex 181.8336674883427 -117.33417322628631 0
vertex 181.78529760263464 -117.1747190824896 0
endloop
endfacet
facet normal 0 0 -1
outer loop
vertex 108.16633251165719 -117.33417322628631 0
vertex 108.15000000000002 -117.49999999999997 0
vertex 106.95 -117.49999999999997 0
endloop
endfacet
facet normal 0 0 -1
outer loop
vertex 108.16633251165719 -117.33417322628631 0
vertex 106.95 -117.49999999999997 0
vertex 106.95 -117.33417322628631 0
endloop
endfacet
facet normal 0 0 -1
outer loop
vertex 129.05 -117.33417322628631 0
vertex 129.05 -117.49999999999997 0
vertex 109.85 -117.49999999999997 0
endloop
endfacet
facet normal 0 0 -1
outer loop
vertex 129.05 -117.33417322628631 0
vertex 109.85 -117.49999999999997 0
vertex 109.83366748834274 -117.33417322628631 0
endloop
endfacet
facet normal 0 0 -1
outer loop
vertex 180.16633251165717 -117.33417322628631 0
vertex 180.15000000000003 -117.49999999999997 0
vertex 142.95 -117.49999999999997 0
endloop
endfacet
facet normal 0 0 -1
outer loop
vertex 180.16633251165717 -117.33417322628631 0
vertex 142.95 -117.49999999999997 0
vertex 142.95 -117.33417322628631 0
endloop
endfacet
facet normal 0 0 -1
outer loop
vertex 186.75 -117.33417322628631 0
vertex 186.75 -117.49999999999997 0
vertex 181.85 -117.49999999999997 0
endloop
endfacet
facet normal 0 0 -1
outer loop
vertex 186.75 -117.33417322628631 0
vertex 181.85 -117.49999999999997 0
vertex 181.8336674883427 -117.33417322628631 0
endloop
endfacet
facet normal 0 0 -1
outer loop
vertex 108.15000000000002 -117.49999999999997 0
vertex 108.16633251165726 -117.66582677371363 0
vertex 106.95 -117.66582677371363 0
endloop
endfacet
facet normal 0 0 -1
outer loop
vertex 108.15000000000002 -117.49999999999997 0
vertex 106.95 -117.66582677371363 0
vertex 106.95 -117.49999999999997 0
endloop
endfacet
facet normal 0 0 -1
outer loop
vertex 129.05 -117.49999999999997 0
vertex 129.05 -117.66582677371363 0
vertex 109.83366748834274 -117.66582677371363 0
endloop
endfacet
facet normal 0 0 -1
outer loop
vertex 129.05 -117.49999999999997 0
vertex 109.83366748834274 -117.66582677371363 0
vertex 109.85 -117.49999999999997 0
endloop
endfacet
facet normal 0 0 -1
outer loop
vertex 180.15000000000003 -117.49999999999997 0
vertex 180.16633251165726 -117.66582677371363 0
vertex 142.95 -117.66582677371363 0
endloop
endfacet
facet normal 0 0 -1
outer loop
vertex 180.15000000000003 -117.49999999999997 0
vertex 142.95 -117.66582677371363 0
vertex 142.95 -117.49999999999997 0
endloop
endfacet
facet normal 0 0 -1
outer loop
vertex 186.75 -117.49999999999997 0
vertex 186.75 -117.66582677371363 0
vertex 181.83366748834277 -117.66582677371363 0
endloop
endfacet
facet normal 0 0 -1
outer loop
vertex 186.75 -117.49999999999997 0
vertex 181.83366748834277 -117.66582677371363 0
vertex 181.85 -117.49999999999997 0
endloop
endfacet
facet normal 0 0 -1
outer loop
vertex 108.16633251165726 -117.66582677371363 0
vertex 108.21470239736541 -117.82528091751037 0
vertex 106.95 -117.82528091751037 0
endloop
endfacet
facet normal 0 0 -1
outer loop
vertex 108.16633251165726 -117.66582677371363 0
vertex 106.95 -117.82528091751037 0
vertex 106.95 -117.66582677371363 0
endloop
endfacet
facet normal 0 0 -1
outer loop
vertex 129.05 -117.66582677371363 0
vertex 129.05 -117.82528091751037 0
vertex 109.78529760263466 -117.82528091751037 0
endloop
endfacet
facet normal 0 0 -1
outer loop
vertex 129.05 -117.66582677371363 0
vertex 109.78529760263466 -117.82528091751037 0
vertex 109.83366748834274 -117.66582677371363 0
endloop
endfacet
facet normal 0 0 -1
outer loop
vertex 180.16633251165726 -117.66582677371363 0
vertex 180.21470239736544 -117.82528091751037 0
vertex 142.95 -117.82528091751037 0
endloop
endfacet
facet normal 0 0 -1
outer loop
vertex 180.16633251165726 -117.66582677371363 0
vertex 142.95 -117.82528091751037 0
vertex 142.95 -117.66582677371363 0
endloop
endfacet
facet normal 0 0 -1
outer loop
vertex 186.75 -117.66582677371363 0
vertex 186.75 -117.82528091751037 0
vertex 181.78529760263459 -117.82528091751037 0
endloop
endfacet
facet normal 0 0 -1
outer loop
vertex 186.75 -117.66582677371363 0
vertex 181.78529760263459 -117.82528091751037 0
vertex 181.83366748834277 -117.66582677371363 0
endloop
endfacet
facet normal 0 0 -1
outer loop
vertex 108.21470239736541 -117.82528091751037 0
vertex 108.29325082954283 -117.97223469806664 0
vertex 106.95 -117.97223469806664 0
endloop
endfacet
facet normal 0 0 -1
outer loop
vertex 108.21470239736541 -117.82528091751037 0
vertex 106.95 -117.97223469806664 0
vertex 106.95 -117.82528091751037 0
endloop
endfacet
facet normal 0 0 -1
outer loop
vertex 129.05 -117.82528091751037 0
vertex 129.05 -117.97223469806664 0
vertex 109.70674917045717 -117.97223469806664 0
endloop
endfacet
facet normal 0 0 -1
outer loop
vertex 129.05 -117.82528091751037 0
vertex 109.70674917045717 -117.97223469806664 0
vertex 109.78529760263466 -117.82528091751037 0
endloop
endfacet
facet normal 0 0 -1
outer loop
vertex 180.21470239736544 -117.82528091751037 0
vertex 180.29325082954287 -117.97223469806664 0
vertex 142.95 -117.97223469806664 0
endloop
endfacet
facet normal 0 0 -1
outer loop
vertex 180.21470239736544 -117.82528091751037 0
vertex 142.95 -117.97223469806664 0
vertex 142.95 -117.82528091751037 0
endloop
endfacet
facet normal 0 0 -1
outer loop
vertex 186.75 -117.82528091751037 0
vertex 186.75 -117.97223469806664 0
vertex 181.70674917045721 -117.97223469806664 0
endloop
endfacet
facet normal 0 0 -1
outer loop
vertex 186.75 -117.82528091751037 0
vertex 181.70674917045721 -117.97223469806664 0
vertex 181.78529760263459 -117.82528091751037 0
endloop
endfacet
facet normal 0 0 -1
outer loop
vertex 108.29325082954283 -117.97223469806664 0
vertex 108.39895923599147 -118.10104076400859 0
vertex 106.95 -118.10104076400859 0
endloop
endfacet
facet normal 0 0 -1
outer loop
vertex 108.29325082954283 -117.97223469806664 0
vertex 106.95 -118.10104076400859 0
vertex 106.95 -117.97223469806664 0
endloop
endfacet
facet normal 0 0 -1
outer loop
vertex 129.05 -117.97223469806664 0
vertex 129.05 -118.10104076400859 0
vertex 109.60104076400853 -118.10104076400859 0
endloop
endfacet
facet normal 0 0 -1
outer loop
vertex 129.05 -117.97223469806664 0
vertex 109.60104076400853 -118.10104076400859 0
vertex 109.70674917045717 -117.97223469806664 0
endloop
endfacet
facet normal 0 0 -1
outer loop
vertex 180.29325082954287 -117.97223469806664 0
vertex 180.39895923599147 -118.10104076400859 0
vertex 142.95 -118.10104076400859 0
endloop
endfacet
facet normal 0 0 -1
outer loop
vertex 180.29325082954287 -117.97223469806664 0
vertex 142.95 -118.10104076400859 0
vertex 142.95 -117.97223469806664 0
endloop
endfacet
facet normal 0 0 -1
outer loop
vertex 186.75 -117.97223469806664 0
vertex 186.75 -118.10104076400859 0
vertex 181.6010407640085 -118.10104076400859 0
endloop
endfacet
facet normal 0 0 -1
outer loop
vertex 186.75 -117.97223469806664 0
vertex 181.6010407640085 -118.10104076400859 0
vertex 181.70674917045721 -117.97223469806664 0
endloop
endfacet
facet normal 0 0 -1
outer loop
vertex 108.39895923599147 -118.10104076400859 0
vertex 108.52776530193329 -118.20674917045713 0
vertex 106.95 -118.20674917045713 0
endloop
endfacet
facet normal 0 0 -1
outer loop
vertex 108.39895923599147 -118.10104076400859 0
vertex 106.95 -118.20674917045713 0
vertex 106.95 -118.10104076400859 0
endloop
endfacet
facet normal 0 0 -1
outer loop
vertex 129.05 -118.10104076400859 0
vertex 129.05 -118.20674917045713 0
vertex 109.47223469806673 -118.20674917045713 0
endloop
endfacet
facet normal 0 0 -1
outer loop
vertex 129.05 -118.10104076400859 0
vertex 109.47223469806673 -118.20674917045713 0
vertex 109.60104076400853 -118.10104076400859 0
endloop
endfacet
facet normal 0 0 -1
outer loop
vertex 180.39895923599147 -118.10104076400859 0
vertex 180.5277653019333 -118.20674917045713 0
vertex 142.95 -118.20674917045713 0
endloop
endfacet
facet normal 0 0 -1
outer loop
vertex 180.39895923599147 -118.10104076400859 0
vertex 142.95 -118.20674917045713 0
vertex 142.95 -118.10104076400859 0
endloop
endfacet
facet normal 0 0 -1
outer loop
vertex 186.75 -118.10104076400859 0
vertex 186.75 -118.20674917045713 0
vertex 181.47223469806676 -118.20674917045713 0
endloop
endfacet
facet normal 0 0 -1
outer loop
vertex 186.75 -118.10104076400859 0
vertex 181.47223469806676 -118.20674917045713 0
vertex 181.6010407640085 -118.10104076400859 0
endloop
endfacet
facet normal 0 0 -1
outer loop
vertex 108.52776530193329 -118.20674917045713 0
vertex 108.67471908248967 -118.2852976026346 0
vertex 106.95 -118.2852976026346 0
endloop
endfacet
facet normal 0 0 -1
outer loop
vertex 108.52776530193329 -118.20674917045713 0
vertex 106.95 -118.2852976026346 0
vertex 106.95 -118.20674917045713 0
endloop
endfacet
facet normal 0 0 -1
outer loop
vertex 129.05 -118.20674917045713 0
vertex 129.05 -118.2852976026346 0
vertex 109.32528091751021 -118.2852976026346 0
endloop
endfacet
facet normal 0 0 -1
outer loop
vertex 129.05 -118.20674917045713 0
vertex 109.32528091751021 -118.2852976026346 0
vertex 109.47223469806673 -118.20674917045713 0
endloop
endfacet
facet normal 0 0 -1
outer loop
vertex 180.5277653019333 -118.20674917045713 0
vertex 180.6747190824897 -118.2852976026346 0
vertex 142.95 -118.2852976026346 0
endloop
endfacet
facet normal 0 0 -1
outer loop
vertex 180.5277653019333 -118.20674917045713 0
vertex 142.95 -118.2852976026346 0
vertex 142.95 -118.20674917045713 0
endloop
endfacet
facet normal 0 0 -1
outer loop
vertex 186.75 -118.20674917045713 0
vertex 186.75 -118.2852976026346 0
vertex 181.32528091751016 -118.2852976026346 0
endloop
endfacet
facet normal 0 0 -1
outer loop
vertex 186.75 -118.20674917045713 0
vertex 181.32528091751016 -118.2852976026346 0
vertex 181.47223469806676 -118.20674917045713 0
endloop
endfacet
facet normal 0 0 -1
outer loop
vertex 108.67471908248967 -118.2852976026346 0
vertex 108.8341732262863 -118.33366748834274 0
vertex 106.95 -118.33366748834274 0
endloop
endfacet
facet normal 0 0 -1
outer loop
vertex 108.67471908248967 -118.2852976026346 0
vertex 106.95 -118.33366748834274 0
vertex 106.95 -118.2852976026346 0
endloop
endfacet
facet normal 0 0 -1
outer loop
vertex 129.05 -118.2852976026346 0
vertex 129.05 -118.33366748834274 0
vertex 109.1658267737137 -118.33366748834274 0
endloop
endfacet
facet normal 0 0 -1
outer loop
vertex 129.05 -118.2852976026346 0
vertex 109.1658267737137 -118.33366748834274 0
vertex 109.32528091751021 -118.2852976026346 0
endloop
endfacet
facet normal 0 0 -1
outer loop
vertex 180.6747190824897 -118.2852976026346 0
vertex 180.83417322628634 -118.33366748834274 0
vertex 142.95 -118.33366748834274 0
endloop
endfacet
facet normal 0 0 -1
outer loop
vertex 180.6747190824897 -118.2852976026346 0
vertex 142.95 -118.33366748834274 0
vertex 142.95 -118.2852976026346 0
endloop
endfacet
facet normal 0 0 -1
outer loop
vertex 186.75 -118.2852976026346 0
vertex 186.75 -118.33366748834274 0
vertex 181.16582677371372 -118.33366748834274 0
endloop
endfacet
facet normal 0 0 -1
outer loop
vertex 186.75 -118.2852976026346 0
vertex 181.16582677371372 -118.33366748834274 0
vertex 181.32528091751016 -118.2852976026346 0
endloop
endfacet
facet normal 0 0 -1
outer loop
vertex 108.8341732262863 -118.33366748834274 0
vertex 109 -118.35 0
vertex 106.95 -118.35 0
endloop
endfacet
facet normal 0 0 -1
outer loop
vertex 108.8341732262863 -118.33366748834274 0
vertex 106.95 -118.35 0
vertex 106.95 -118.33366748834274 0
endloop
endfacet
facet normal 0 0 -1
outer loop
vertex 129.05 -118.33366748834274 0
vertex 129.05 -118.35 0
vertex 109 -118.35 0
endloop
endfacet
facet normal 0 0 -1
outer loop
vertex 129.05 -118.33366748834274 0
vertex 109 -118.35 0
vertex 109.1658267737137 -118.33366748834274 0
endloop
endfacet
facet normal 0 0 -1
outer loop
vertex 180.83417322628634 -118.33366748834274 0
vertex 181 -118.35 0
vertex 142.95 -118.35 0
endloop
endfacet
facet normal 0 0 -1
outer loop
vertex 180.83417322628634 -118.33366748834274 0
vertex 142.95 -118.35 0
vertex 142.95 -118.33366748834274 0
endloop
endfacet
facet normal 0 0 -1
outer loop
vertex 186.75 -118.33366748834274 0
vertex 186.75 -118.35 0
vertex 181 -118.35 0
endloop
endfacet
facet normal 0 0 -1
outer loop
vertex 186.75 -118.33366748834274 0
vertex 181 -118.35 0
vertex 181.16582677371372 -118.33366748834274 0
endloop
endfacet
facet normal 0 0 -1
outer loop
vertex 109 -118.35 0
vertex 129.05 -118.35 0
vertex 129.05 -119.05 0
endloop
endfacet
facet normal 0 0 -1
outer loop
vertex 109 -118.35 0
vertex 129.05 -119.05 0
vertex 124.95 -119.05 0
endloop
endfacet
facet normal 0 0 -1
outer loop
vertex 109 -118.35 0
vertex 124.95 -119.05 0
vertex 111.05 -119.05 0
endloop
endfacet
facet normal 0 0 -1
outer loop
vertex 109 -118.35 0
vertex 111.05 -119.05 0
vertex 106.95 -119.05 0
endloop
endfacet
facet normal 0 0 -1
outer loop
vertex 109 -118.35 0
vertex 106.95 -119.05 0
vertex 106.95 -118.35 0
endloop
endfacet
facet normal 0 0 -1
outer loop
vertex 181 -118.35 0
vertex 186.75 -118.35 0
vertex 186.75 -119.05 0
endloop
endfacet
facet normal 0 0 -1
outer loop
vertex 181 -118.35 0
vertex 186.75 -119.05 0
vertex 178.95 -119.05 0
endloop
endfacet
facet normal 0 0 -1
outer loop
vertex 181 -118.35 0
vertex 178.95 -119.05 0
vertex 165.05 -119.05 0
endloop
endfacet
facet normal 0 0 -1
outer loop
vertex 181 -118.35 0
vertex 165.05 -119.05 0
vertex 160.95 -119.05 0
endloop
endfacet
facet normal 0 0 -1
outer loop
vertex 181 -118.35 0
vertex 160.95 -119.05 0
vertex 147.05 -119.05 0
endloop
endfacet
facet normal 0 0 -1
outer loop
vertex 181 -118.35 0
vertex 147.05 -119.05 0
vertex 142.95 -119.05 0
endloop
endfacet
facet normal 0 0 -1
outer loop
vertex 181 -118.35 0
vertex 142.95 -119.05 0
vertex 142.95 -118.35 0
endloop
endfacet
facet normal 0 0 -1
outer loop
vertex 93.05 -109.05 0
vertex 93.05 -122.95 0
vertex 87.47500027602082 -122.95 0
endloop
endfacet
facet normal 0 0 -1
outer loop
vertex 93.05 -109.05 0
vertex 87.47500027602082 -122.95 0
vertex 87.47500004314134 -109.05 0
endloop
endfacet
facet normal 0 0 -1
outer loop
vertex 111.05 -119.05 0
vertex 111.05 -122.95 0
vertex 106.95 -122.95 0
endloop
endfacet
facet normal 0 0 -1
outer loop
vertex 111.05 -119.05 0
vertex 106.95 -122.95 0
vertex 106.95 -119.05 0
endloop
endfacet
facet normal 0 0 -1
outer loop
vertex 129.05 -119.05 0
vertex 129.05 -125.95 0
vertex 124.95 -125.95 0
endloop
endfacet
facet normal 0 0 -1
outer loop
vertex 129.05 -119.05 0
vertex 124.95 -125.95 0
vertex 124.95 -119.05 0
endloop
endfacet
facet normal 0 0 -1
outer loop
vertex 147.05 -119.05 0
vertex 147.05 -125.95 0
vertex 142.95 -125.95 0
endloop
endfacet
facet normal 0 0 -1
outer loop
vertex 147.05 -119.05 0
vertex 142.95 -125.95 0
vertex 142.95 -119.05 0
endloop
endfacet
facet normal 0 0 -1
outer loop
vertex 93.05 -122.95 0
vertex 106.95 -122.95 0
vertex 111.05 -122.95 0
endloop
endfacet
facet normal 0 0 -1
outer loop
vertex 93.05 -122.95 0
vertex 111.05 -122.95 0
vertex 111.05 -126.05 0
endloop
endfacet
facet normal 0 0 -1
outer loop
vertex 93.05 -122.95 0
vertex 111.05 -126.05 0
vertex 106.95 -126.05 0
endloop
endfacet
facet normal 0 0 -1
outer loop
vertex 93.05 -122.95 0
vertex 106.95 -126.05 0
vertex 93.05 -126.05 0
endloop
endfacet
facet normal 0 0 -1
outer loop
vertex 93.05 -122.95 0
vertex 93.05 -126.05 0
vertex 87.47500032795796 -126.05 0
endloop
endfacet
facet normal 0 0 -1
outer loop
vertex 93.05 -122.95 0
vertex 87.47500032795796 -126.05 0
vertex 87.47500027602082 -122.95 0
endloop
endfacet
facet normal 0 0 -1
outer loop
vertex 129.05 -125.95 0
vertex 142.95 -125.95 0
vertex 147.05 -125.95 0
endloop
endfacet
facet normal 0 0 -1
outer loop
vertex 129.05 -125.95 0
vertex 147.05 -125.95 0
vertex 147.05 -129.05 0
endloop
endfacet
facet normal 0 0 -1
outer loop
vertex 129.05 -125.95 0
vertex 147.05 -129.05 0
vertex 142.95 -129.05 0
endloop
endfacet
facet normal 0 0 -1
outer loop
vertex 129.05 -125.95 0
vertex 142.95 -129.05 0
vertex 129.05 -129.05 0
endloop
endfacet
facet normal 0 0 -1
outer loop
vertex 129.05 -125.95 0
vertex 129.05 -129.05 0
vertex 124.95 -129.05 0
endloop
endfacet
facet normal 0 0 -1
outer loop
vertex 129.05 -125.95 0
vertex 124.95 -129.05 0
vertex 124.95 -125.95 0
endloop
endfacet
facet normal 0 0 -1
outer loop
vertex 111.05 -126.05 0
vertex 111.05 -132.95 0
vertex 106.95 -132.95 0
endloop
endfacet
facet normal 0 0 -1
outer loop
vertex 111.05 -126.05 0
vertex 106.95 -132.95 0
vertex 106.95 -126.05 0
endloop
endfacet
facet normal 0 0 -1
outer loop
vertex 129.05 -129.05 0
vertex 129.05 -132.95 0
vertex 124.95 -132.95 0
endloop
endfacet
facet normal 0 0 -1
outer loop
vertex 129.05 -129.05 0
vertex 124.95 -132.95 0
vertex 124.95 -129.05 0
endloop
endfacet
facet normal 0 0 -1
outer loop
vertex 147.05 -129.05 0
vertex 147.05 -132.95 0
vertex 142.95 -132.95 0
endloop
endfacet
facet normal 0 0 -1
outer loop
vertex 147.05 -129.05 0
vertex 142.95 -132.95 0
vertex 142.95 -129.05 0
endloop
endfacet
facet normal 0 0 -1
outer loop
vertex 165.05 -119.05 0
vertex 165.05 -132.95 0
vertex 160.95 -132.95 0
endloop
endfacet
facet normal 0 0 -1
outer loop
vertex 165.05 -119.05 0
vertex 160.95 -132.95 0
vertex 160.95 -119.05 0
endloop
endfacet
facet normal 0 0 -1
outer loop
vertex 186.75 -119.05 0
vertex 186.75 -132.95 0
vertex 178.95 -132.95 0
endloop
endfacet
facet normal 0 0 -1
outer loop
vertex 186.75 -119.05 0
vertex 178.95 -132.95 0
vertex 178.95 -119.05 0
endloop
endfacet
facet normal 0 0 -1
outer loop
vertex 147.05 -132.95 0
vertex 160.95 -132.95 0
vertex 165.05 -132.95 0
endloop
endfacet
facet normal 0 0 -1
outer loop
vertex 147.05 -132.95 0
vertex 165.05 -132.95 0
vertex 178.95 -132.95 0
endloop
endfacet
facet normal 0 0 -1
outer loop
vertex 147.05 -132.95 0
vertex 178.95 -132.95 0
vertex 186.75 -132.95 0
endloop
endfacet
facet normal 0 0 -1
outer loop
vertex 147.05 -132.95 0
vertex 186.75 -132.95 0
vertex 186.75 -136 0
endloop
endfacet
facet normal 0 0 -1
outer loop
vertex 147.05 -132.95 0
vertex 186.75 -136 0
vertex 142.95 -136 0
endloop
endfacet
facet normal 0 0 -1
outer loop
vertex 147.05 -132.95 0
vertex 142.95 -136 0
vertex 142.95 -132.95 0
endloop
endfacet
facet normal 0 0 -1
outer loop
vertex 111.05 -132.95 0
vertex 124.95 -132.95 0
vertex 129.05 -132.95 0
endloop
endfacet
facet normal 0 0 -1
outer loop
vertex 111.05 -132.95 0
vertex 129.05 -132.95 0
vertex 129.05 -136.05 0
endloop
endfacet
facet normal 0 0 -1
outer loop
vertex 111.05 -132.95 0
vertex 129.05 -136.05 0
vertex 124.95 -136.05 0
endloop
endfacet
facet normal 0 0 -1
outer loop
vertex 111.05 -132.95 0
vertex 124.95 -136.05 0
vertex 111.05 -136.05 0
endloop
endfacet
facet normal 0 0 -1
outer loop
vertex 111.05 -132.95 0
vertex 111.05 -136.05 0
vertex 106.95 -136.05 0
endloop
endfacet
facet normal 0 0 -1
outer loop
vertex 111.05 -132.95 0
vertex 106.95 -136.05 0
vertex 106.95 -132.95 0
endloop
endfacet
facet normal 0 0 -1
outer loop
vertex 186.75 -136 0
vertex 201.25 -136 0
vertex 201.25 -136.05 0
endloop
endfacet
facet normal 0 0 -1
outer loop
vertex 186.75 -136 0
vertex 201.25 -136.05 0
vertex 178.95 -136.05 0
endloop
endfacet
facet normal 0 0 -1
outer loop
vertex 186.75 -136 0
vertex 178.95 -136.05 0
vertex 165.05 -136.05 0
endloop
endfacet
facet normal 0 0 -1
outer loop
vertex 186.75 -136 0
vertex 165.05 -136.05 0
vertex 160.95 -136.05 0
endloop
endfacet
facet normal 0 0 -1
outer loop
vertex 186.75 -136 0
vertex 160.95 -136.05 0
vertex 147.05 -136.05 0
endloop
endfacet
facet normal 0 0 -1
outer loop
vertex 186.75 -136 0
vertex 147.05 -136.05 0
vertex 142.95 -136.05 0
endloop
endfacet
facet normal 0 0 -1
outer loop
vertex 186.75 -136 0
vertex 142.95 -136.05 0
vertex 142.95 -136 0
endloop
endfacet
facet normal 0 0 -1
outer loop
vertex 93.05 -126.05 0
vertex 93.05 -139.95 0
vertex 87.47500056083746 -139.95 0
endloop
endfacet
facet normal 0 0 -1
outer loop
vertex 93.05 -126.05 0
vertex 87.47500056083746 -139.95 0
vertex 87.47500032795796 -126.05 0
endloop
endfacet
facet normal 0 0 -1
outer loop
vertex 111.05 -136.05 0
vertex 111.05 -139.95 0
vertex 106.95 -139.95 0
endloop
endfacet
facet normal 0 0 -1
outer loop
vertex 111.05 -136.05 0
vertex 106.95 -139.95 0
vertex 106.95 -136.05 0
endloop
endfacet
facet normal 0 0 -1
outer loop
vertex 129.05 -136.05 0
vertex 129.05 -142.95 0
vertex 124.95 -142.95 0
endloop
endfacet
facet normal 0 0 -1
outer loop
vertex 129.05 -136.05 0
vertex 124.95 -142.95 0
vertex 124.95 -136.05 0
endloop
endfacet
facet normal 0 0 -1
outer loop
vertex 147.05 -136.05 0
vertex 147.05 -142.95 0
vertex 142.95 -142.95 0
endloop
endfacet
facet normal 0 0 -1
outer loop
vertex 147.05 -136.05 0
vertex 142.95 -142.95 0
vertex 142.95 -136.05 0
endloop
endfacet
facet normal 0 0 -1
outer loop
vertex 93.05 -139.95 0
vertex 106.95 -139.95 0
vertex 111.05 -139.95 0
endloop
endfacet
facet normal 0 0 -1
outer loop
vertex 93.05 -139.95 0
vertex 111.05 -139.95 0
vertex 111.05 -143.05 0
endloop
endfacet
facet normal 0 0 -1
outer loop
vertex 93.05 -139.95 0
vertex 111.05 -143.05 0
vertex 106.95 -143.05 0
endloop
endfacet
facet normal 0 0 -1
outer loop
vertex 93.05 -139.95 0
vertex 106.95 -143.05 0
vertex 93.05 -143.05 0
endloop
endfacet
facet normal 0 0 -1
outer loop
vertex 93.05 -139.95 0
vertex 93.05 -143.05 0
vertex 87.4750006127746 -143.05 0
endloop
endfacet
facet normal 0 0 -1
outer loop
vertex 93.05 -139.95 0
vertex 87.4750006127746 -143.05 0
vertex 87.47500056083746 -139.95 0
endloop
endfacet
facet normal 0 0 -1
outer loop
vertex 201.25 -136.05 0
vertex 201.25 -144.25 0
vertex 178.95 -144.25 0
endloop
endfacet
facet normal 0 0 -1
outer loop
vertex 201.25 -136.05 0
vertex 178.95 -144.25 0
vertex 178.95 -136.05 0
endloop
endfacet
facet normal 0 0 -1
outer loop
vertex 111.05 -143.05 0
vertex 111.05 -149.95 0
vertex 106.95 -149.95 0
endloop
endfacet
facet normal 0 0 -1
outer loop
vertex 111.05 -143.05 0
vertex 106.95 -149.95 0
vertex 106.95 -143.05 0
endloop
endfacet
facet normal 0 0 -1
outer loop
vertex 129.05 -142.95 0
vertex 142.95 -142.95 0
vertex 147.05 -142.95 0
endloop
endfacet
facet normal 0 0 -1
outer loop
vertex 129.05 -142.95 0
vertex 147.05 -142.95 0
vertex 147.05 -149.95 0
endloop
endfacet
facet normal 0 0 -1
outer loop
vertex 129.05 -142.95 0
vertex 147.05 -149.95 0
vertex 124.95 -149.95 0
endloop
endfacet
facet normal 0 0 -1
outer loop
vertex 129.05 -142.95 0
vertex 124.95 -149.95 0
vertex 124.95 -142.95 0
endloop
endfacet
facet normal 0 0 -1
outer loop
vertex 165.05 -136.05 0
vertex 165.05 -149.95 0
vertex 160.95 -149.95 0
endloop
endfacet
facet normal 0 0 -1
outer loop
vertex 165.05 -136.05 0
vertex 160.95 -149.95 0
vertex 160.95 -136.05 0
endloop
endfacet
facet normal 0 0 -1
outer loop
vertex 201.25 -144.25 0
vertex 209.7228881 -144.25 0
vertex 209.72262511589645 -149.95 0
endloop
endfacet
facet normal 0 0 -1
outer loop
vertex 201.25 -144.25 0
vertex 209.72262511589645 -149.95 0
vertex 178.95 -149.95 0
endloop
endfacet
facet normal 0 0 -1
outer loop
vertex 201.25 -144.25 0
vertex 178.95 -149.95 0
vertex 178.95 -144.25 0
endloop
endfacet
facet normal 0 0 -1
outer loop
vertex 111.05 -149.95 0
vertex 124.95 -149.95 0
vertex 147.05 -149.95 0
endloop
endfacet
facet normal 0 0 -1
outer loop
vertex 111.05 -149.95 0
vertex 147.05 -149.95 0
vertex 160.95 -149.95 0
endloop
endfacet
facet normal 0 0 -1
outer loop
vertex 111.05 -149.95 0
vertex 160.95 -149.95 0
vertex 165.05 -149.95 0
endloop
endfacet
facet normal 0 0 -1
outer loop
vertex 111.05 -149.95 0
vertex 165.05 -149.95 0
vertex 178.95 -149.95 0
endloop
endfacet
facet normal 0 0 -1
outer loop
vertex 111.05 -149.95 0
vertex 178.95 -149.95 0
vertex 209.72262511589645 -149.95 0
endloop
endfacet
facet normal 0 0 -1
outer loop
vertex 111.05 -149.95 0
vertex 209.72262511589645 -149.95 0
vertex 209.722387507452 -155.1 0
endloop
endfacet
facet normal 0 0 -1
outer loop
vertex 111.05 -149.95 0
vertex 209.722387507452 -155.1 0
vertex 162.4725 -155.1 0
endloop
endfacet
facet normal 0 0 -1
outer loop
vertex 111.05 -149.95 0
vertex 162.4725 -155.1 0
vertex 148.5725 -155.1 0
endloop
endfacet
facet normal 0 0 -1
outer loop
vertex 111.05 -149.95 0
vertex 148.5725 -155.1 0
vertex 106.95 -155.1 0
endloop
endfacet
facet normal 0 0 -1
outer loop
vertex 111.05 -149.95 0
vertex 106.95 -155.1 0
vertex 106.95 -149.95 0
endloop
endfacet
facet normal 0 0 -1
outer loop
vertex 209.722387507452 -155.1 0
vertex 209.72235677254596 -155.766158 0
vertex 169.51158949999999 -155.766158 0
endloop
endfacet
facet normal 0 0 -1
outer loop
vertex 209.722387507452 -155.1 0
vertex 169.51158949999999 -155.766158 0
vertex 162.4725 -155.766158 0
endloop
endfacet
facet normal 0 0 -1
outer loop
vertex 209.722387507452 -155.1 0
vertex 162.4725 -155.766158 0
vertex 162.4725 -155.1 0
endloop
endfacet
facet normal 0 0 -1
outer loop
vertex 93.05 -143.05 0
vertex 93.05 -156.95 0
vertex 87.47500084565408 -156.95 0
endloop
endfacet
facet normal 0 0 -1
outer loop
vertex 93.05 -143.05 0
vertex 87.47500084565408 -156.95 0
vertex 87.4750006127746 -143.05 0
endloop
endfacet
facet normal 0 0 -1
outer loop
vertex 148.5725 -155.1 0
vertex 148.5725 -156.95 0
vertex 106.95 -156.95 0
endloop
endfacet
facet normal 0 0 -1
outer loop
vertex 148.5725 -155.1 0
vertex 106.95 -156.95 0
vertex 106.95 -155.1 0
endloop
endfacet
facet normal 0 0 -1
outer loop
vertex 93.05 -156.95 0
vertex 106.95 -156.95 0
vertex 148.5725 -156.95 0
endloop
endfacet
facet normal 0 0 -1
outer loop
vertex 93.05 -156.95 0
vertex 148.5725 -156.95 0
vertex 148.5725 -157.65 0
endloop
endfacet
facet normal 0 0 -1
outer loop
vertex 93.05 -156.95 0
vertex 148.5725 -157.65 0
vertex 108.99999999999994 -157.65 0
endloop
endfacet
facet normal 0 0 -1
outer loop
vertex 93.05 -156.95 0
vertex 108.99999999999994 -157.65 0
vertex 87.47500085738183 -157.65 0
endloop
endfacet
facet normal 0 0 -1
outer loop
vertex 93.05 -156.95 0
vertex 87.47500085738183 -157.65 0
vertex 87.47500084565408 -156.95 0
endloop
endfacet
facet normal 0 0 -1
outer loop
vertex 108.99999999999994 -157.65 0
vertex 108.83417322628624 -157.66633251165726 0
vertex 87.47500085765546 -157.66633251165726 0
endloop
endfacet
facet normal 0 0 -1
outer loop
vertex 108.99999999999994 -157.65 0
vertex 87.47500085765546 -157.66633251165726 0
vertex 87.47500085738183 -157.65 0
endloop
endfacet
facet normal 0 0 -1
outer loop
vertex 148.5725 -157.65 0
vertex 148.5725 -157.66633251165726 0
vertex 109.16582677371368 -157.66633251165726 0
endloop
endfacet
facet normal 0 0 -1
outer loop
vertex 148.5725 -157.65 0
vertex 109.16582677371368 -157.66633251165726 0
vertex 108.99999999999994 -157.65 0
endloop
endfacet
facet normal 0 0 -1
outer loop
vertex 108.83417322628624 -157.66633251165726 0
vertex 108.67471908248973 -157.71470239736541 0
vertex 87.47500085846585 -157.71470239736541 0
endloop
endfacet
facet normal 0 0 -1
outer loop
vertex 108.83417322628624 -157.66633251165726 0
vertex 87.47500085846585 -157.71470239736541 0
vertex 87.47500085765546 -157.66633251165726 0
endloop
endfacet
facet normal 0 0 -1
outer loop
vertex 148.5725 -157.66633251165726 0
vertex 148.5725 -157.71470239736541 0
vertex 109.32528091751031 -157.71470239736541 0
endloop
endfacet
facet normal 0 0 -1
outer loop
vertex 148.5725 -157.66633251165726 0
vertex 109.32528091751031 -157.71470239736541 0
vertex 109.16582677371368 -157.66633251165726 0
endloop
endfacet
facet normal 0 0 -1
outer loop
vertex 108.67471908248973 -157.71470239736541 0
vertex 108.52776530193327 -157.7932508295429 0
vertex 87.47500085978184 -157.7932508295429 0
endloop
endfacet
facet normal 0 0 -1
outer loop
vertex 108.67471908248973 -157.71470239736541 0
vertex 87.47500085978184 -157.7932508295429 0
vertex 87.47500085846585 -157.71470239736541 0
endloop
endfacet
facet normal 0 0 -1
outer loop
vertex 148.5725 -157.71470239736541 0
vertex 148.5725 -157.7932508295429 0
vertex 109.47223469806673 -157.7932508295429 0
endloop
endfacet
facet normal 0 0 -1
outer loop
vertex 148.5725 -157.71470239736541 0
vertex 109.47223469806673 -157.7932508295429 0
vertex 109.32528091751031 -157.71470239736541 0
endloop
endfacet
facet normal 0 0 -1
outer loop
vertex 108.52776530193327 -157.7932508295429 0
vertex 108.39895923599154 -157.8989592359914 0
vertex 87.47500086155287 -157.8989592359914 0
endloop
endfacet
facet normal 0 0 -1
outer loop
vertex 108.52776530193327 -157.7932508295429 0
vertex 87.47500086155287 -157.8989592359914 0
vertex 87.47500085978184 -157.7932508295429 0
endloop
endfacet
facet normal 0 0 -1
outer loop
vertex 148.5725 -157.7932508295429 0
vertex 148.5725 -157.8989592359914 0
vertex 109.60104076400853 -157.8989592359914 0
endloop
endfacet
facet normal 0 0 -1
outer loop
vertex 148.5725 -157.7932508295429 0
vertex 109.60104076400853 -157.8989592359914 0
vertex 109.47223469806673 -157.7932508295429 0
endloop
endfacet
facet normal 0 0 -1
outer loop
vertex 108.39895923599154 -157.8989592359914 0
vertex 108.29325082954286 -158.02776530193333 0
vertex 87.47500086371087 -158.02776530193333 0
endloop
endfacet
facet normal 0 0 -1
outer loop
vertex 108.39895923599154 -157.8989592359914 0
vertex 87.47500086371087 -158.02776530193333 0
vertex 87.47500086155287 -157.8989592359914 0
endloop
endfacet
facet normal 0 0 -1
outer loop
vertex 148.5725 -157.8989592359914 0
vertex 148.5725 -158.02776530193333 0
vertex 109.70674917045714 -158.02776530193333 0
endloop
endfacet
facet normal 0 0 -1
outer loop
vertex 148.5725 -157.8989592359914 0
vertex 109.70674917045714 -158.02776530193333 0
vertex 109.60104076400853 -157.8989592359914 0
endloop
endfacet
facet normal 0 0 -1
outer loop
vertex 108.29325082954286 -158.02776530193333 0
vertex 108.21470239736534 -158.17471908248967 0
vertex 87.47500086617292 -158.17471908248967 0
endloop
endfacet
facet normal 0 0 -1
outer loop
vertex 108.29325082954286 -158.02776530193333 0
vertex 87.47500086617292 -158.17471908248967 0
vertex 87.47500086371087 -158.02776530193333 0
endloop
endfacet
facet normal 0 0 -1
outer loop
vertex 148.5725 -158.02776530193333 0
vertex 148.5725 -158.17471908248967 0
vertex 109.78529760263459 -158.17471908248967 0
endloop
endfacet
facet normal 0 0 -1
outer loop
vertex 148.5725 -158.02776530193333 0
vertex 109.78529760263459 -158.17471908248967 0
vertex 109.70674917045714 -158.02776530193333 0
endloop
endfacet
facet normal 0 0 -1
outer loop
vertex 209.72235677254596 -155.766158 0
vertex 209.72224540986494 -158.1798677 0
vertex 183.20041720000003 -158.1798677 0
endloop
endfacet
facet normal 0 0 -1
outer loop
vertex 209.72235677254596 -155.766158 0
vertex 183.20041720000003 -158.1798677 0
vertex 169.51158949999999 -155.766158 0
endloop
endfacet
facet normal 0 0 -1
outer loop
vertex 108.21470239736534 -158.17471908248967 0
vertex 108.16633251165725 -158.33417322628625 0
vertex 87.4750008688444 -158.33417322628625 0
endloop
endfacet
facet normal 0 0 -1
outer loop
vertex 108.21470239736534 -158.17471908248967 0
vertex 87.4750008688444 -158.33417322628625 0
vertex 87.47500086617292 -158.17471908248967 0
endloop
endfacet
facet normal 0 0 -1
outer loop
vertex 148.5725 -158.17471908248967 0
vertex 148.5725 -158.33417322628625 0
vertex 109.83366748834273 -158.33417322628625 0
endloop
endfacet
facet normal 0 0 -1
outer loop
vertex 148.5725 -158.17471908248967 0
vertex 109.83366748834273 -158.33417322628625 0
vertex 109.78529760263459 -158.17471908248967 0
endloop
endfacet
facet normal 0 0 -1
outer loop
vertex 108.16633251165725 -158.33417322628625 0
vertex 108.15000000000002 -158.49999999999994 0
vertex 87.47500087162265 -158.49999999999994 0
endloop
endfacet
facet normal 0 0 -1
outer loop
vertex 108.16633251165725 -158.33417322628625 0
vertex 87.47500087162265 -158.49999999999994 0
vertex 87.4750008688444 -158.33417322628625 0
endloop
endfacet
facet normal 0 0 -1
outer loop
vertex 148.5725 -158.33417322628625 0
vertex 148.5725 -158.49999999999994 0
vertex 109.84999999999998 -158.49999999999994 0
endloop
endfacet
facet normal 0 0 -1
outer loop
vertex 148.5725 -158.33417322628625 0
vertex 109.84999999999998 -158.49999999999994 0
vertex 109.83366748834273 -158.33417322628625 0
endloop
endfacet
facet normal 0 0 -1
outer loop
vertex 108.15000000000002 -158.49999999999994 0
vertex 108.16633251165726 -158.6658267737137 0
vertex 87.4750008744009 -158.6658267737137 0
endloop
endfacet
facet normal 0 0 -1
outer loop
vertex 108.15000000000002 -158.49999999999994 0
vertex 87.4750008744009 -158.6658267737137 0
vertex 87.47500087162265 -158.49999999999994 0
endloop
endfacet
facet normal 0 0 -1
outer loop
vertex 148.5725 -158.49999999999994 0
vertex 148.5725 -158.6658267737137 0
vertex 109.83366748834273 -158.6658267737137 0
endloop
endfacet
facet normal 0 0 -1
outer loop
vertex 148.5725 -158.49999999999994 0
vertex 109.83366748834273 -158.6658267737137 0
vertex 109.84999999999998 -158.49999999999994 0
endloop
endfacet
facet normal 0 0 -1
outer loop
vertex 108.16633251165726 -158.6658267737137 0
vertex 108.21470239736541 -158.82528091751033 0
vertex 87.47500087707239 -158.82528091751033 0
endloop
endfacet
facet normal 0 0 -1
outer loop
vertex 108.16633251165726 -158.6658267737137 0
vertex 87.47500087707239 -158.82528091751033 0
vertex 87.4750008744009 -158.6658267737137 0
endloop
endfacet
facet normal 0 0 -1
outer loop
vertex 148.5725 -158.6658267737137 0
vertex 148.5725 -158.82528091751033 0
vertex 109.78529760263466 -158.82528091751033 0
endloop
endfacet
facet normal 0 0 -1
outer loop
vertex 148.5725 -158.6658267737137 0
vertex 109.78529760263466 -158.82528091751033 0
vertex 109.83366748834273 -158.6658267737137 0
endloop
endfacet
facet normal 0 0 -1
outer loop
vertex 108.21470239736541 -158.82528091751033 0
vertex 108.29325082954288 -158.97223469806673 0
vertex 87.47500087953443 -158.97223469806673 0
endloop
endfacet
facet normal 0 0 -1
outer loop
vertex 108.21470239736541 -158.82528091751033 0
vertex 87.47500087953443 -158.97223469806673 0
vertex 87.47500087707239 -158.82528091751033 0
endloop
endfacet
facet normal 0 0 -1
outer loop
vertex 148.5725 -158.82528091751033 0
vertex 148.5725 -158.97223469806673 0
vertex 109.70674917045719 -158.97223469806673 0
endloop
endfacet
facet normal 0 0 -1
outer loop
vertex 148.5725 -158.82528091751033 0
vertex 109.70674917045719 -158.97223469806673 0
vertex 109.78529760263466 -158.82528091751033 0
endloop
endfacet
facet normal 0 0 -1
outer loop
vertex 108.29325082954288 -158.97223469806673 0
vertex 108.39895923599141 -159.10104076400853 0
vertex 87.47500088169245 -159.10104076400853 0
endloop
endfacet
facet normal 0 0 -1
outer loop
vertex 108.29325082954288 -158.97223469806673 0
vertex 87.47500088169245 -159.10104076400853 0
vertex 87.47500087953443 -158.97223469806673 0
endloop
endfacet
facet normal 0 0 -1
outer loop
vertex 148.5725 -158.97223469806673 0
vertex 148.5725 -159.10104076400853 0
vertex 109.60104076400856 -159.10104076400853 0
endloop
endfacet
facet normal 0 0 -1
outer loop
vertex 148.5725 -158.97223469806673 0
vertex 109.60104076400856 -159.10104076400853 0
vertex 109.70674917045719 -158.97223469806673 0
endloop
endfacet
facet normal 0 0 -1
outer loop
vertex 108.39895923599141 -159.10104076400853 0
vertex 108.52776530193331 -159.20674917045713 0
vertex 87.47500088346348 -159.20674917045713 0
endloop
endfacet
facet normal 0 0 -1
outer loop
vertex 108.39895923599141 -159.10104076400853 0
vertex 87.47500088346348 -159.20674917045713 0
vertex 87.47500088169245 -159.10104076400853 0
endloop
endfacet
facet normal 0 0 -1
outer loop
vertex 148.5725 -159.10104076400853 0
vertex 148.5725 -159.20674917045713 0
vertex 109.47223469806666 -159.20674917045713 0
endloop
endfacet
facet normal 0 0 -1
outer loop
vertex 148.5725 -159.10104076400853 0
vertex 109.47223469806666 -159.20674917045713 0
vertex 109.60104076400856 -159.10104076400853 0
endloop
endfacet
facet normal 0 0 -1
outer loop
vertex 108.52776530193331 -159.20674917045713 0
vertex 108.6747190824898 -159.28529760263464 0
vertex 87.47500088477948 -159.28529760263464 0
endloop
endfacet
facet normal 0 0 -1
outer loop
vertex 108.52776530193331 -159.20674917045713 0
vertex 87.47500088477948 -159.28529760263464 0
vertex 87.47500088346348 -159.20674917045713 0
endloop
endfacet
facet normal 0 0 -1
outer loop
vertex 148.5725 -159.20674917045713 0
vertex 148.5725 -159.28529760263464 0
vertex 109.32528091751043 -159.28529760263464 0
endloop
endfacet
facet normal 0 0 -1
outer loop
vertex 148.5725 -159.20674917045713 0
vertex 109.32528091751043 -159.28529760263464 0
vertex 109.47223469806666 -159.20674917045713 0
endloop
endfacet
facet normal 0 0 -1
outer loop
vertex 108.6747190824898 -159.28529760263464 0
vertex 108.83417322628634 -159.33366748834277 0
vertex 87.47500088558985 -159.33366748834277 0
endloop
endfacet
facet normal 0 0 -1
outer loop
vertex 108.6747190824898 -159.28529760263464 0
vertex 87.47500088558985 -159.33366748834277 0
vertex 87.47500088477948 -159.28529760263464 0
endloop
endfacet
facet normal 0 0 -1
outer loop
vertex 148.5725 -159.28529760263464 0
vertex 148.5725 -159.33366748834277 0
vertex 109.1658267737135 -159.33366748834277 0
endloop
endfacet
facet normal 0 0 -1
outer loop
vertex 148.5725 -159.28529760263464 0
vertex 109.1658267737135 -159.33366748834277 0
vertex 109.32528091751043 -159.28529760263464 0
endloop
endfacet
facet normal 0 0 -1
outer loop
vertex 108.83417322628634 -159.33366748834277 0
vertex 109.00000000000006 -159.35000000000002 0
vertex 87.4750008858635 -159.35000000000002 0
endloop
endfacet
facet normal 0 0 -1
outer loop
vertex 108.83417322628634 -159.33366748834277 0
vertex 87.4750008858635 -159.35000000000002 0
vertex 87.47500088558985 -159.33366748834277 0
endloop
endfacet
facet normal 0 0 -1
outer loop
vertex 148.5725 -159.33366748834277 0
vertex 148.5725 -159.35000000000002 0
vertex 109.00000000000006 -159.35000000000002 0
endloop
endfacet
facet normal 0 0 -1
outer loop
vertex 148.5725 -159.33366748834277 0
vertex 109.00000000000006 -159.35000000000002 0
vertex 109.1658267737135 -159.33366748834277 0
endloop
endfacet
facet normal 0 0 -1
outer loop
vertex 209.72224540986494 -158.1798677 0
vertex 209.72215353055967 -160.1712886 0
vertex 190.0781823 -160.1712886 0
endloop
endfacet
facet normal 0 0 -1
outer loop
vertex 209.72224540986494 -158.1798677 0
vertex 190.0781823 -160.1712886 0
vertex 182.8492759592411 -160.1712886 0
endloop
endfacet
facet normal 0 0 -1
outer loop
vertex 209.72224540986494 -158.1798677 0
vertex 182.8492759592411 -160.1712886 0
vertex 183.20041720000003 -158.1798677 0
endloop
endfacet
facet normal 0 0 -1
outer loop
vertex 209.72215353055967 -160.1712886 0
vertex 209.7220409 -162.61247870000037 0
vertex 209.7017453517889 -162.96071056425046 0
endloop
endfacet
facet normal 0 0 -1
outer loop
vertex 209.72215353055967 -160.1712886 0
vertex 209.7017453517889 -162.96071056425046 0
vertex 209.64116567975717 -163.3042319943345 0
endloop
endfacet
facet normal 0 0 -1
outer loop
vertex 209.72215353055967 -160.1712886 0
vertex 209.64116567975717 -163.3042319943345 0
vertex 209.54112045000014 -163.63839934999962 0
endloop
endfacet
facet normal 0 0 -1
outer loop
vertex 209.72215353055967 -160.1712886 0
vertex 209.54112045000014 -163.63839934999962 0
vertex 209.07270186224247 -164.9253686 0
endloop
endfacet
facet normal 0 0 -1
outer loop
vertex 209.72215353055967 -160.1712886 0
vertex 209.07270186224247 -164.9253686 0
vertex 203.1399097 -164.9253686 0
endloop
endfacet
facet normal 0 0 -1
outer loop
vertex 209.72215353055967 -160.1712886 0
vertex 203.1399097 -164.9253686 0
vertex 190.0781823 -160.1712886 0
endloop
endfacet
facet normal 0 0 -1
outer loop
vertex 109.00000000000006 -159.35000000000002 0
vertex 148.5725 -159.35000000000002 0
vertex 148.5725 -169 0
endloop
endfacet
facet normal 0 0 -1
outer loop
vertex 109.00000000000006 -159.35000000000002 0
vertex 148.5725 -169 0
vertex 107.12421445694876 -169 0
endloop
endfacet
facet normal 0 0 -1
outer loop
vertex 109.00000000000006 -159.35000000000002 0
vertex 107.12421445694876 -169 0
vertex 89.98086190000052 -166.1371708000001 0
endloop
endfacet
facet normal 0 0 -1
outer loop
vertex 109.00000000000006 -159.35000000000002 0
vertex 89.98086190000052 -166.1371708000001 0
vertex 89.5267038382598 -166.02432454977546 0
endloop
endfacet
facet normal 0 0 -1
outer loop
vertex 109.00000000000006 -159.35000000000002 0
vertex 89.5267038382598 -166.02432454977546 0
vertex 89.09562120477212 -165.84222394252208 0
endloop
endfacet
facet normal 0 0 -1
outer loop
vertex 109.00000000000006 -159.35000000000002 0
vertex 89.09562120477212 -165.84222394252208 0
vertex 88.69810238534488 -165.59529954871263 0
endloop
endfacet
facet normal 0 0 -1
outer loop
vertex 109.00000000000006 -159.35000000000002 0
vertex 88.69810238534488 -165.59529954871263 0
vertex 88.3438200229088 -165.2895596662577 0
endloop
endfacet
facet normal 0 0 -1
outer loop
vertex 109.00000000000006 -159.35000000000002 0
vertex 88.3438200229088 -165.2895596662577 0
vertex 88.041394707536 -164.9324437233501 0
endloop
endfacet
facet normal 0 0 -1
outer loop
vertex 109.00000000000006 -159.35000000000002 0
vertex 88.041394707536 -164.9324437233501 0
vertex 87.79818521558099 -164.5326412582756 0
endloop
endfacet
facet normal 0 0 -1
outer loop
vertex 109.00000000000006 -159.35000000000002 0
vertex 87.79818521558099 -164.5326412582756 0
vertex 87.62010945195242 -164.09988048086484 0
endloop
endfacet
facet normal 0 0 -1
outer loop
vertex 109.00000000000006 -159.35000000000002 0
vertex 87.62010945195242 -164.09988048086484 0
vertex 87.51150045245144 -163.64469156043248 0
endloop
endfacet
facet normal 0 0 -1
outer loop
vertex 109.00000000000006 -159.35000000000002 0
vertex 87.51150045245144 -163.64469156043248 0
vertex 87.47500095000001 -163.17815040000016 0
endloop
endfacet
facet normal 0 0 -1
outer loop
vertex 109.00000000000006 -159.35000000000002 0
vertex 87.47500095000001 -163.17815040000016 0
vertex 87.4750008858635 -159.35000000000002 0
endloop
endfacet
facet normal 0 0 -1
outer loop
vertex 169.51158949999999 -155.766158 0
vertex 167.17810605614986 -169 0
vertex 162.4725 -169 0
endloop
endfacet
facet normal 0 0 -1
outer loop
vertex 169.51158949999999 -155.766158 0
vertex 162.4725 -169 0
vertex 162.4725 -155.766158 0
endloop
endfacet
facet normal 0 0 -1
outer loop
vertex 148.5725 -169 0
vertex 162.4725 -169 0
vertex 167.17810605614986 -169 0
endloop
endfacet
facet normal 0 0 -1
outer loop
vertex 148.5725 -169 0
vertex 167.17810605614986 -169 0
vertex 167.0978798 -169.45498569999998 0
endloop
endfacet
facet normal 0 0 -1
outer loop
vertex 148.5725 -169 0
vertex 167.0978798 -169.45498569999998 0
vertex 109.84878505426899 -169.45498569999998 0
endloop
endfacet
facet normal 0 0 -1
outer loop
vertex 148.5725 -169 0
vertex 109.84878505426899 -169.45498569999998 0
vertex 107.12421445694876 -169 0
endloop
endfacet
facet normal 0 0 -1
outer loop
vertex 167.0978798 -169.45498569999998 0
vertex 168.91537416817152 -169.775459 0
vertex 164.80986920000026 -169.775459 0
endloop
endfacet
facet normal 0 0 -1
outer loop
vertex 167.0978798 -169.45498569999998 0
vertex 164.80986920000026 -169.775459 0
vertex 111.76786103930831 -169.775459 0
endloop
endfacet
facet normal 0 0 -1
outer loop
vertex 167.0978798 -169.45498569999998 0
vertex 111.76786103930831 -169.775459 0
vertex 109.84878505426899 -169.45498569999998 0
endloop
endfacet
facet normal 0 0 -1
outer loop
vertex 164.80986920000026 -169.775459 0
vertex 164.64404242628683 -169.79179151165724 0
vertex 111.86566429123835 -169.79179151165724 0
endloop
endfacet
facet normal 0 0 -1
outer loop
vertex 164.80986920000026 -169.775459 0
vertex 111.86566429123835 -169.79179151165724 0
vertex 111.76786103930831 -169.775459 0
endloop
endfacet
facet normal 0 0 -1
outer loop
vertex 168.91537416817152 -169.775459 0
vertex 169.00800044298163 -169.79179151165724 0
vertex 164.97569597371373 -169.79179151165724 0
endloop
endfacet
facet normal 0 0 -1
outer loop
vertex 168.91537416817152 -169.775459 0
vertex 164.97569597371373 -169.79179151165724 0
vertex 164.80986920000026 -169.775459 0
endloop
endfacet
facet normal 0 0 -1
outer loop
vertex 164.64404242628683 -169.79179151165724 0
vertex 164.48458828248945 -169.84016139736536 0
vertex 112.15531552290587 -169.84016139736536 0
endloop
endfacet
facet normal 0 0 -1
outer loop
vertex 164.64404242628683 -169.79179151165724 0
vertex 112.15531552290587 -169.84016139736536 0
vertex 111.86566429123835 -169.79179151165724 0
endloop
endfacet
facet normal 0 0 -1
outer loop
vertex 169.00800044298163 -169.79179151165724 0
vertex 169.28231969161672 -169.84016139736536 0
vertex 165.1351501175102 -169.84016139736536 0
endloop
endfacet
facet normal 0 0 -1
outer loop
vertex 169.00800044298163 -169.79179151165724 0
vertex 165.1351501175102 -169.84016139736536 0
vertex 164.97569597371373 -169.79179151165724 0
endloop
endfacet
facet normal 0 0 -1
outer loop
vertex 164.48458828248945 -169.84016139736536 0
vertex 164.33763450193345 -169.91870982954288 0
vertex 112.62568359991678 -169.91870982954288 0
endloop
endfacet
facet normal 0 0 -1
outer loop
vertex 164.48458828248945 -169.84016139736536 0
vertex 112.62568359991678 -169.91870982954288 0
vertex 112.15531552290587 -169.84016139736536 0
endloop
endfacet
facet normal 0 0 -1
outer loop
vertex 169.28231969161672 -169.84016139736536 0
vertex 169.72778997919235 -169.91870982954288 0
vertex 165.28210389806668 -169.91870982954288 0
endloop
endfacet
facet normal 0 0 -1
outer loop
vertex 169.28231969161672 -169.84016139736536 0
vertex 165.28210389806668 -169.91870982954288 0
vertex 165.1351501175102 -169.84016139736536 0
endloop
endfacet
facet normal 0 0 -1
outer loop
vertex 164.33763450193345 -169.91870982954288 0
vertex 164.20882843599122 -170.02441823599153 0
vertex 113.25869254085623 -170.02441823599153 0
endloop
endfacet
facet normal 0 0 -1
outer loop
vertex 164.33763450193345 -169.91870982954288 0
vertex 113.25869254085623 -170.02441823599153 0
vertex 112.62568359991678 -169.91870982954288 0
endloop
endfacet
facet normal 0 0 -1
outer loop
vertex 169.72778997919235 -169.91870982954288 0
vertex 170.3272921323789 -170.02441823599153 0
vertex 165.41090996400865 -170.02441823599153 0
endloop
endfacet
facet normal 0 0 -1
outer loop
vertex 169.72778997919235 -169.91870982954288 0
vertex 165.41090996400865 -170.02441823599153 0
vertex 165.28210389806668 -169.91870982954288 0
endloop
endfacet
facet normal 0 0 -1
outer loop
vertex 164.20882843599122 -170.02441823599153 0
vertex 164.10312002954305 -170.15322430193325 0
vertex 114.03001616711812 -170.15322430193325 0
endloop
endfacet
facet normal 0 0 -1
outer loop
vertex 164.20882843599122 -170.02441823599153 0
vertex 114.03001616711812 -170.15322430193325 0
vertex 113.25869254085623 -170.02441823599153 0
endloop
endfacet
facet normal 0 0 -1
outer loop
vertex 170.3272921323789 -170.02441823599153 0
vertex 171.0577876196328 -170.15322430193325 0
vertex 165.5166183704571 -170.15322430193325 0
endloop
endfacet
facet normal 0 0 -1
outer loop
vertex 170.3272921323789 -170.02441823599153 0
vertex 165.5166183704571 -170.15322430193325 0
vertex 165.41090996400865 -170.02441823599153 0
endloop
endfacet
facet normal 0 0 -1
outer loop
vertex 164.10312002954305 -170.15322430193325 0
vertex 164.02457159736534 -170.30017808248974 0
vertex 114.91001294431193 -170.30017808248974 0
endloop
endfacet
facet normal 0 0 -1
outer loop
vertex 164.10312002954305 -170.15322430193325 0
vertex 114.91001294431193 -170.30017808248974 0
vertex 114.03001616711812 -170.15322430193325 0
endloop
endfacet
facet normal 0 0 -1
outer loop
vertex 171.0577876196328 -170.15322430193325 0
vertex 171.89120390904878 -170.30017808248974 0
vertex 165.5951668026346 -170.30017808248974 0
endloop
endfacet
facet normal 0 0 -1
outer loop
vertex 171.0577876196328 -170.15322430193325 0
vertex 165.5951668026346 -170.30017808248974 0
vertex 165.5166183704571 -170.15322430193325 0
endloop
endfacet
facet normal 0 0 -1
outer loop
vertex 164.02457159736534 -170.30017808248974 0
vertex 163.97620171165727 -170.4596322262863 0
vertex 115.86486508979469 -170.4596322262863 0
endloop
endfacet
facet normal 0 0 -1
outer loop
vertex 164.02457159736534 -170.30017808248974 0
vertex 115.86486508979469 -170.4596322262863 0
vertex 114.91001294431193 -170.30017808248974 0
endloop
endfacet
facet normal 0 0 -1
outer loop
vertex 171.89120390904878 -170.30017808248974 0
vertex 172.79551328000667 -170.4596322262863 0
vertex 165.64353668834275 -170.4596322262863 0
endloop
endfacet
facet normal 0 0 -1
outer loop
vertex 171.89120390904878 -170.30017808248974 0
vertex 165.64353668834275 -170.4596322262863 0
vertex 165.5951668026346 -170.30017808248974 0
endloop
endfacet
facet normal 0 0 -1
outer loop
vertex 163.97620171165727 -170.4596322262863 0
vertex 163.9598692 -170.62545899999998 0
vertex 116.8578781711043 -170.62545899999998 0
endloop
endfacet
facet normal 0 0 -1
outer loop
vertex 163.97620171165727 -170.4596322262863 0
vertex 116.8578781711043 -170.62545899999998 0
vertex 115.86486508979469 -170.4596322262863 0
endloop
endfacet
facet normal 0 0 -1
outer loop
vertex 172.79551328000667 -170.4596322262863 0
vertex 173.73596363052462 -170.62545899999998 0
vertex 165.6598692 -170.62545899999998 0
endloop
endfacet
facet normal 0 0 -1
outer loop
vertex 172.79551328000667 -170.4596322262863 0
vertex 165.6598692 -170.62545899999998 0
vertex 165.64353668834275 -170.4596322262863 0
endloop
endfacet
facet normal 0 0 -1
outer loop
vertex 163.9598692 -170.62545899999998 0
vertex 163.9762017116573 -170.79128577371387 0
vertex 117.85089125241511 -170.79128577371387 0
endloop
endfacet
facet normal 0 0 -1
outer loop
vertex 163.9598692 -170.62545899999998 0
vertex 117.85089125241511 -170.79128577371387 0
vertex 116.8578781711043 -170.62545899999998 0
endloop
endfacet
facet normal 0 0 -1
outer loop
vertex 173.73596363052462 -170.62545899999998 0
vertex 174.6764139810437 -170.79128577371387 0
vertex 165.64353668834275 -170.79128577371387 0
endloop
endfacet
facet normal 0 0 -1
outer loop
vertex 173.73596363052462 -170.62545899999998 0
vertex 165.64353668834275 -170.79128577371387 0
vertex 165.6598692 -170.62545899999998 0
endloop
endfacet
facet normal 0 0 -1
outer loop
vertex 163.9762017116573 -170.79128577371387 0
vertex 164.02457159736534 -170.95073991751016 0
vertex 118.80574339789634 -170.95073991751016 0
endloop
endfacet
facet normal 0 0 -1
outer loop
vertex 163.9762017116573 -170.79128577371387 0
vertex 118.80574339789634 -170.95073991751016 0
vertex 117.85089125241511 -170.79128577371387 0
endloop
endfacet
facet normal 0 0 -1
outer loop
vertex 174.6764139810437 -170.79128577371387 0
vertex 175.58072335200018 -170.95073991751016 0
vertex 165.59516680263462 -170.95073991751016 0
endloop
endfacet
facet normal 0 0 -1
outer loop
vertex 174.6764139810437 -170.79128577371387 0
vertex 165.59516680263462 -170.95073991751016 0
vertex 165.64353668834275 -170.79128577371387 0
endloop
endfacet
facet normal 0 0 -1
outer loop
vertex 164.02457159736534 -170.95073991751016 0
vertex 164.10312002954288 -171.0976936980667 0
vertex 119.68574017509049 -171.0976936980667 0
endloop
endfacet
facet normal 0 0 -1
outer loop
vertex 164.02457159736534 -170.95073991751016 0
vertex 119.68574017509049 -171.0976936980667 0
vertex 118.80574339789634 -170.95073991751016 0
endloop
endfacet
facet normal 0 0 -1
outer loop
vertex 175.58072335200018 -170.95073991751016 0
vertex 176.41413964141648 -171.0976936980667 0
vertex 165.51661837045722 -171.0976936980667 0
endloop
endfacet
facet normal 0 0 -1
outer loop
vertex 175.58072335200018 -170.95073991751016 0
vertex 165.51661837045722 -171.0976936980667 0
vertex 165.59516680263462 -170.95073991751016 0
endloop
endfacet
facet normal 0 0 -1
outer loop
vertex 164.10312002954288 -171.0976936980667 0
vertex 164.20882843599142 -171.22649976400854 0
vertex 120.45706380135306 -171.22649976400854 0
endloop
endfacet
facet normal 0 0 -1
outer loop
vertex 164.10312002954288 -171.0976936980667 0
vertex 120.45706380135306 -171.22649976400854 0
vertex 119.68574017509049 -171.0976936980667 0
endloop
endfacet
facet normal 0 0 -1
outer loop
vertex 176.41413964141648 -171.0976936980667 0
vertex 177.14463512867104 -171.22649976400854 0
vertex 165.41090996400854 -171.22649976400854 0
endloop
endfacet
facet normal 0 0 -1
outer loop
vertex 176.41413964141648 -171.0976936980667 0
vertex 165.41090996400854 -171.22649976400854 0
vertex 165.51661837045722 -171.0976936980667 0
endloop
endfacet
facet normal 0 0 -1
outer loop
vertex 164.20882843599142 -171.22649976400854 0
vertex 164.33763450193328 -171.3322081704571 0
vertex 121.09007274229201 -171.3322081704571 0
endloop
endfacet
facet normal 0 0 -1
outer loop
vertex 164.20882843599142 -171.22649976400854 0
vertex 121.09007274229201 -171.3322081704571 0
vertex 120.45706380135306 -171.22649976400854 0
endloop
endfacet
facet normal 0 0 -1
outer loop
vertex 177.14463512867104 -171.22649976400854 0
vertex 177.74413728185706 -171.3322081704571 0
vertex 165.28210389806674 -171.3322081704571 0
endloop
endfacet
facet normal 0 0 -1
outer loop
vertex 177.14463512867104 -171.22649976400854 0
vertex 165.28210389806674 -171.3322081704571 0
vertex 165.41090996400854 -171.22649976400854 0
endloop
endfacet
facet normal 0 0 -1
outer loop
vertex 164.33763450193328 -171.3322081704571 0
vertex 164.48458828248988 -171.41075660263468 0
vertex 121.56044081930325 -171.41075660263468 0
endloop
endfacet
facet normal 0 0 -1
outer loop
vertex 164.33763450193328 -171.3322081704571 0
vertex 121.56044081930325 -171.41075660263468 0
vertex 121.09007274229201 -171.3322081704571 0
endloop
endfacet
facet normal 0 0 -1
outer loop
vertex 177.74413728185706 -171.3322081704571 0
vertex 178.18960756943304 -171.41075660263468 0
vertex 165.1351501175104 -171.41075660263468 0
endloop
endfacet
facet normal 0 0 -1
outer loop
vertex 177.74413728185706 -171.3322081704571 0
vertex 165.1351501175104 -171.41075660263468 0
vertex 165.28210389806674 -171.3322081704571 0
endloop
endfacet
facet normal 0 0 -1
outer loop
vertex 164.48458828248988 -171.41075660263468 0
vertex 164.6440424262864 -171.4591264883428 0
vertex 121.85009205097077 -171.4591264883428 0
endloop
endfacet
facet normal 0 0 -1
outer loop
vertex 164.48458828248988 -171.41075660263468 0
vertex 121.85009205097077 -171.4591264883428 0
vertex 121.56044081930325 -171.41075660263468 0
endloop
endfacet
facet normal 0 0 -1
outer loop
vertex 178.18960756943304 -171.41075660263468 0
vertex 178.46392681806813 -171.4591264883428 0
vertex 164.9756959737137 -171.4591264883428 0
endloop
endfacet
facet normal 0 0 -1
outer loop
vertex 178.18960756943304 -171.41075660263468 0
vertex 164.9756959737137 -171.4591264883428 0
vertex 165.1351501175104 -171.41075660263468 0
endloop
endfacet
facet normal 0 0 -1
outer loop
vertex 164.6440424262864 -171.4591264883428 0
vertex 164.8098691999998 -171.47545900000003 0
vertex 121.94789530290082 -171.47545900000003 0
endloop
endfacet
facet normal 0 0 -1
outer loop
vertex 164.6440424262864 -171.4591264883428 0
vertex 121.94789530290082 -171.47545900000003 0
vertex 121.85009205097077 -171.4591264883428 0
endloop
endfacet
facet normal 0 0 -1
outer loop
vertex 178.46392681806813 -171.4591264883428 0
vertex 178.55655309287823 -171.47545900000003 0
vertex 164.8098691999998 -171.47545900000003 0
endloop
endfacet
facet normal 0 0 -1
outer loop
vertex 178.46392681806813 -171.4591264883428 0
vertex 164.8098691999998 -171.47545900000003 0
vertex 164.9756959737137 -171.4591264883428 0
endloop
endfacet
facet normal 0 0 -1
outer loop
vertex 164.8098691999998 -171.47545900000003 0
vertex 178.55655309287823 -171.47545900000003 0
vertex 180.78670749999998 -171.86869539999998 0
endloop
endfacet
facet normal 0 0 -1
outer loop
vertex 164.8098691999998 -171.47545900000003 0
vertex 180.78670749999998 -171.86869539999998 0
vertex 124.30269531801329 -171.86869539999998 0
endloop
endfacet
facet normal 0 0 -1
outer loop
vertex 164.8098691999998 -171.47545900000003 0
vertex 124.30269531801329 -171.86869539999998 0
vertex 121.94789530290082 -171.47545900000003 0
endloop
endfacet
facet normal 0 0 -1
outer loop
vertex 190.0781823 -160.1712886 0
vertex 185.82067439030774 -171.86869539999998 0
vertex 180.78670749999998 -171.86869539999998 0
endloop
endfacet
facet normal 0 0 -1
outer loop
vertex 190.0781823 -160.1712886 0
vertex 180.78670749999998 -171.86869539999998 0
vertex 182.8492759592411 -160.1712886 0
endloop
endfacet
facet normal 0 0 -1
outer loop
vertex 180.78670749999998 -171.86869539999998 0
vertex 185.82067439030774 -171.86869539999998 0
vertex 185.3241023 -173.233016 0
endloop
endfacet
facet normal 0 0 -1
outer loop
vertex 180.78670749999998 -171.86869539999998 0
vertex 185.3241023 -173.233016 0
vertex 132.472595585381 -173.233016 0
endloop
endfacet
facet normal 0 0 -1
outer loop
vertex 180.78670749999998 -171.86869539999998 0
vertex 132.472595585381 -173.233016 0
vertex 124.30269531801329 -171.86869539999998 0
endloop
endfacet
facet normal 0 0 -1
outer loop
vertex 185.3241023 -173.233016 0
vertex 198.38582970000002 -177.987096 0
vertex 160.94124105118087 -177.987096 0
endloop
endfacet
facet normal 0 0 -1
outer loop
vertex 185.3241023 -173.233016 0
vertex 160.94124105118087 -177.987096 0
vertex 132.472595585381 -173.233016 0
endloop
endfacet
facet normal 0 0 -1
outer loop
vertex 209.07270186224247 -164.9253686 0
vertex 204.3186209839449 -177.987096 0
vertex 198.38582970000002 -177.987096 0
endloop
endfacet
facet normal 0 0 -1
outer loop
vertex 209.07270186224247 -164.9253686 0
vertex 198.38582970000002 -177.987096 0
vertex 203.1399097 -164.9253686 0
endloop
endfacet
facet normal 0 0 -1
outer loop
vertex 198.38582970000002 -177.987096 0
vertex 204.3186209839449 -177.987096 0
vertex 202.68625089999983 -182.47199510000036 0
endloop
endfacet
facet normal 0 0 -1
outer loop
vertex 198.38582970000002 -177.987096 0
vertex 202.68625089999983 -182.47199510000036 0
vertex 202.49531034162897 -182.8926281194924 0
endloop
endfacet
facet normal 0 0 -1
outer loop
vertex 198.38582970000002 -177.987096 0
vertex 202.49531034162897 -182.8926281194924 0
vertex 202.24205220317359 -183.27895754589926 0
endloop
endfacet
facet normal 0 0 -1
outer loop
vertex 198.38582970000002 -177.987096 0
vertex 202.24205220317359 -183.27895754589926 0
vertex 201.93248578820277 -183.6218259537823 0
endloop
endfacet
facet normal 0 0 -1
outer loop
vertex 198.38582970000002 -177.987096 0
vertex 201.93248578820277 -183.6218259537823 0
vertex 201.5739509202127 -183.91310392898464 0
endloop
endfacet
facet normal 0 0 -1
outer loop
vertex 198.38582970000002 -177.987096 0
vertex 201.5739509202127 -183.91310392898464 0
vertex 201.1749484653226 -184.1458852671404 0
endloop
endfacet
facet normal 0 0 -1
outer loop
vertex 198.38582970000002 -177.987096 0
vertex 201.1749484653226 -184.1458852671404 0
vertex 200.74493877663167 -184.3146507198669 0
endloop
endfacet
facet normal 0 0 -1
outer loop
vertex 198.38582970000002 -177.987096 0
vertex 200.74493877663167 -184.3146507198669 0
vertex 200.29411738913373 -184.41539885620978 0
endloop
endfacet
facet normal 0 0 -1
outer loop
vertex 198.38582970000002 -177.987096 0
vertex 200.29411738913373 -184.41539885620978 0
vertex 199.83317328345592 -184.44574093662038 0
endloop
endfacet
facet normal 0 0 -1
outer loop
vertex 198.38582970000002 -177.987096 0
vertex 199.83317328345592 -184.44574093662038 0
vertex 199.3730354500002 -184.40495755000003 0
endloop
endfacet
facet normal 0 0 -1
outer loop
vertex 198.38582970000002 -177.987096 0
vertex 199.3730354500002 -184.40495755000003 0
vertex 160.94124105118087 -177.987096 0
endloop
endfacet
facet normal 0 0 1
outer loop
vertex 200.29411738913373 -184.41539885620978 1.2
vertex 200.74493877663164 -184.3146507198669 1.2
vertex 201.17494846532279 -184.1458852671403 1.2
endloop
endfacet
facet normal 0 0 1
outer loop
vertex 200.29411738913373 -184.41539885620978 1.2
vertex 201.17494846532279 -184.1458852671403 1.2
vertex 201.57395092021275 -183.91310392898464 1.2
endloop
endfacet
facet normal 0 0 1
outer loop
vertex 200.29411738913373 -184.41539885620978 1.2
vertex 201.57395092021275 -183.91310392898464 1.2
vertex 201.9324857882026 -183.6218259537825 1.2
endloop
endfacet
facet normal 0 0 1
outer loop
vertex 200.29411738913373 -184.41539885620978 1.2
vertex 201.9324857882026 -183.6218259537825 1.2
vertex 202.24205220317359 -183.2789575458993 1.2
endloop
endfacet
facet normal 0 0 1
outer loop
vertex 200.29411738913373 -184.41539885620978 1.2
vertex 202.24205220317359 -183.2789575458993 1.2
vertex 202.4953103416289 -182.89262811949254 1.2
endloop
endfacet
facet normal 0 0 1
outer loop
vertex 200.29411738913373 -184.41539885620978 1.2
vertex 202.4953103416289 -182.89262811949254 1.2
vertex 202.68625090000006 -182.47199509999987 1.2
endloop
endfacet
facet normal 0 0 1
outer loop
vertex 200.29411738913373 -184.41539885620978 1.2
vertex 202.68625090000006 -182.47199509999987 1.2
vertex 204.31862098394492 -177.987096 1.2
endloop
endfacet
facet normal 0 0 1
outer loop
vertex 200.29411738913373 -184.41539885620978 1.2
vertex 204.31862098394492 -177.987096 1.2
vertex 198.38582969999996 -177.987096 1.2
endloop
endfacet
facet normal 0 0 1
outer loop
vertex 200.29411738913373 -184.41539885620978 1.2
vertex 198.38582969999996 -177.987096 1.2
vertex 160.94124105118087 -177.987096 1.2
endloop
endfacet
facet normal 0 0 1
outer loop
vertex 200.29411738913373 -184.41539885620978 1.2
vertex 160.94124105118087 -177.987096 1.2
vertex 199.37303545000003 -184.40495755 1.2
endloop
endfacet
facet normal 0 0 1
outer loop
vertex 200.29411738913373 -184.41539885620978 1.2
vertex 199.37303545000003 -184.40495755 1.2
vertex 199.8331732834562 -184.44574093662038 1.2
endloop
endfacet
facet normal 0 0 1
outer loop
vertex 198.38582969999996 -177.987096 1.2
vertex 185.32410229999994 -173.233016 1.2
vertex 132.472595585381 -173.233016 1.2
endloop
endfacet
facet normal 0 0 1
outer loop
vertex 198.38582969999996 -177.987096 1.2
vertex 132.472595585381 -173.233016 1.2
vertex 160.94124105118087 -177.987096 1.2
endloop
endfacet
facet normal 0 0 1
outer loop
vertex 185.32410229999994 -173.233016 1.2
vertex 185.82067439030774 -171.86869539999998 1.2
vertex 180.78670749999998 -171.86869539999998 1.2
endloop
endfacet
facet normal 0 0 1
outer loop
vertex 185.32410229999994 -173.233016 1.2
vertex 180.78670749999998 -171.86869539999998 1.2
vertex 124.30269531801325 -171.86869539999998 1.2
endloop
endfacet
facet normal 0 0 1
outer loop
vertex 185.32410229999994 -173.233016 1.2
vertex 124.30269531801325 -171.86869539999998 1.2
vertex 132.472595585381 -173.233016 1.2
endloop
endfacet
facet normal 0 0 1
outer loop
vertex 180.78670749999998 -171.86869539999998 1.2
vertex 178.55655309287803 -171.475459 1.2
vertex 164.8098691999998 -171.475459 1.2
endloop
endfacet
facet normal 0 0 1
outer loop
vertex 180.78670749999998 -171.86869539999998 1.2
vertex 164.8098691999998 -171.475459 1.2
vertex 121.94789530290058 -171.475459 1.2
endloop
endfacet
facet normal 0 0 1
outer loop
vertex 180.78670749999998 -171.86869539999998 1.2
vertex 121.94789530290058 -171.475459 1.2
vertex 124.30269531801325 -171.86869539999998 1.2
endloop
endfacet
facet normal 0 0 1
outer loop
vertex 164.8098691999998 -171.475459 1.2
vertex 164.6440424262864 -171.45912648834278 1.2
vertex 121.85009205097053 -171.45912648834278 1.2
endloop
endfacet
facet normal 0 0 1
outer loop
vertex 164.8098691999998 -171.475459 1.2
vertex 121.85009205097053 -171.45912648834278 1.2
vertex 121.94789530290058 -171.475459 1.2
endloop
endfacet
facet normal 0 0 1
outer loop
vertex 178.55655309287803 -171.475459 1.2
vertex 178.46392681806793 -171.45912648834278 1.2
vertex 164.97569597371333 -171.45912648834278 1.2
endloop
endfacet
facet normal 0 0 1
outer loop
vertex 178.55655309287803 -171.475459 1.2
vertex 164.97569597371333 -171.45912648834278 1.2
vertex 164.8098691999998 -171.475459 1.2
endloop
endfacet
facet normal 0 0 1
outer loop
vertex 164.6440424262864 -171.45912648834278 1.2
vertex 164.48458828248977 -171.41075660263462 1.2
vertex 121.56044081930284 -171.41075660263462 1.2
endloop
endfacet
facet normal 0 0 1
outer loop
vertex 164.6440424262864 -171.45912648834278 1.2
vertex 121.56044081930284 -171.41075660263462 1.2
vertex 121.85009205097053 -171.45912648834278 1.2
endloop
endfacet
facet normal 0 0 1
outer loop
vertex 178.46392681806793 -171.45912648834278 1.2
vertex 178.18960756943267 -171.41075660263462 1.2
vertex 165.13515011751036 -171.41075660263462 1.2
endloop
endfacet
facet normal 0 0 1
outer loop
vertex 178.46392681806793 -171.45912648834278 1.2
vertex 165.13515011751036 -171.41075660263462 1.2
vertex 164.97569597371333 -171.45912648834278 1.2
endloop
endfacet
facet normal 0 0 1
outer loop
vertex 164.48458828248977 -171.41075660263462 1.2
vertex 164.33763450193345 -171.33220817045722 1.2
vertex 121.09007274229262 -171.33220817045722 1.2
endloop
endfacet
facet normal 0 0 1
outer loop
vertex 164.48458828248977 -171.41075660263462 1.2
vertex 121.09007274229262 -171.33220817045722 1.2
vertex 121.56044081930284 -171.41075660263462 1.2
endloop
endfacet
facet normal 0 0 1
outer loop
vertex 178.18960756943267 -171.41075660263462 1.2
vertex 177.7441372818577 -171.33220817045722 1.2
vertex 165.28210389806662 -171.33220817045722 1.2
endloop
endfacet
facet normal 0 0 1
outer loop
vertex 178.18960756943267 -171.41075660263462 1.2
vertex 165.28210389806662 -171.33220817045722 1.2
vertex 165.13515011751036 -171.41075660263462 1.2
endloop
endfacet
facet normal 0 0 1
outer loop
vertex 164.33763450193345 -171.33220817045722 1.2
vertex 164.20882843599136 -171.22649976400845 1.2
vertex 120.45706380135248 -171.22649976400845 1.2
endloop
endfacet
facet normal 0 0 1
outer loop
vertex 164.33763450193345 -171.33220817045722 1.2
vertex 120.45706380135248 -171.22649976400845 1.2
vertex 121.09007274229262 -171.33220817045722 1.2
endloop
endfacet
facet normal 0 0 1
outer loop
vertex 177.7441372818577 -171.33220817045722 1.2
vertex 177.1446351286705 -171.22649976400845 1.2
vertex 165.41090996400885 -171.22649976400845 1.2
endloop
endfacet
facet normal 0 0 1
outer loop
vertex 177.7441372818577 -171.33220817045722 1.2
vertex 165.41090996400885 -171.22649976400845 1.2
vertex 165.28210389806662 -171.33220817045722 1.2
endloop
endfacet
facet normal 0 0 1
outer loop
vertex 164.20882843599136 -171.22649976400845 1.2
vertex 164.10312002954288 -171.09769369806673 1.2
vertex 119.68574017509057 -171.09769369806673 1.2
endloop
endfacet
facet normal 0 0 1
outer loop
vertex 164.20882843599136 -171.22649976400845 1.2
vertex 119.68574017509057 -171.09769369806673 1.2
vertex 120.45706380135248 -171.22649976400845 1.2
endloop
endfacet
facet normal 0 0 1
outer loop
vertex 177.1446351286705 -171.22649976400845 1.2
vertex 176.41413964141657 -171.09769369806673 1.2
vertex 165.51661837045697 -171.09769369806673 1.2
endloop
endfacet
facet normal 0 0 1
outer loop
vertex 177.1446351286705 -171.22649976400845 1.2
vertex 165.51661837045697 -171.09769369806673 1.2
vertex 165.41090996400885 -171.22649976400845 1.2
endloop
endfacet
facet normal 0 0 1
outer loop
vertex 164.10312002954288 -171.09769369806673 1.2
vertex 164.02457159736542 -170.95073991751033 1.2
vertex 118.80574339789727 -170.95073991751033 1.2
endloop
endfacet
facet normal 0 0 1
outer loop
vertex 164.10312002954288 -171.09769369806673 1.2
vertex 118.80574339789727 -170.95073991751033 1.2
vertex 119.68574017509057 -171.09769369806673 1.2
endloop
endfacet
facet normal 0 0 1
outer loop
vertex 176.41413964141657 -171.09769369806673 1.2
vertex 175.5807233520011 -170.95073991751033 1.2
vertex 165.59516680263462 -170.95073991751033 1.2
endloop
endfacet
facet normal 0 0 1
outer loop
vertex 176.41413964141657 -171.09769369806673 1.2
vertex 165.59516680263462 -170.95073991751033 1.2
vertex 165.51661837045697 -171.09769369806673 1.2
endloop
endfacet
facet normal 0 0 1
outer loop
vertex 164.02457159736542 -170.95073991751033 1.2
vertex 163.97620171165727 -170.79128577371378 1.2
vertex 117.8508912524145 -170.79128577371378 1.2
endloop
endfacet
facet normal 0 0 1
outer loop
vertex 164.02457159736542 -170.95073991751033 1.2
vertex 117.8508912524145 -170.79128577371378 1.2
vertex 118.80574339789727 -170.95073991751033 1.2
endloop
endfacet
facet normal 0 0 1
outer loop
vertex 175.5807233520011 -170.95073991751033 1.2
vertex 174.67641398104314 -170.79128577371378 1.2
vertex 165.64353668834275 -170.79128577371378 1.2
endloop
endfacet
facet normal 0 0 1
outer loop
vertex 175.5807233520011 -170.95073991751033 1.2
vertex 165.64353668834275 -170.79128577371378 1.2
vertex 165.59516680263462 -170.95073991751033 1.2
endloop
endfacet
facet normal 0 0 1
outer loop
vertex 163.97620171165727 -170.79128577371378 1.2
vertex 163.9598692 -170.62545899999992 1.2
vertex 116.85787817110386 -170.62545899999992 1.2
endloop
endfacet
facet normal 0 0 1
outer loop
vertex 163.97620171165727 -170.79128577371378 1.2
vertex 116.85787817110386 -170.62545899999992 1.2
vertex 117.8508912524145 -170.79128577371378 1.2
endloop
endfacet
facet normal 0 0 1
outer loop
vertex 174.67641398104314 -170.79128577371378 1.2
vertex 173.73596363052422 -170.62545899999992 1.2
vertex 165.6598692 -170.62545899999992 1.2
endloop
endfacet
facet normal 0 0 1
outer loop
vertex 174.67641398104314 -170.79128577371378 1.2
vertex 165.6598692 -170.62545899999992 1.2
vertex 165.64353668834275 -170.79128577371378 1.2
endloop
endfacet
facet normal 0 0 1
outer loop
vertex 163.9598692 -170.62545899999992 1.2
vertex 163.9762017116573 -170.45963222628635 1.2
vertex 115.86486508979492 -170.45963222628635 1.2
endloop
endfacet
facet normal 0 0 1
outer loop
vertex 163.9598692 -170.62545899999992 1.2
vertex 115.86486508979492 -170.45963222628635 1.2
vertex 116.85787817110386 -170.62545899999992 1.2
endloop
endfacet
facet normal 0 0 1
outer loop
vertex 173.73596363052422 -170.62545899999992 1.2
vertex 172.7955132800069 -170.45963222628635 1.2
vertex 165.64353668834278 -170.45963222628635 1.2
endloop
endfacet
facet normal 0 0 1
outer loop
vertex 173.73596363052422 -170.62545899999992 1.2
vertex 165.64353668834278 -170.45963222628635 1.2
vertex 165.6598692 -170.62545899999992 1.2
endloop
endfacet
facet normal 0 0 1
outer loop
vertex 163.9762017116573 -170.45963222628635 1.2
vertex 164.0245715973653 -170.30017808248968 1.2
vertex 114.91001294431148 -170.30017808248968 1.2
endloop
endfacet
facet normal 0 0 1
outer loop
vertex 163.9762017116573 -170.45963222628635 1.2
vertex 114.91001294431148 -170.30017808248968 1.2
vertex 115.86486508979492 -170.45963222628635 1.2
endloop
endfacet
facet normal 0 0 1
outer loop
vertex 172.7955132800069 -170.45963222628635 1.2
vertex 171.89120390904833 -170.30017808248968 1.2
vertex 165.59516680263457 -170.30017808248968 1.2
endloop
endfacet
facet normal 0 0 1
outer loop
vertex 172.7955132800069 -170.45963222628635 1.2
vertex 165.59516680263457 -170.30017808248968 1.2
vertex 165.64353668834278 -170.45963222628635 1.2
endloop
endfacet
facet normal 0 0 1
outer loop
vertex 164.0245715973653 -170.30017808248968 1.2
vertex 164.10312002954285 -170.15322430193322 1.2
vertex 114.03001616711784 -170.15322430193322 1.2
endloop
endfacet
facet normal 0 0 1
outer loop
vertex 164.0245715973653 -170.30017808248968 1.2
vertex 114.03001616711784 -170.15322430193322 1.2
vertex 114.91001294431148 -170.30017808248968 1.2
endloop
endfacet
facet normal 0 0 1
outer loop
vertex 171.89120390904833 -170.30017808248968 1.2
vertex 171.0577876196325 -170.15322430193322 1.2
vertex 165.51661837045708 -170.15322430193322 1.2
endloop
endfacet
facet normal 0 0 1
outer loop
vertex 171.89120390904833 -170.30017808248968 1.2
vertex 165.51661837045708 -170.15322430193322 1.2
vertex 165.59516680263457 -170.30017808248968 1.2
endloop
endfacet
facet normal 0 0 1
outer loop
vertex 164.10312002954285 -170.15322430193322 1.2
vertex 164.20882843599162 -170.02441823599153 1.2
vertex 113.2586925408561 -170.02441823599153 1.2
endloop
endfacet
facet normal 0 0 1
outer loop
vertex 164.10312002954285 -170.15322430193322 1.2
vertex 113.2586925408561 -170.02441823599153 1.2
vertex 114.03001616711784 -170.15322430193322 1.2
endloop
endfacet
facet normal 0 0 1
outer loop
vertex 171.0577876196325 -170.15322430193322 1.2
vertex 170.32729213237874 -170.02441823599153 1.2
vertex 165.41090996400865 -170.02441823599153 1.2
endloop
endfacet
facet normal 0 0 1
outer loop
vertex 171.0577876196325 -170.15322430193322 1.2
vertex 165.41090996400865 -170.02441823599153 1.2
vertex 165.51661837045708 -170.15322430193322 1.2
endloop
endfacet
facet normal 0 0 1
outer loop
vertex 164.20882843599162 -170.02441823599153 1.2
vertex 164.3376345019331 -169.91870982954288 1.2
vertex 112.62568359991664 -169.91870982954288 1.2
endloop
endfacet
facet normal 0 0 1
outer loop
vertex 164.20882843599162 -170.02441823599153 1.2
vertex 112.62568359991664 -169.91870982954288 1.2
vertex 113.2586925408561 -170.02441823599153 1.2
endloop
endfacet
facet normal 0 0 1
outer loop
vertex 170.32729213237874 -170.02441823599153 1.2
vertex 169.7277899791922 -169.91870982954288 1.2
vertex 165.28210389806668 -169.91870982954288 1.2
endloop
endfacet
facet normal 0 0 1
outer loop
vertex 170.32729213237874 -170.02441823599153 1.2
vertex 165.28210389806668 -169.91870982954288 1.2
vertex 165.41090996400865 -170.02441823599153 1.2
endloop
endfacet
facet normal 0 0 1
outer loop
vertex 164.3376345019331 -169.91870982954288 1.2
vertex 164.48458828248968 -169.84016139736536 1.2
vertex 112.15531552290574 -169.84016139736536 1.2
endloop
endfacet
facet normal 0 0 1
outer loop
vertex 164.3376345019331 -169.91870982954288 1.2
vertex 112.15531552290574 -169.84016139736536 1.2
vertex 112.62568359991664 -169.91870982954288 1.2
endloop
endfacet
facet normal 0 0 1
outer loop
vertex 169.7277899791922 -169.91870982954288 1.2
vertex 169.28231969161658 -169.84016139736536 1.2
vertex 165.13515011751014 -169.84016139736536 1.2
endloop
endfacet
facet normal 0 0 1
outer loop
vertex 169.7277899791922 -169.91870982954288 1.2
vertex 165.13515011751014 -169.84016139736536 1.2
vertex 165.28210389806668 -169.91870982954288 1.2
endloop
endfacet
facet normal 0 0 1
outer loop
vertex 164.48458828248968 -169.84016139736536 1.2
vertex 164.64404242628626 -169.79179151165727 1.2
vertex 111.86566429123839 -169.79179151165727 1.2
endloop
endfacet
facet normal 0 0 1
outer loop
vertex 164.48458828248968 -169.84016139736536 1.2
vertex 111.86566429123839 -169.79179151165727 1.2
vertex 112.15531552290574 -169.84016139736536 1.2
endloop
endfacet
facet normal 0 0 1
outer loop
vertex 169.28231969161658 -169.84016139736536 1.2
vertex 169.00800044298165 -169.79179151165727 1.2
vertex 164.97569597371375 -169.79179151165727 1.2
endloop
endfacet
facet normal 0 0 1
outer loop
vertex 169.28231969161658 -169.84016139736536 1.2
vertex 164.97569597371375 -169.79179151165727 1.2
vertex 165.13515011751014 -169.84016139736536 1.2
endloop
endfacet
facet normal 0 0 1
outer loop
vertex 164.64404242628626 -169.79179151165727 1.2
vertex 164.80986920000015 -169.775459 1.2
vertex 111.76786103930817 -169.775459 1.2
endloop
endfacet
facet normal 0 0 1
outer loop
vertex 164.64404242628626 -169.79179151165727 1.2
vertex 111.76786103930817 -169.775459 1.2
vertex 111.86566429123839 -169.79179151165727 1.2
endloop
endfacet
facet normal 0 0 1
outer loop
vertex 169.00800044298165 -169.79179151165727 1.2
vertex 168.91537416817138 -169.775459 1.2
vertex 164.80986920000015 -169.775459 1.2
endloop
endfacet
facet normal 0 0 1
outer loop
vertex 169.00800044298165 -169.79179151165727 1.2
vertex 164.80986920000015 -169.775459 1.2
vertex 164.97569597371375 -169.79179151165727 1.2
endloop
endfacet
facet normal 0 0 1
outer loop
vertex 164.80986920000015 -169.775459 1.2
vertex 168.91537416817138 -169.775459 1.2
vertex 167.09787980000007 -169.4549857 1.2
endloop
endfacet
facet normal 0 0 1
outer loop
vertex 164.80986920000015 -169.775459 1.2
vertex 167.09787980000007 -169.4549857 1.2
vertex 109.848785054269 -169.4549857 1.2
endloop
endfacet
facet normal 0 0 1
outer loop
vertex 164.80986920000015 -169.775459 1.2
vertex 109.848785054269 -169.4549857 1.2
vertex 111.76786103930817 -169.775459 1.2
endloop
endfacet
facet normal 0 0 1
outer loop
vertex 167.09787980000007 -169.4549857 1.2
vertex 167.17810605614986 -169 1.2
vertex 162.4725 -169 1.2
endloop
endfacet
facet normal 0 0 1
outer loop
vertex 167.09787980000007 -169.4549857 1.2
vertex 162.4725 -169 1.2
vertex 148.5725 -169 1.2
endloop
endfacet
facet normal 0 0 1
outer loop
vertex 167.09787980000007 -169.4549857 1.2
vertex 148.5725 -169 1.2
vertex 107.1242144569486 -169 1.2
endloop
endfacet
facet normal 0 0 1
outer loop
vertex 167.09787980000007 -169.4549857 1.2
vertex 107.1242144569486 -169 1.2
vertex 109.848785054269 -169.4549857 1.2
endloop
endfacet
facet normal 0 0 1
outer loop
vertex 204.31862098394492 -177.987096 1.2
vertex 209.07270186224244 -164.9253686 1.2
vertex 203.1399097 -164.9253686 1.2
endloop
endfacet
facet normal 0 0 1
outer loop
vertex 204.31862098394492 -177.987096 1.2
vertex 203.1399097 -164.9253686 1.2
vertex 198.38582969999996 -177.987096 1.2
endloop
endfacet
facet normal 0 0 1
outer loop
vertex 185.82067439030774 -171.86869539999998 1.2
vertex 190.0781823 -160.1712886 1.2
vertex 182.8492759592411 -160.1712886 1.2
endloop
endfacet
facet normal 0 0 1
outer loop
vertex 185.82067439030774 -171.86869539999998 1.2
vertex 182.8492759592411 -160.1712886 1.2
vertex 180.78670749999998 -171.86869539999998 1.2
endloop
endfacet
facet normal 0 0 1
outer loop
vertex 209.07270186224244 -164.9253686 1.2
vertex 209.5411204500001 -163.63839934999967 1.2
vertex 209.6411656797572 -163.3042319943343 1.2
endloop
endfacet
facet normal 0 0 1
outer loop
vertex 209.07270186224244 -164.9253686 1.2
vertex 209.6411656797572 -163.3042319943343 1.2
vertex 209.7017453517889 -162.9607105642505 1.2
endloop
endfacet
facet normal 0 0 1
outer loop
vertex 209.07270186224244 -164.9253686 1.2
vertex 209.7017453517889 -162.9607105642505 1.2
vertex 209.7220409 -162.61247870000022 1.2
endloop
endfacet
facet normal 0 0 1
outer loop
vertex 209.07270186224244 -164.9253686 1.2
vertex 209.7220409 -162.61247870000022 1.2
vertex 209.72215353055967 -160.1712886 1.2
endloop
endfacet
facet normal 0 0 1
outer loop
vertex 209.07270186224244 -164.9253686 1.2
vertex 209.72215353055967 -160.1712886 1.2
vertex 190.0781823 -160.1712886 1.2
endloop
endfacet
facet normal 0 0 1
outer loop
vertex 209.07270186224244 -164.9253686 1.2
vertex 190.0781823 -160.1712886 1.2
vertex 203.1399097 -164.9253686 1.2
endloop
endfacet
facet normal 0 0 1
outer loop
vertex 148.5725 -169 1.2
vertex 148.5725 -159.35 1.2
vertex 109.00000000000006 -159.35 1.2
endloop
endfacet
facet normal 0 0 1
outer loop
vertex 148.5725 -169 1.2
vertex 109.00000000000006 -159.35 1.2
vertex 87.4750008858635 -159.35 1.2
endloop
endfacet
facet normal 0 0 1
outer loop
vertex 148.5725 -169 1.2
vertex 87.4750008858635 -159.35 1.2
vertex 87.47500095000001 -163.17815040000016 1.2
endloop
endfacet
facet normal 0 0 1
outer loop
vertex 148.5725 -169 1.2
vertex 87.47500095000001 -163.17815040000016 1.2
vertex 87.51150045245144 -163.64469156043248 1.2
endloop
endfacet
facet normal 0 0 1
outer loop
vertex 148.5725 -169 1.2
vertex 87.51150045245144 -163.64469156043248 1.2
vertex 87.62010945195243 -164.09988048086487 1.2
endloop
endfacet
facet normal 0 0 1
outer loop
vertex 148.5725 -169 1.2
vertex 87.62010945195243 -164.09988048086487 1.2
vertex 87.79818521558097 -164.53264125827553 1.2
endloop
endfacet
facet normal 0 0 1
outer loop
vertex 148.5725 -169 1.2
vertex 87.79818521558097 -164.53264125827553 1.2
vertex 88.04139470753606 -164.9324437233502 1.2
endloop
endfacet
facet normal 0 0 1
outer loop
vertex 148.5725 -169 1.2
vertex 88.04139470753606 -164.9324437233502 1.2
vertex 88.34382002290876 -165.28955966625767 1.2
endloop
endfacet
facet normal 0 0 1
outer loop
vertex 148.5725 -169 1.2
vertex 88.34382002290876 -165.28955966625767 1.2
vertex 88.69810238534492 -165.5952995487127 1.2
endloop
endfacet
facet normal 0 0 1
outer loop
vertex 148.5725 -169 1.2
vertex 88.69810238534492 -165.5952995487127 1.2
vertex 89.09562120477204 -165.84222394252208 1.2
endloop
endfacet
facet normal 0 0 1
outer loop
vertex 148.5725 -169 1.2
vertex 89.09562120477204 -165.84222394252208 1.2
vertex 89.52670383825986 -166.0243245497755 1.2
endloop
endfacet
facet normal 0 0 1
outer loop
vertex 148.5725 -169 1.2
vertex 89.52670383825986 -166.0243245497755 1.2
vertex 89.98086190000032 -166.1371708000001 1.2
endloop
endfacet
facet normal 0 0 1
outer loop
vertex 148.5725 -169 1.2
vertex 89.98086190000032 -166.1371708000001 1.2
vertex 107.1242144569486 -169 1.2
endloop
endfacet
facet normal 0 0 1
outer loop
vertex 109.00000000000006 -159.35 1.2
vertex 108.83417322628615 -159.3336674883427 1.2
vertex 87.47500088558985 -159.3336674883427 1.2
endloop
endfacet
facet normal 0 0 1
outer loop
vertex 109.00000000000006 -159.35 1.2
vertex 87.47500088558985 -159.3336674883427 1.2
vertex 87.4750008858635 -159.35 1.2
endloop
endfacet
facet normal 0 0 1
outer loop
vertex 148.5725 -159.35 1.2
vertex 148.5725 -159.3336674883427 1.2
vertex 109.16582677371412 -159.3336674883427 1.2
endloop
endfacet
facet normal 0 0 1
outer loop
vertex 148.5725 -159.35 1.2
vertex 109.16582677371412 -159.3336674883427 1.2
vertex 109.00000000000006 -159.35 1.2
endloop
endfacet
facet normal 0 0 1
outer loop
vertex 108.83417322628615 -159.3336674883427 1.2
vertex 108.67471908248989 -159.28529760263467 1.2
vertex 87.47500088477948 -159.28529760263467 1.2
endloop
endfacet
facet normal 0 0 1
outer loop
vertex 108.83417322628615 -159.3336674883427 1.2
vertex 87.47500088477948 -159.28529760263467 1.2
vertex 87.47500088558985 -159.3336674883427 1.2
endloop
endfacet
facet normal 0 0 1
outer loop
vertex 148.5725 -159.3336674883427 1.2
vertex 148.5725 -159.28529760263467 1.2
vertex 109.32528091750983 -159.28529760263467 1.2
endloop
endfacet
facet normal 0 0 1
outer loop
vertex 148.5725 -159.3336674883427 1.2
vertex 109.32528091750983 -159.28529760263467 1.2
vertex 109.16582677371412 -159.3336674883427 1.2
endloop
endfacet
facet normal 0 0 1
outer loop
vertex 108.67471908248989 -159.28529760263467 1.2
vertex 108.5277653019333 -159.2067491704571 1.2
vertex 87.47500088346348 -159.2067491704571 1.2
endloop
endfacet
facet normal 0 0 1
outer loop
vertex 108.67471908248989 -159.28529760263467 1.2
vertex 87.47500088346348 -159.2067491704571 1.2
vertex 87.47500088477948 -159.28529760263467 1.2
endloop
endfacet
facet normal 0 0 1
outer loop
vertex 148.5725 -159.28529760263467 1.2
vertex 148.5725 -159.2067491704571 1.2
vertex 109.47223469806697 -159.2067491704571 1.2
endloop
endfacet
facet normal 0 0 1
outer loop
vertex 148.5725 -159.28529760263467 1.2
vertex 109.47223469806697 -159.2067491704571 1.2
vertex 109.32528091750983 -159.28529760263467 1.2
endloop
endfacet
facet normal 0 0 1
outer loop
vertex 108.5277653019333 -159.2067491704571 1.2
vertex 108.39895923599141 -159.10104076400853 1.2
vertex 87.47500088169245 -159.10104076400853 1.2
endloop
endfacet
facet normal 0 0 1
outer loop
vertex 108.5277653019333 -159.2067491704571 1.2
vertex 87.47500088169245 -159.10104076400853 1.2
vertex 87.47500088346348 -159.2067491704571 1.2
endloop
endfacet
facet normal 0 0 1
outer loop
vertex 148.5725 -159.2067491704571 1.2
vertex 148.5725 -159.10104076400853 1.2
vertex 109.60104076400849 -159.10104076400853 1.2
endloop
endfacet
facet normal 0 0 1
outer loop
vertex 148.5725 -159.2067491704571 1.2
vertex 109.60104076400849 -159.10104076400853 1.2
vertex 109.47223469806697 -159.2067491704571 1.2
endloop
endfacet
facet normal 0 0 1
outer loop
vertex 108.39895923599141 -159.10104076400853 1.2
vertex 108.29325082954286 -158.9722346980667 1.2
vertex 87.47500087953443 -158.9722346980667 1.2
endloop
endfacet
facet normal 0 0 1
outer loop
vertex 108.39895923599141 -159.10104076400853 1.2
vertex 87.47500087953443 -158.9722346980667 1.2
vertex 87.47500088169245 -159.10104076400853 1.2
endloop
endfacet
facet normal 0 0 1
outer loop
vertex 148.5725 -159.10104076400853 1.2
vertex 148.5725 -158.9722346980667 1.2
vertex 109.7067491704571 -158.9722346980667 1.2
endloop
endfacet
facet normal 0 0 1
outer loop
vertex 148.5725 -159.10104076400853 1.2
vertex 109.7067491704571 -158.9722346980667 1.2
vertex 109.60104076400849 -159.10104076400853 1.2
endloop
endfacet
facet normal 0 0 1
outer loop
vertex 108.29325082954286 -158.9722346980667 1.2
vertex 108.2147023973654 -158.82528091751033 1.2
vertex 87.47500087707239 -158.82528091751033 1.2
endloop
endfacet
facet normal 0 0 1
outer loop
vertex 108.29325082954286 -158.9722346980667 1.2
vertex 87.47500087707239 -158.82528091751033 1.2
vertex 87.47500087953443 -158.9722346980667 1.2
endloop
endfacet
facet normal 0 0 1
outer loop
vertex 148.5725 -158.9722346980667 1.2
vertex 148.5725 -158.82528091751033 1.2
vertex 109.78529760263463 -158.82528091751033 1.2
endloop
endfacet
facet normal 0 0 1
outer loop
vertex 148.5725 -158.9722346980667 1.2
vertex 109.78529760263463 -158.82528091751033 1.2
vertex 109.7067491704571 -158.9722346980667 1.2
endloop
endfacet
facet normal 0 0 1
outer loop
vertex 108.2147023973654 -158.82528091751033 1.2
vertex 108.16633251165726 -158.66582677371372 1.2
vertex 87.4750008744009 -158.66582677371372 1.2
endloop
endfacet
facet normal 0 0 1
outer loop
vertex 108.2147023973654 -158.82528091751033 1.2
vertex 87.4750008744009 -158.66582677371372 1.2
vertex 87.47500087707239 -158.82528091751033 1.2
endloop
endfacet
facet normal 0 0 1
outer loop
vertex 148.5725 -158.82528091751033 1.2
vertex 148.5725 -158.66582677371372 1.2
vertex 109.83366748834274 -158.66582677371372 1.2
endloop
endfacet
facet normal 0 0 1
outer loop
vertex 148.5725 -158.82528091751033 1.2
vertex 109.83366748834274 -158.66582677371372 1.2
vertex 109.78529760263463 -158.82528091751033 1.2
endloop
endfacet
facet normal 0 0 1
outer loop
vertex 108.16633251165726 -158.66582677371372 1.2
vertex 108.15 -158.50000000000003 1.2
vertex 87.47500087162265 -158.50000000000003 1.2
endloop
endfacet
facet normal 0 0 1
outer loop
vertex 108.16633251165726 -158.66582677371372 1.2
vertex 87.47500087162265 -158.50000000000003 1.2
vertex 87.4750008744009 -158.66582677371372 1.2
endloop
endfacet
facet normal 0 0 1
outer loop
vertex 148.5725 -158.66582677371372 1.2
vertex 148.5725 -158.50000000000003 1.2
vertex 109.85 -158.50000000000003 1.2
endloop
endfacet
facet normal 0 0 1
outer loop
vertex 148.5725 -158.66582677371372 1.2
vertex 109.85 -158.50000000000003 1.2
vertex 109.83366748834274 -158.66582677371372 1.2
endloop
endfacet
facet normal 0 0 1
outer loop
vertex 108.15 -158.50000000000003 1.2
vertex 108.16633251165726 -158.33417322628634 1.2
vertex 87.4750008688444 -158.33417322628634 1.2
endloop
endfacet
facet normal 0 0 1
outer loop
vertex 108.15 -158.50000000000003 1.2
vertex 87.4750008688444 -158.33417322628634 1.2
vertex 87.47500087162265 -158.50000000000003 1.2
endloop
endfacet
facet normal 0 0 1
outer loop
vertex 148.5725 -158.50000000000003 1.2
vertex 148.5725 -158.33417322628634 1.2
vertex 109.83366748834274 -158.33417322628634 1.2
endloop
endfacet
facet normal 0 0 1
outer loop
vertex 148.5725 -158.50000000000003 1.2
vertex 109.83366748834274 -158.33417322628634 1.2
vertex 109.85 -158.50000000000003 1.2
endloop
endfacet
facet normal 0 0 1
outer loop
vertex 190.0781823 -160.1712886 1.2
vertex 209.72215353055967 -160.1712886 1.2
vertex 209.72224540986494 -158.1798677 1.2
endloop
endfacet
facet normal 0 0 1
outer loop
vertex 190.0781823 -160.1712886 1.2
vertex 209.72224540986494 -158.1798677 1.2
vertex 183.2004172 -158.1798677 1.2
endloop
endfacet
facet normal 0 0 1
outer loop
vertex 190.0781823 -160.1712886 1.2
vertex 183.2004172 -158.1798677 1.2
vertex 182.8492759592411 -160.1712886 1.2
endloop
endfacet
facet normal 0 0 1
outer loop
vertex 108.16633251165726 -158.33417322628634 1.2
vertex 108.21470239736539 -158.17471908248962 1.2
vertex 87.47500086617292 -158.17471908248962 1.2
endloop
endfacet
facet normal 0 0 1
outer loop
vertex 108.16633251165726 -158.33417322628634 1.2
vertex 87.47500086617292 -158.17471908248962 1.2
vertex 87.4750008688444 -158.33417322628634 1.2
endloop
endfacet
facet normal 0 0 1
outer loop
vertex 148.5725 -158.33417322628634 1.2
vertex 148.5725 -158.17471908248962 1.2
vertex 109.78529760263457 -158.17471908248962 1.2
endloop
endfacet
facet normal 0 0 1
outer loop
vertex 148.5725 -158.33417322628634 1.2
vertex 109.78529760263457 -158.17471908248962 1.2
vertex 109.83366748834274 -158.33417322628634 1.2
endloop
endfacet
facet normal 0 0 1
outer loop
vertex 108.21470239736539 -158.17471908248962 1.2
vertex 108.29325082954287 -158.0277653019333 1.2
vertex 87.47500086371087 -158.0277653019333 1.2
endloop
endfacet
facet normal 0 0 1
outer loop
vertex 108.21470239736539 -158.17471908248962 1.2
vertex 87.47500086371087 -158.0277653019333 1.2
vertex 87.47500086617292 -158.17471908248962 1.2
endloop
endfacet
facet normal 0 0 1
outer loop
vertex 148.5725 -158.17471908248962 1.2
vertex 148.5725 -158.0277653019333 1.2
vertex 109.70674917045714 -158.0277653019333 1.2
endloop
endfacet
facet normal 0 0 1
outer loop
vertex 148.5725 -158.17471908248962 1.2
vertex 109.70674917045714 -158.0277653019333 1.2
vertex 109.78529760263457 -158.17471908248962 1.2
endloop
endfacet
facet normal 0 0 1
outer loop
vertex 108.29325082954287 -158.0277653019333 1.2
vertex 108.39895923599138 -157.89895923599144 1.2
vertex 87.47500086155287 -157.89895923599144 1.2
endloop
endfacet
facet normal 0 0 1
outer loop
vertex 108.29325082954287 -158.0277653019333 1.2
vertex 87.47500086155287 -157.89895923599144 1.2
vertex 87.47500086371087 -158.0277653019333 1.2
endloop
endfacet
facet normal 0 0 1
outer loop
vertex 148.5725 -158.0277653019333 1.2
vertex 148.5725 -157.89895923599144 1.2
vertex 109.60104076400857 -157.89895923599144 1.2
endloop
endfacet
facet normal 0 0 1
outer loop
vertex 148.5725 -158.0277653019333 1.2
vertex 109.60104076400857 -157.89895923599144 1.2
vertex 109.70674917045714 -158.0277653019333 1.2
endloop
endfacet
facet normal 0 0 1
outer loop
vertex 108.39895923599138 -157.89895923599144 1.2
vertex 108.52776530193339 -157.79325082954284 1.2
vertex 87.47500085978184 -157.79325082954284 1.2
endloop
endfacet
facet normal 0 0 1
outer loop
vertex 108.39895923599138 -157.89895923599144 1.2
vertex 87.47500085978184 -157.79325082954284 1.2
vertex 87.47500086155287 -157.89895923599144 1.2
endloop
endfacet
facet normal 0 0 1
outer loop
vertex 148.5725 -157.89895923599144 1.2
vertex 148.5725 -157.79325082954284 1.2
vertex 109.47223469806667 -157.79325082954284 1.2
endloop
endfacet
facet normal 0 0 1
outer loop
vertex 148.5725 -157.89895923599144 1.2
vertex 109.47223469806667 -157.79325082954284 1.2
vertex 109.60104076400857 -157.89895923599144 1.2
endloop
endfacet
facet normal 0 0 1
outer loop
vertex 108.52776530193339 -157.79325082954284 1.2
vertex 108.67471908248986 -157.71470239736544 1.2
vertex 87.47500085846585 -157.71470239736544 1.2
endloop
endfacet
facet normal 0 0 1
outer loop
vertex 108.52776530193339 -157.79325082954284 1.2
vertex 87.47500085846585 -157.71470239736544 1.2
vertex 87.47500085978184 -157.79325082954284 1.2
endloop
endfacet
facet normal 0 0 1
outer loop
vertex 148.5725 -157.79325082954284 1.2
vertex 148.5725 -157.71470239736544 1.2
vertex 109.32528091751041 -157.71470239736544 1.2
endloop
endfacet
facet normal 0 0 1
outer loop
vertex 148.5725 -157.79325082954284 1.2
vertex 109.32528091751041 -157.71470239736544 1.2
vertex 109.47223469806667 -157.79325082954284 1.2
endloop
endfacet
facet normal 0 0 1
outer loop
vertex 108.67471908248986 -157.71470239736544 1.2
vertex 108.83417322628601 -157.66633251165726 1.2
vertex 87.47500085765546 -157.66633251165726 1.2
endloop
endfacet
facet normal 0 0 1
outer loop
vertex 108.67471908248986 -157.71470239736544 1.2
vertex 87.47500085765546 -157.66633251165726 1.2
vertex 87.47500085846585 -157.71470239736544 1.2
endloop
endfacet
facet normal 0 0 1
outer loop
vertex 148.5725 -157.71470239736544 1.2
vertex 148.5725 -157.66633251165726 1.2
vertex 109.16582677371369 -157.66633251165726 1.2
endloop
endfacet
facet normal 0 0 1
outer loop
vertex 148.5725 -157.71470239736544 1.2
vertex 109.16582677371369 -157.66633251165726 1.2
vertex 109.32528091751041 -157.71470239736544 1.2
endloop
endfacet
facet normal 0 0 1
outer loop
vertex 108.83417322628601 -157.66633251165726 1.2
vertex 109.00000000000013 -157.65000000000003 1.2
vertex 87.47500085738183 -157.65000000000003 1.2
endloop
endfacet
facet normal 0 0 1
outer loop
vertex 108.83417322628601 -157.66633251165726 1.2
vertex 87.47500085738183 -157.65000000000003 1.2
vertex 87.47500085765546 -157.66633251165726 1.2
endloop
endfacet
facet normal 0 0 1
outer loop
vertex 148.5725 -157.66633251165726 1.2
vertex 148.5725 -157.65000000000003 1.2
vertex 109.00000000000013 -157.65000000000003 1.2
endloop
endfacet
facet normal 0 0 1
outer loop
vertex 148.5725 -157.66633251165726 1.2
vertex 109.00000000000013 -157.65000000000003 1.2
vertex 109.16582677371369 -157.66633251165726 1.2
endloop
endfacet
facet normal 0 0 1
outer loop
vertex 109.00000000000013 -157.65000000000003 1.2
vertex 148.5725 -157.65000000000003 1.2
vertex 148.5725 -156.95 1.2
endloop
endfacet
facet normal 0 0 1
outer loop
vertex 109.00000000000013 -157.65000000000003 1.2
vertex 148.5725 -156.95 1.2
vertex 106.95 -156.95 1.2
endloop
endfacet
facet normal 0 0 1
outer loop
vertex 109.00000000000013 -157.65000000000003 1.2
vertex 106.95 -156.95 1.2
vertex 93.05 -156.95 1.2
endloop
endfacet
facet normal 0 0 1
outer loop
vertex 109.00000000000013 -157.65000000000003 1.2
vertex 93.05 -156.95 1.2
vertex 87.47500084565408 -156.95 1.2
endloop
endfacet
facet normal 0 0 1
outer loop
vertex 109.00000000000013 -157.65000000000003 1.2
vertex 87.47500084565408 -156.95 1.2
vertex 87.47500085738183 -157.65000000000003 1.2
endloop
endfacet
facet normal 0 0 1
outer loop
vertex 167.17810605614986 -169 1.2
vertex 169.51158950000004 -155.766158 1.2
vertex 162.4725 -155.766158 1.2
endloop
endfacet
facet normal 0 0 1
outer loop
vertex 167.17810605614986 -169 1.2
vertex 162.4725 -155.766158 1.2
vertex 162.4725 -169 1.2
endloop
endfacet
facet normal 0 0 1
outer loop
vertex 209.72224540986494 -158.1798677 1.2
vertex 209.72235677254596 -155.766158 1.2
vertex 169.51158950000004 -155.766158 1.2
endloop
endfacet
facet normal 0 0 1
outer loop
vertex 209.72224540986494 -158.1798677 1.2
vertex 169.51158950000004 -155.766158 1.2
vertex 183.2004172 -158.1798677 1.2
endloop
endfacet
facet normal 0 0 1
outer loop
vertex 148.5725 -156.95 1.2
vertex 148.5725 -155.1 1.2
vertex 106.95 -155.1 1.2
endloop
endfacet
facet normal 0 0 1
outer loop
vertex 148.5725 -156.95 1.2
vertex 106.95 -155.1 1.2
vertex 106.95 -156.95 1.2
endloop
endfacet
facet normal 0 0 1
outer loop
vertex 169.51158950000004 -155.766158 1.2
vertex 209.72235677254596 -155.766158 1.2
vertex 209.722387507452 -155.1 1.2
endloop
endfacet
facet normal 0 0 1
outer loop
vertex 169.51158950000004 -155.766158 1.2
vertex 209.722387507452 -155.1 1.2
vertex 162.4725 -155.1 1.2
endloop
endfacet
facet normal 0 0 1
outer loop
vertex 169.51158950000004 -155.766158 1.2
vertex 162.4725 -155.1 1.2
vertex 162.4725 -155.766158 1.2
endloop
endfacet
facet normal 0 0 1
outer loop
vertex 148.5725 -155.1 1.2
vertex 162.4725 -155.1 1.2
vertex 209.722387507452 -155.1 1.2
endloop
endfacet
facet normal 0 0 1
outer loop
vertex 148.5725 -155.1 1.2
vertex 209.722387507452 -155.1 1.2
vertex 209.72262511589645 -149.95 1.2
endloop
endfacet
facet normal 0 0 1
outer loop
vertex 148.5725 -155.1 1.2
vertex 209.72262511589645 -149.95 1.2
vertex 178.95 -149.95 1.2
endloop
endfacet
facet normal 0 0 1
outer loop
vertex 148.5725 -155.1 1.2
vertex 178.95 -149.95 1.2
vertex 165.05 -149.95 1.2
endloop
endfacet
facet normal 0 0 1
outer loop
vertex 148.5725 -155.1 1.2
vertex 165.05 -149.95 1.2
vertex 160.95 -149.95 1.2
endloop
endfacet
facet normal 0 0 1
outer loop
vertex 148.5725 -155.1 1.2
vertex 160.95 -149.95 1.2
vertex 147.05 -149.95 1.2
endloop
endfacet
facet normal 0 0 1
outer loop
vertex 148.5725 -155.1 1.2
vertex 147.05 -149.95 1.2
vertex 124.95 -149.95 1.2
endloop
endfacet
facet normal 0 0 1
outer loop
vertex 148.5725 -155.1 1.2
vertex 124.95 -149.95 1.2
vertex 111.05 -149.95 1.2
endloop
endfacet
facet normal 0 0 1
outer loop
vertex 148.5725 -155.1 1.2
vertex 111.05 -149.95 1.2
vertex 106.95 -149.95 1.2
endloop
endfacet
facet normal 0 0 1
outer loop
vertex 148.5725 -155.1 1.2
vertex 106.95 -149.95 1.2
vertex 106.95 -155.1 1.2
endloop
endfacet
facet normal 0 0 1
outer loop
vertex 209.72262511589645 -149.95 1.2
vertex 209.7228881 -144.25 1.2
vertex 201.25 -144.25 1.2
endloop
endfacet
facet normal 0 0 1
outer loop
vertex 209.72262511589645 -149.95 1.2
vertex 201.25 -144.25 1.2
vertex 178.95 -144.25 1.2
endloop
endfacet
facet normal 0 0 1
outer loop
vertex 209.72262511589645 -149.95 1.2
vertex 178.95 -144.25 1.2
vertex 178.95 -149.95 1.2
endloop
endfacet
facet normal 0 0 1
outer loop
vertex 93.05 -156.95 1.2
vertex 93.05 -143.05 1.2
vertex 87.47500061277461 -143.05 1.2
endloop
endfacet
facet normal 0 0 1
outer loop
vertex 93.05 -156.95 1.2
vertex 87.47500061277461 -143.05 1.2
vertex 87.47500084565408 -156.95 1.2
endloop
endfacet
facet normal 0 0 1
outer loop
vertex 111.05 -149.95 1.2
vertex 111.05 -143.05 1.2
vertex 106.95 -143.05 1.2
endloop
endfacet
facet normal 0 0 1
outer loop
vertex 111.05 -149.95 1.2
vertex 106.95 -143.05 1.2
vertex 106.95 -149.95 1.2
endloop
endfacet
facet normal 0 0 1
outer loop
vertex 147.05 -149.95 1.2
vertex 147.05 -142.95 1.2
vertex 142.95 -142.95 1.2
endloop
endfacet
facet normal 0 0 1
outer loop
vertex 147.05 -149.95 1.2
vertex 142.95 -142.95 1.2
vertex 129.05 -142.95 1.2
endloop
endfacet
facet normal 0 0 1
outer loop
vertex 147.05 -149.95 1.2
vertex 129.05 -142.95 1.2
vertex 124.95 -142.95 1.2
endloop
endfacet
facet normal 0 0 1
outer loop
vertex 147.05 -149.95 1.2
vertex 124.95 -142.95 1.2
vertex 124.95 -149.95 1.2
endloop
endfacet
facet normal 0 0 1
outer loop
vertex 93.05 -143.05 1.2
vertex 106.95 -143.05 1.2
vertex 111.05 -143.05 1.2
endloop
endfacet
facet normal 0 0 1
outer loop
vertex 93.05 -143.05 1.2
vertex 111.05 -143.05 1.2
vertex 111.05 -139.95 1.2
endloop
endfacet
facet normal 0 0 1
outer loop
vertex 93.05 -143.05 1.2
vertex 111.05 -139.95 1.2
vertex 106.95 -139.95 1.2
endloop
endfacet
facet normal 0 0 1
outer loop
vertex 93.05 -143.05 1.2
vertex 106.95 -139.95 1.2
vertex 93.05 -139.95 1.2
endloop
endfacet
facet normal 0 0 1
outer loop
vertex 93.05 -143.05 1.2
vertex 93.05 -139.95 1.2
vertex 87.47500056083746 -139.95 1.2
endloop
endfacet
facet normal 0 0 1
outer loop
vertex 93.05 -143.05 1.2
vertex 87.47500056083746 -139.95 1.2
vertex 87.47500061277461 -143.05 1.2
endloop
endfacet
facet normal 0 0 1
outer loop
vertex 111.05 -139.95 1.2
vertex 111.05 -136.05 1.2
vertex 106.95 -136.05 1.2
endloop
endfacet
facet normal 0 0 1
outer loop
vertex 111.05 -139.95 1.2
vertex 106.95 -136.05 1.2
vertex 106.95 -139.95 1.2
endloop
endfacet
facet normal 0 0 1
outer loop
vertex 129.05 -142.95 1.2
vertex 129.05 -136.05 1.2
vertex 124.95 -136.05 1.2
endloop
endfacet
facet normal 0 0 1
outer loop
vertex 129.05 -142.95 1.2
vertex 124.95 -136.05 1.2
vertex 124.95 -142.95 1.2
endloop
endfacet
facet normal 0 0 1
outer loop
vertex 147.05 -142.95 1.2
vertex 147.05 -136.05 1.2
vertex 142.95 -136.05 1.2
endloop
endfacet
facet normal 0 0 1
outer loop
vertex 147.05 -142.95 1.2
vertex 142.95 -136.05 1.2
vertex 142.95 -142.95 1.2
endloop
endfacet
facet normal 0 0 1
outer loop
vertex 165.05 -149.95 1.2
vertex 165.05 -136.05 1.2
vertex 160.95 -136.05 1.2
endloop
endfacet
facet normal 0 0 1
outer loop
vertex 165.05 -149.95 1.2
vertex 160.95 -136.05 1.2
vertex 160.95 -149.95 1.2
endloop
endfacet
facet normal 0 0 1
outer loop
vertex 201.25 -144.25 1.2
vertex 201.25 -136.05 1.2
vertex 178.95 -136.05 1.2
endloop
endfacet
facet normal 0 0 1
outer loop
vertex 201.25 -144.25 1.2
vertex 178.95 -136.05 1.2
vertex 178.95 -144.25 1.2
endloop
endfacet
facet normal 0 0 1
outer loop
vertex 147.05 -136.05 1.2
vertex 160.95 -136.05 1.2
vertex 165.05 -136.05 1.2
endloop
endfacet
facet normal 0 0 1
outer loop
vertex 147.05 -136.05 1.2
vertex 165.05 -136.05 1.2
vertex 178.95 -136.05 1.2
endloop
endfacet
facet normal 0 0 1
outer loop
vertex 147.05 -136.05 1.2
vertex 178.95 -136.05 1.2
vertex 201.25 -136.05 1.2
endloop
endfacet
facet normal 0 0 1
outer loop
vertex 147.05 -136.05 1.2
vertex 201.25 -136.05 1.2
vertex 201.25 -136 1.2
endloop
endfacet
facet normal 0 0 1
outer loop
vertex 147.05 -136.05 1.2
vertex 201.25 -136 1.2
vertex 186.75 -136 1.2
endloop
endfacet
facet normal 0 0 1
outer loop
vertex 147.05 -136.05 1.2
vertex 186.75 -136 1.2
vertex 142.95 -136 1.2
endloop
endfacet
facet normal 0 0 1
outer loop
vertex 147.05 -136.05 1.2
vertex 142.95 -136 1.2
vertex 142.95 -136.05 1.2
endloop
endfacet
facet normal 0 0 1
outer loop
vertex 111.05 -136.05 1.2
vertex 124.95 -136.05 1.2
vertex 129.05 -136.05 1.2
endloop
endfacet
facet normal 0 0 1
outer loop
vertex 111.05 -136.05 1.2
vertex 129.05 -136.05 1.2
vertex 129.05 -132.95 1.2
endloop
endfacet
facet normal 0 0 1
outer loop
vertex 111.05 -136.05 1.2
vertex 129.05 -132.95 1.2
vertex 124.95 -132.95 1.2
endloop
endfacet
facet normal 0 0 1
outer loop
vertex 111.05 -136.05 1.2
vertex 124.95 -132.95 1.2
vertex 111.05 -132.95 1.2
endloop
endfacet
facet normal 0 0 1
outer loop
vertex 111.05 -136.05 1.2
vertex 111.05 -132.95 1.2
vertex 106.95 -132.95 1.2
endloop
endfacet
facet normal 0 0 1
outer loop
vertex 111.05 -136.05 1.2
vertex 106.95 -132.95 1.2
vertex 106.95 -136.05 1.2
endloop
endfacet
facet normal 0 0 1
outer loop
vertex 186.75 -136 1.2
vertex 186.75 -132.95 1.2
vertex 178.95 -132.95 1.2
endloop
endfacet
facet normal 0 0 1
outer loop
vertex 186.75 -136 1.2
vertex 178.95 -132.95 1.2
vertex 165.05 -132.95 1.2
endloop
endfacet
facet normal 0 0 1
outer loop
vertex 186.75 -136 1.2
vertex 165.05 -132.95 1.2
vertex 160.95 -132.95 1.2
endloop
endfacet
facet normal 0 0 1
outer loop
vertex 186.75 -136 1.2
vertex 160.95 -132.95 1.2
vertex 147.05 -132.95 1.2
endloop
endfacet
facet normal 0 0 1
outer loop
vertex 186.75 -136 1.2
vertex 147.05 -132.95 1.2
vertex 142.95 -132.95 1.2
endloop
endfacet
facet normal 0 0 1
outer loop
vertex 186.75 -136 1.2
vertex 142.95 -132.95 1.2
vertex 142.95 -136 1.2
endloop
endfacet
facet normal 0 0 1
outer loop
vertex 129.05 -132.95 1.2
vertex 129.05 -129.05 1.2
vertex 124.95 -129.05 1.2
endloop
endfacet
facet normal 0 0 1
outer loop
vertex 129.05 -132.95 1.2
vertex 124.95 -129.05 1.2
vertex 124.95 -132.95 1.2
endloop
endfacet
facet normal 0 0 1
outer loop
vertex 147.05 -132.95 1.2
vertex 147.05 -129.05 1.2
vertex 142.95 -129.05 1.2
endloop
endfacet
facet normal 0 0 1
outer loop
vertex 147.05 -132.95 1.2
vertex 142.95 -129.05 1.2
vertex 142.95 -132.95 1.2
endloop
endfacet
facet normal 0 0 1
outer loop
vertex 93.05 -139.95 1.2
vertex 93.05 -126.05 1.2
vertex 87.47500032795797 -126.05 1.2
endloop
endfacet
facet normal 0 0 1
outer loop
vertex 93.05 -139.95 1.2
vertex 87.47500032795797 -126.05 1.2
vertex 87.47500056083746 -139.95 1.2
endloop
endfacet
facet normal 0 0 1
outer loop
vertex 111.05 -132.95 1.2
vertex 111.05 -126.05 1.2
vertex 106.95 -126.05 1.2
endloop
endfacet
facet normal 0 0 1
outer loop
vertex 111.05 -132.95 1.2
vertex 106.95 -126.05 1.2
vertex 106.95 -132.95 1.2
endloop
endfacet
facet normal 0 0 1
outer loop
vertex 129.05 -129.05 1.2
vertex 142.95 -129.05 1.2
vertex 147.05 -129.05 1.2
endloop
endfacet
facet normal 0 0 1
outer loop
vertex 129.05 -129.05 1.2
vertex 147.05 -129.05 1.2
vertex 147.05 -125.95 1.2
endloop
endfacet
facet normal 0 0 1
outer loop
vertex 129.05 -129.05 1.2
vertex 147.05 -125.95 1.2
vertex 142.95 -125.95 1.2
endloop
endfacet
facet normal 0 0 1
outer loop
vertex 129.05 -129.05 1.2
vertex 142.95 -125.95 1.2
vertex 129.05 -125.95 1.2
endloop
endfacet
facet normal 0 0 1
outer loop
vertex 129.05 -129.05 1.2
vertex 129.05 -125.95 1.2
vertex 124.95 -125.95 1.2
endloop
endfacet
facet normal 0 0 1
outer loop
vertex 129.05 -129.05 1.2
vertex 124.95 -125.95 1.2
vertex 124.95 -129.05 1.2
endloop
endfacet
facet normal 0 0 1
outer loop
vertex 93.05 -126.05 1.2
vertex 106.95 -126.05 1.2
vertex 111.05 -126.05 1.2
endloop
endfacet
facet normal 0 0 1
outer loop
vertex 93.05 -126.05 1.2
vertex 111.05 -126.05 1.2
vertex 111.05 -122.95 1.2
endloop
endfacet
facet normal 0 0 1
outer loop
vertex 93.05 -126.05 1.2
vertex 111.05 -122.95 1.2
vertex 106.95 -122.95 1.2
endloop
endfacet
facet normal 0 0 1
outer loop
vertex 93.05 -126.05 1.2
vertex 106.95 -122.95 1.2
vertex 93.05 -122.95 1.2
endloop
endfacet
facet normal 0 0 1
outer loop
vertex 93.05 -126.05 1.2
vertex 93.05 -122.95 1.2
vertex 87.47500027602081 -122.95 1.2
endloop
endfacet
facet normal 0 0 1
outer loop
vertex 93.05 -126.05 1.2
vertex 87.47500027602081 -122.95 1.2
vertex 87.47500032795797 -126.05 1.2
endloop
endfacet
facet normal 0 0 1
outer loop
vertex 111.05 -122.95 1.2
vertex 111.05 -119.05 1.2
vertex 106.95 -119.05 1.2
endloop
endfacet
facet normal 0 0 1
outer loop
vertex 111.05 -122.95 1.2
vertex 106.95 -119.05 1.2
vertex 106.95 -122.95 1.2
endloop
endfacet
facet normal 0 0 1
outer loop
vertex 129.05 -125.95 1.2
vertex 129.05 -119.05 1.2
vertex 124.95 -119.05 1.2
endloop
endfacet
facet normal 0 0 1
outer loop
vertex 129.05 -125.95 1.2
vertex 124.95 -119.05 1.2
vertex 124.95 -125.95 1.2
endloop
endfacet
facet normal 0 0 1
outer loop
vertex 147.05 -125.95 1.2
vertex 147.05 -119.05 1.2
vertex 142.95 -119.05 1.2
endloop
endfacet
facet normal 0 0 1
outer loop
vertex 147.05 -125.95 1.2
vertex 142.95 -119.05 1.2
vertex 142.95 -125.95 1.2
endloop
endfacet
facet normal 0 0 1
outer loop
vertex 165.05 -132.95 1.2
vertex 165.05 -119.05 1.2
vertex 160.95 -119.05 1.2
endloop
endfacet
facet normal 0 0 1
outer loop
vertex 165.05 -132.95 1.2
vertex 160.95 -119.05 1.2
vertex 160.95 -132.95 1.2
endloop
endfacet
facet normal 0 0 1
outer loop
vertex 186.75 -132.95 1.2
vertex 186.75 -119.05 1.2
vertex 178.95 -119.05 1.2
endloop
endfacet
facet normal 0 0 1
outer loop
vertex 186.75 -132.95 1.2
vertex 178.95 -119.05 1.2
vertex 178.95 -132.95 1.2
endloop
endfacet
facet normal 0 0 1
outer loop
vertex 111.05 -119.05 1.2
vertex 124.95 -119.05 1.2
vertex 129.05 -119.05 1.2
endloop
endfacet
facet normal 0 0 1
outer loop
vertex 111.05 -119.05 1.2
vertex 129.05 -119.05 1.2
vertex 129.05 -118.35 1.2
endloop
endfacet
facet normal 0 0 1
outer loop
vertex 111.05 -119.05 1.2
vertex 129.05 -118.35 1.2
vertex 108.99999999999999 -118.35 1.2
endloop
endfacet
facet normal 0 0 1
outer loop
vertex 111.05 -119.05 1.2
vertex 108.99999999999999 -118.35 1.2
vertex 106.95 -118.35 1.2
endloop
endfacet
facet normal 0 0 1
outer loop
vertex 111.05 -119.05 1.2
vertex 106.95 -118.35 1.2
vertex 106.95 -119.05 1.2
endloop
endfacet
facet normal 0 0 1
outer loop
vertex 147.05 -119.05 1.2
vertex 160.95 -119.05 1.2
vertex 165.05 -119.05 1.2
endloop
endfacet
facet normal 0 0 1
outer loop
vertex 147.05 -119.05 1.2
vertex 165.05 -119.05 1.2
vertex 178.95 -119.05 1.2
endloop
endfacet
facet normal 0 0 1
outer loop
vertex 147.05 -119.05 1.2
vertex 178.95 -119.05 1.2
vertex 186.75 -119.05 1.2
endloop
endfacet
facet normal 0 0 1
outer loop
vertex 147.05 -119.05 1.2
vertex 186.75 -119.05 1.2
vertex 186.75 -118.35 1.2
endloop
endfacet
facet normal 0 0 1
outer loop
vertex 147.05 -119.05 1.2
vertex 186.75 -118.35 1.2
vertex 180.9999999999999 -118.35 1.2
endloop
endfacet
facet normal 0 0 1
outer loop
vertex 147.05 -119.05 1.2
vertex 180.9999999999999 -118.35 1.2
vertex 142.95 -118.35 1.2
endloop
endfacet
facet normal 0 0 1
outer loop
vertex 147.05 -119.05 1.2
vertex 142.95 -118.35 1.2
vertex 142.95 -119.05 1.2
endloop
endfacet
facet normal 0 0 1
outer loop
vertex 108.99999999999999 -118.35 1.2
vertex 108.83417322628641 -118.33366748834275 1.2
vertex 106.95 -118.33366748834275 1.2
endloop
endfacet
facet normal 0 0 1
outer loop
vertex 108.99999999999999 -118.35 1.2
vertex 106.95 -118.33366748834275 1.2
vertex 106.95 -118.35 1.2
endloop
endfacet
facet normal 0 0 1
outer loop
vertex 129.05 -118.35 1.2
vertex 129.05 -118.33366748834275 1.2
vertex 109.16582677371362 -118.33366748834275 1.2
endloop
endfacet
facet normal 0 0 1
outer loop
vertex 129.05 -118.35 1.2
vertex 109.16582677371362 -118.33366748834275 1.2
vertex 108.99999999999999 -118.35 1.2
endloop
endfacet
facet normal 0 0 1
outer loop
vertex 180.9999999999999 -118.35 1.2
vertex 180.83417322628628 -118.33366748834275 1.2
vertex 142.95 -118.33366748834275 1.2
endloop
endfacet
facet normal 0 0 1
outer loop
vertex 180.9999999999999 -118.35 1.2
vertex 142.95 -118.33366748834275 1.2
vertex 142.95 -118.35 1.2
endloop
endfacet
facet normal 0 0 1
outer loop
vertex 186.75 -118.35 1.2
vertex 186.75 -118.33366748834275 1.2
vertex 181.1658267737136 -118.33366748834275 1.2
endloop
endfacet
facet normal 0 0 1
outer loop
vertex 186.75 -118.35 1.2
vertex 181.1658267737136 -118.33366748834275 1.2
vertex 180.9999999999999 -118.35 1.2
endloop
endfacet
facet normal 0 0 1
outer loop
vertex 108.83417322628641 -118.33366748834275 1.2
vertex 108.67471908248964 -118.28529760263457 1.2
vertex 106.95 -118.28529760263457 1.2
endloop
endfacet
facet normal 0 0 1
outer loop
vertex 108.83417322628641 -118.33366748834275 1.2
vertex 106.95 -118.28529760263457 1.2
vertex 106.95 -118.33366748834275 1.2
endloop
endfacet
facet normal 0 0 1
outer loop
vertex 129.05 -118.33366748834275 1.2
vertex 129.05 -118.28529760263457 1.2
vertex 109.32528091751054 -118.28529760263457 1.2
endloop
endfacet
facet normal 0 0 1
outer loop
vertex 129.05 -118.33366748834275 1.2
vertex 109.32528091751054 -118.28529760263457 1.2
vertex 109.16582677371362 -118.33366748834275 1.2
endloop
endfacet
facet normal 0 0 1
outer loop
vertex 180.83417322628628 -118.33366748834275 1.2
vertex 180.67471908248964 -118.28529760263457 1.2
vertex 142.95 -118.28529760263457 1.2
endloop
endfacet
facet normal 0 0 1
outer loop
vertex 180.83417322628628 -118.33366748834275 1.2
vertex 142.95 -118.28529760263457 1.2
vertex 142.95 -118.33366748834275 1.2
endloop
endfacet
facet normal 0 0 1
outer loop
vertex 186.75 -118.33366748834275 1.2
vertex 186.75 -118.28529760263457 1.2
vertex 181.3252809175105 -118.28529760263457 1.2
endloop
endfacet
facet normal 0 0 1
outer loop
vertex 186.75 -118.33366748834275 1.2
vertex 181.3252809175105 -118.28529760263457 1.2
vertex 181.1658267737136 -118.33366748834275 1.2
endloop
endfacet
facet normal 0 0 1
outer loop
vertex 108.67471908248964 -118.28529760263457 1.2
vertex 108.52776530193336 -118.20674917045716 1.2
vertex 106.95 -118.20674917045716 1.2
endloop
endfacet
facet normal 0 0 1
outer loop
vertex 108.67471908248964 -118.28529760263457 1.2
vertex 106.95 -118.20674917045716 1.2
vertex 106.95 -118.28529760263457 1.2
endloop
endfacet
facet normal 0 0 1
outer loop
vertex 129.05 -118.28529760263457 1.2
vertex 129.05 -118.20674917045716 1.2
vertex 109.4722346980665 -118.20674917045716 1.2
endloop
endfacet
facet normal 0 0 1
outer loop
vertex 129.05 -118.28529760263457 1.2
vertex 109.4722346980665 -118.20674917045716 1.2
vertex 109.32528091751054 -118.28529760263457 1.2
endloop
endfacet
facet normal 0 0 1
outer loop
vertex 180.67471908248964 -118.28529760263457 1.2
vertex 180.52776530193339 -118.20674917045716 1.2
vertex 142.95 -118.20674917045716 1.2
endloop
endfacet
facet normal 0 0 1
outer loop
vertex 180.67471908248964 -118.28529760263457 1.2
vertex 142.95 -118.20674917045716 1.2
vertex 142.95 -118.28529760263457 1.2
endloop
endfacet
facet normal 0 0 1
outer loop
vertex 186.75 -118.28529760263457 1.2
vertex 186.75 -118.20674917045716 1.2
vertex 181.47223469806653 -118.20674917045716 1.2
endloop
endfacet
facet normal 0 0 1
outer loop
vertex 186.75 -118.28529760263457 1.2
vertex 181.47223469806653 -118.20674917045716 1.2
vertex 181.3252809175105 -118.28529760263457 1.2
endloop
endfacet
facet normal 0 0 1
outer loop
vertex 108.52776530193336 -118.20674917045716 1.2
vertex 108.39895923599146 -118.10104076400856 1.2
vertex 106.95 -118.10104076400856 1.2
endloop
endfacet
facet normal 0 0 1
outer loop
vertex 108.52776530193336 -118.20674917045716 1.2
vertex 106.95 -118.10104076400856 1.2
vertex 106.95 -118.20674917045716 1.2
endloop
endfacet
facet normal 0 0 1
outer loop
vertex 129.05 -118.20674917045716 1.2
vertex 129.05 -118.10104076400856 1.2
vertex 109.60104076400866 -118.10104076400856 1.2
endloop
endfacet
facet normal 0 0 1
outer loop
vertex 129.05 -118.20674917045716 1.2
vertex 109.60104076400866 -118.10104076400856 1.2
vertex 109.4722346980665 -118.20674917045716 1.2
endloop
endfacet
facet normal 0 0 1
outer loop
vertex 180.52776530193339 -118.20674917045716 1.2
vertex 180.39895923599147 -118.10104076400856 1.2
vertex 142.95 -118.10104076400856 1.2
endloop
endfacet
facet normal 0 0 1
outer loop
vertex 180.52776530193339 -118.20674917045716 1.2
vertex 142.95 -118.10104076400856 1.2
vertex 142.95 -118.20674917045716 1.2
endloop
endfacet
facet normal 0 0 1
outer loop
vertex 186.75 -118.20674917045716 1.2
vertex 186.75 -118.10104076400856 1.2
vertex 181.60104076400864 -118.10104076400856 1.2
endloop
endfacet
facet normal 0 0 1
outer loop
vertex 186.75 -118.20674917045716 1.2
vertex 181.60104076400864 -118.10104076400856 1.2
vertex 181.47223469806653 -118.20674917045716 1.2
endloop
endfacet
facet normal 0 0 1
outer loop
vertex 108.39895923599146 -118.10104076400856 1.2
vertex 108.29325082954281 -117.97223469806661 1.2
vertex 106.95 -117.97223469806661 1.2
endloop
endfacet
facet normal 0 0 1
outer loop
vertex 108.39895923599146 -118.10104076400856 1.2
vertex 106.95 -117.97223469806661 1.2
vertex 106.95 -118.10104076400856 1.2
endloop
endfacet
facet normal 0 0 1
outer loop
vertex 129.05 -118.10104076400856 1.2
vertex 129.05 -117.97223469806661 1.2
vertex 109.70674917045719 -117.97223469806661 1.2
endloop
endfacet
facet normal 0 0 1
outer loop
vertex 129.05 -118.10104076400856 1.2
vertex 109.70674917045719 -117.97223469806661 1.2
vertex 109.60104076400866 -118.10104076400856 1.2
endloop
endfacet
facet normal 0 0 1
outer loop
vertex 180.39895923599147 -118.10104076400856 1.2
vertex 180.29325082954296 -117.97223469806661 1.2
vertex 142.95 -117.97223469806661 1.2
endloop
endfacet
facet normal 0 0 1
outer loop
vertex 180.39895923599147 -118.10104076400856 1.2
vertex 142.95 -117.97223469806661 1.2
vertex 142.95 -118.10104076400856 1.2
endloop
endfacet
facet normal 0 0 1
outer loop
vertex 186.75 -118.10104076400856 1.2
vertex 186.75 -117.97223469806661 1.2
vertex 181.7067491704572 -117.97223469806661 1.2
endloop
endfacet
facet normal 0 0 1
outer loop
vertex 186.75 -118.10104076400856 1.2
vertex 181.7067491704572 -117.97223469806661 1.2
vertex 181.60104076400864 -118.10104076400856 1.2
endloop
endfacet
facet normal 0 0 1
outer loop
vertex 108.29325082954281 -117.97223469806661 1.2
vertex 108.21470239736541 -117.82528091751036 1.2
vertex 106.95 -117.82528091751036 1.2
endloop
endfacet
facet normal 0 0 1
outer loop
vertex 108.29325082954281 -117.97223469806661 1.2
vertex 106.95 -117.82528091751036 1.2
vertex 106.95 -117.97223469806661 1.2
endloop
endfacet
facet normal 0 0 1
outer loop
vertex 129.05 -117.97223469806661 1.2
vertex 129.05 -117.82528091751036 1.2
vertex 109.78529760263456 -117.82528091751036 1.2
endloop
endfacet
facet normal 0 0 1
outer loop
vertex 129.05 -117.97223469806661 1.2
vertex 109.78529760263456 -117.82528091751036 1.2
vertex 109.70674917045719 -117.97223469806661 1.2
endloop
endfacet
facet normal 0 0 1
outer loop
vertex 180.29325082954296 -117.97223469806661 1.2
vertex 180.21470239736547 -117.82528091751036 1.2
vertex 142.95 -117.82528091751036 1.2
endloop
endfacet
facet normal 0 0 1
outer loop
vertex 180.29325082954296 -117.97223469806661 1.2
vertex 142.95 -117.82528091751036 1.2
vertex 142.95 -117.97223469806661 1.2
endloop
endfacet
facet normal 0 0 1
outer loop
vertex 186.75 -117.97223469806661 1.2
vertex 186.75 -117.82528091751036 1.2
vertex 181.7852976026346 -117.82528091751036 1.2
endloop
endfacet
facet normal 0 0 1
outer loop
vertex 186.75 -117.97223469806661 1.2
vertex 181.7852976026346 -117.82528091751036 1.2
vertex 181.7067491704572 -117.97223469806661 1.2
endloop
endfacet
facet normal 0 0 1
outer loop
vertex 108.21470239736541 -117.82528091751036 1.2
vertex 108.16633251165727 -117.66582677371375 1.2
vertex 106.95 -117.66582677371375 1.2
endloop
endfacet
facet normal 0 0 1
outer loop
vertex 108.21470239736541 -117.82528091751036 1.2
vertex 106.95 -117.66582677371375 1.2
vertex 106.95 -117.82528091751036 1.2
endloop
endfacet
facet normal 0 0 1
outer loop
vertex 129.05 -117.82528091751036 1.2
vertex 129.05 -117.66582677371375 1.2
vertex 109.83366748834273 -117.66582677371375 1.2
endloop
endfacet
facet normal 0 0 1
outer loop
vertex 129.05 -117.82528091751036 1.2
vertex 109.83366748834273 -117.66582677371375 1.2
vertex 109.78529760263456 -117.82528091751036 1.2
endloop
endfacet
facet normal 0 0 1
outer loop
vertex 180.21470239736547 -117.82528091751036 1.2
vertex 180.16633251165726 -117.66582677371375 1.2
vertex 142.95 -117.66582677371375 1.2
endloop
endfacet
facet normal 0 0 1
outer loop
vertex 180.21470239736547 -117.82528091751036 1.2
vertex 142.95 -117.66582677371375 1.2
vertex 142.95 -117.82528091751036 1.2
endloop
endfacet
facet normal 0 0 1
outer loop
vertex 186.75 -117.82528091751036 1.2
vertex 186.75 -117.66582677371375 1.2
vertex 181.83366748834274 -117.66582677371375 1.2
endloop
endfacet
facet normal 0 0 1
outer loop
vertex 186.75 -117.82528091751036 1.2
vertex 181.83366748834274 -117.66582677371375 1.2
vertex 181.7852976026346 -117.82528091751036 1.2
endloop
endfacet
facet normal 0 0 1
outer loop
vertex 108.16633251165727 -117.66582677371375 1.2
vertex 108.15000000000002 -117.50000000000006 1.2
vertex 106.95 -117.50000000000006 1.2
endloop
endfacet
facet normal 0 0 1
outer loop
vertex 108.16633251165727 -117.66582677371375 1.2
vertex 106.95 -117.50000000000006 1.2
vertex 106.95 -117.66582677371375 1.2
endloop
endfacet
facet normal 0 0 1
outer loop
vertex 129.05 -117.66582677371375 1.2
vertex 129.05 -117.50000000000006 1.2
vertex 109.84999999999998 -117.50000000000006 1.2
endloop
endfacet
facet normal 0 0 1
outer loop
vertex 129.05 -117.66582677371375 1.2
vertex 109.84999999999998 -117.50000000000006 1.2
vertex 109.83366748834273 -117.66582677371375 1.2
endloop
endfacet
facet normal 0 0 1
outer loop
vertex 180.16633251165726 -117.66582677371375 1.2
vertex 180.15 -117.50000000000006 1.2
vertex 142.95 -117.50000000000006 1.2
endloop
endfacet
facet normal 0 0 1
outer loop
vertex 180.16633251165726 -117.66582677371375 1.2
vertex 142.95 -117.50000000000006 1.2
vertex 142.95 -117.66582677371375 1.2
endloop
endfacet
facet normal 0 0 1
outer loop
vertex 186.75 -117.66582677371375 1.2
vertex 186.75 -117.50000000000006 1.2
vertex 181.85 -117.50000000000006 1.2
endloop
endfacet
facet normal 0 0 1
outer loop
vertex 186.75 -117.66582677371375 1.2
vertex 181.85 -117.50000000000006 1.2
vertex 181.83366748834274 -117.66582677371375 1.2
endloop
endfacet
facet normal 0 0 1
outer loop
vertex 108.15000000000002 -117.50000000000006 1.2
vertex 108.16633251165729 -117.33417322628621 1.2
vertex 106.95 -117.33417322628621 1.2
endloop
endfacet
facet normal 0 0 1
outer loop
vertex 108.15000000000002 -117.50000000000006 1.2
vertex 106.95 -117.33417322628621 1.2
vertex 106.95 -117.50000000000006 1.2
endloop
endfacet
facet normal 0 0 1
outer loop
vertex 129.05 -117.50000000000006 1.2
vertex 129.05 -117.33417322628621 1.2
vertex 109.83366748834271 -117.33417322628621 1.2
endloop
endfacet
facet normal 0 0 1
outer loop
vertex 129.05 -117.50000000000006 1.2
vertex 109.83366748834271 -117.33417322628621 1.2
vertex 109.84999999999998 -117.50000000000006 1.2
endloop
endfacet
facet normal 0 0 1
outer loop
vertex 180.15 -117.50000000000006 1.2
vertex 180.16633251165726 -117.33417322628621 1.2
vertex 142.95 -117.33417322628621 1.2
endloop
endfacet
facet normal 0 0 1
outer loop
vertex 180.15 -117.50000000000006 1.2
vertex 142.95 -117.33417322628621 1.2
vertex 142.95 -117.50000000000006 1.2
endloop
endfacet
facet normal 0 0 1
outer loop
vertex 186.75 -117.50000000000006 1.2
vertex 186.75 -117.33417322628621 1.2
vertex 181.83366748834274 -117.33417322628621 1.2
endloop
endfacet
facet normal 0 0 1
outer loop
vertex 186.75 -117.50000000000006 1.2
vertex 181.83366748834274 -117.33417322628621 1.2
vertex 181.85 -117.50000000000006 1.2
endloop
endfacet
facet normal 0 0 1
outer loop
vertex 108.16633251165729 -117.33417322628621 1.2
vertex 108.21470239736537 -117.1747190824896 1.2
vertex 106.95 -117.1747190824896 1.2
endloop
endfacet
facet normal 0 0 1
outer loop
vertex 108.16633251165729 -117.33417322628621 1.2
vertex 106.95 -117.1747190824896 1.2
vertex 106.95 -117.33417322628621 1.2
endloop
endfacet
facet normal 0 0 1
outer loop
vertex 129.05 -117.33417322628621 1.2
vertex 129.05 -117.1747190824896 1.2
vertex 109.78529760263457 -117.1747190824896 1.2
endloop
endfacet
facet normal 0 0 1
outer loop
vertex 129.05 -117.33417322628621 1.2
vertex 109.78529760263457 -117.1747190824896 1.2
vertex 109.83366748834271 -117.33417322628621 1.2
endloop
endfacet
facet normal 0 0 1
outer loop
vertex 180.16633251165726 -117.33417322628621 1.2
vertex 180.21470239736541 -117.1747190824896 1.2
vertex 142.95 -117.1747190824896 1.2
endloop
endfacet
facet normal 0 0 1
outer loop
vertex 180.16633251165726 -117.33417322628621 1.2
vertex 142.95 -117.1747190824896 1.2
vertex 142.95 -117.33417322628621 1.2
endloop
endfacet
facet normal 0 0 1
outer loop
vertex 186.75 -117.33417322628621 1.2
vertex 186.75 -117.1747190824896 1.2
vertex 181.78529760263459 -117.1747190824896 1.2
endloop
endfacet
facet normal 0 0 1
outer loop
vertex 186.75 -117.33417322628621 1.2
vertex 181.78529760263459 -117.1747190824896 1.2
vertex 181.83366748834274 -117.33417322628621 1.2
endloop
endfacet
facet normal 0 0 1
outer loop
vertex 108.21470239736537 -117.1747190824896 1.2
vertex 108.29325082954288 -117.02776530193344 1.2
vertex 106.95 -117.02776530193344 1.2
endloop
endfacet
facet normal 0 0 1
outer loop
vertex 108.21470239736537 -117.1747190824896 1.2
vertex 106.95 -117.02776530193344 1.2
vertex 106.95 -117.1747190824896 1.2
endloop
endfacet
facet normal 0 0 1
outer loop
vertex 129.05 -117.1747190824896 1.2
vertex 129.05 -117.02776530193344 1.2
vertex 109.70674917045721 -117.02776530193344 1.2
endloop
endfacet
facet normal 0 0 1
outer loop
vertex 129.05 -117.1747190824896 1.2
vertex 109.70674917045721 -117.02776530193344 1.2
vertex 109.78529760263457 -117.1747190824896 1.2
endloop
endfacet
facet normal 0 0 1
outer loop
vertex 180.21470239736541 -117.1747190824896 1.2
vertex 180.2932508295429 -117.02776530193344 1.2
vertex 142.95 -117.02776530193344 1.2
endloop
endfacet
facet normal 0 0 1
outer loop
vertex 180.21470239736541 -117.1747190824896 1.2
vertex 142.95 -117.02776530193344 1.2
vertex 142.95 -117.1747190824896 1.2
endloop
endfacet
facet normal 0 0 1
outer loop
vertex 186.75 -117.1747190824896 1.2
vertex 186.75 -117.02776530193344 1.2
vertex 181.70674917045727 -117.02776530193344 1.2
endloop
endfacet
facet normal 0 0 1
outer loop
vertex 186.75 -117.1747190824896 1.2
vertex 181.70674917045727 -117.02776530193344 1.2
vertex 181.78529760263459 -117.1747190824896 1.2
endloop
endfacet
facet normal 0 0 1
outer loop
vertex 108.29325082954288 -117.02776530193344 1.2
vertex 108.39895923599137 -116.89895923599137 1.2
vertex 106.95 -116.89895923599137 1.2
endloop
endfacet
facet normal 0 0 1
outer loop
vertex 108.29325082954288 -117.02776530193344 1.2
vertex 106.95 -116.89895923599137 1.2
vertex 106.95 -117.02776530193344 1.2
endloop
endfacet
facet normal 0 0 1
outer loop
vertex 129.05 -117.02776530193344 1.2
vertex 129.05 -116.89895923599137 1.2
vertex 109.60104076400847 -116.89895923599137 1.2
endloop
endfacet
facet normal 0 0 1
outer loop
vertex 129.05 -117.02776530193344 1.2
vertex 109.60104076400847 -116.89895923599137 1.2
vertex 109.70674917045721 -117.02776530193344 1.2
endloop
endfacet
facet normal 0 0 1
outer loop
vertex 180.2932508295429 -117.02776530193344 1.2
vertex 180.3989592359914 -116.89895923599137 1.2
vertex 142.95 -116.89895923599137 1.2
endloop
endfacet
facet normal 0 0 1
outer loop
vertex 180.2932508295429 -117.02776530193344 1.2
vertex 142.95 -116.89895923599137 1.2
vertex 142.95 -117.02776530193344 1.2
endloop
endfacet
facet normal 0 0 1
outer loop
vertex 186.75 -117.02776530193344 1.2
vertex 186.75 -116.89895923599137 1.2
vertex 181.60104076400842 -116.89895923599137 1.2
endloop
endfacet
facet normal 0 0 1
outer loop
vertex 186.75 -117.02776530193344 1.2
vertex 181.60104076400842 -116.89895923599137 1.2
vertex 181.70674917045727 -117.02776530193344 1.2
endloop
endfacet
facet normal 0 0 1
outer loop
vertex 108.39895923599137 -116.89895923599137 1.2
vertex 108.52776530193353 -116.79325082954284 1.2
vertex 106.95 -116.79325082954284 1.2
endloop
endfacet
facet normal 0 0 1
outer loop
vertex 108.39895923599137 -116.89895923599137 1.2
vertex 106.95 -116.79325082954284 1.2
vertex 106.95 -116.89895923599137 1.2
endloop
endfacet
facet normal 0 0 1
outer loop
vertex 129.05 -116.89895923599137 1.2
vertex 129.05 -116.79325082954284 1.2
vertex 109.47223469806667 -116.79325082954284 1.2
endloop
endfacet
facet normal 0 0 1
outer loop
vertex 129.05 -116.89895923599137 1.2
vertex 109.47223469806667 -116.79325082954284 1.2
vertex 109.60104076400847 -116.89895923599137 1.2
endloop
endfacet
facet normal 0 0 1
outer loop
vertex 180.3989592359914 -116.89895923599137 1.2
vertex 180.52776530193333 -116.79325082954284 1.2
vertex 142.95 -116.79325082954284 1.2
endloop
endfacet
facet normal 0 0 1
outer loop
vertex 180.3989592359914 -116.89895923599137 1.2
vertex 142.95 -116.79325082954284 1.2
vertex 142.95 -116.89895923599137 1.2
endloop
endfacet
facet normal 0 0 1
outer loop
vertex 186.75 -116.89895923599137 1.2
vertex 186.75 -116.79325082954284 1.2
vertex 181.47223469806676 -116.79325082954284 1.2
endloop
endfacet
facet normal 0 0 1
outer loop
vertex 186.75 -116.89895923599137 1.2
vertex 181.47223469806676 -116.79325082954284 1.2
vertex 181.60104076400842 -116.89895923599137 1.2
endloop
endfacet
facet normal 0 0 1
outer loop
vertex 108.52776530193353 -116.79325082954284 1.2
vertex 108.67471908248962 -116.71470239736541 1.2
vertex 106.95 -116.71470239736541 1.2
endloop
endfacet
facet normal 0 0 1
outer loop
vertex 108.52776530193353 -116.79325082954284 1.2
vertex 106.95 -116.71470239736541 1.2
vertex 106.95 -116.79325082954284 1.2
endloop
endfacet
facet normal 0 0 1
outer loop
vertex 129.05 -116.79325082954284 1.2
vertex 129.05 -116.71470239736541 1.2
vertex 109.32528091751038 -116.71470239736541 1.2
endloop
endfacet
facet normal 0 0 1
outer loop
vertex 129.05 -116.79325082954284 1.2
vertex 109.32528091751038 -116.71470239736541 1.2
vertex 109.47223469806667 -116.79325082954284 1.2
endloop
endfacet
facet normal 0 0 1
outer loop
vertex 180.52776530193333 -116.79325082954284 1.2
vertex 180.6747190824897 -116.71470239736541 1.2
vertex 142.95 -116.71470239736541 1.2
endloop
endfacet
facet normal 0 0 1
outer loop
vertex 180.52776530193333 -116.79325082954284 1.2
vertex 142.95 -116.71470239736541 1.2
vertex 142.95 -116.79325082954284 1.2
endloop
endfacet
facet normal 0 0 1
outer loop
vertex 186.75 -116.79325082954284 1.2
vertex 186.75 -116.71470239736541 1.2
vertex 181.32528091751038 -116.71470239736541 1.2
endloop
endfacet
facet normal 0 0 1
outer loop
vertex 186.75 -116.79325082954284 1.2
vertex 181.32528091751038 -116.71470239736541 1.2
vertex 181.47223469806676 -116.79325082954284 1.2
endloop
endfacet
facet normal 0 0 1
outer loop
vertex 108.67471908248962 -116.71470239736541 1.2
vertex 108.83417322628621 -116.66633251165726 1.2
vertex 106.95 -116.66633251165726 1.2
endloop
endfacet
facet normal 0 0 1
outer loop
vertex 108.67471908248962 -116.71470239736541 1.2
vertex 106.95 -116.66633251165726 1.2
vertex 106.95 -116.71470239736541 1.2
endloop
endfacet
facet normal 0 0 1
outer loop
vertex 129.05 -116.71470239736541 1.2
vertex 129.05 -116.66633251165726 1.2
vertex 109.16582677371373 -116.66633251165726 1.2
endloop
endfacet
facet normal 0 0 1
outer loop
vertex 129.05 -116.71470239736541 1.2
vertex 109.16582677371373 -116.66633251165726 1.2
vertex 109.32528091751038 -116.71470239736541 1.2
endloop
endfacet
facet normal 0 0 1
outer loop
vertex 180.6747190824897 -116.71470239736541 1.2
vertex 180.83417322628623 -116.66633251165726 1.2
vertex 142.95 -116.66633251165726 1.2
endloop
endfacet
facet normal 0 0 1
outer loop
vertex 180.6747190824897 -116.71470239736541 1.2
vertex 142.95 -116.66633251165726 1.2
vertex 142.95 -116.71470239736541 1.2
endloop
endfacet
facet normal 0 0 1
outer loop
vertex 186.75 -116.71470239736541 1.2
vertex 186.75 -116.66633251165726 1.2
vertex 181.16582677371366 -116.66633251165726 1.2
endloop
endfacet
facet normal 0 0 1
outer loop
vertex 186.75 -116.71470239736541 1.2
vertex 181.16582677371366 -116.66633251165726 1.2
vertex 181.32528091751038 -116.71470239736541 1.2
endloop
endfacet
facet normal 0 0 1
outer loop
vertex 108.83417322628621 -116.66633251165726 1.2
vertex 109.00000000000001 -116.65 1.2
vertex 106.95 -116.65 1.2
endloop
endfacet
facet normal 0 0 1
outer loop
vertex 108.83417322628621 -116.66633251165726 1.2
vertex 106.95 -116.65 1.2
vertex 106.95 -116.66633251165726 1.2
endloop
endfacet
facet normal 0 0 1
outer loop
vertex 129.05 -116.66633251165726 1.2
vertex 129.05 -116.65 1.2
vertex 109.00000000000001 -116.65 1.2
endloop
endfacet
facet normal 0 0 1
outer loop
vertex 129.05 -116.66633251165726 1.2
vertex 109.00000000000001 -116.65 1.2
vertex 109.16582677371373 -116.66633251165726 1.2
endloop
endfacet
facet normal 0 0 1
outer loop
vertex 180.83417322628623 -116.66633251165726 1.2
vertex 180.99999999999991 -116.65 1.2
vertex 142.95 -116.65 1.2
endloop
endfacet
facet normal 0 0 1
outer loop
vertex 180.83417322628623 -116.66633251165726 1.2
vertex 142.95 -116.65 1.2
vertex 142.95 -116.66633251165726 1.2
endloop
endfacet
facet normal 0 0 1
outer loop
vertex 186.75 -116.66633251165726 1.2
vertex 186.75 -116.65 1.2
vertex 180.99999999999991 -116.65 1.2
endloop
endfacet
facet normal 0 0 1
outer loop
vertex 186.75 -116.66633251165726 1.2
vertex 180.99999999999991 -116.65 1.2
vertex 181.16582677371366 -116.66633251165726 1.2
endloop
endfacet
facet normal 0 0 1
outer loop
vertex 109.00000000000001 -116.65 1.2
vertex 129.05 -116.65 1.2
vertex 129.05 -115.95 1.2
endloop
endfacet
facet normal 0 0 1
outer loop
vertex 109.00000000000001 -116.65 1.2
vertex 129.05 -115.95 1.2
vertex 124.95 -115.95 1.2
endloop
endfacet
facet normal 0 0 1
outer loop
vertex 109.00000000000001 -116.65 1.2
vertex 124.95 -115.95 1.2
vertex 111.05 -115.95 1.2
endloop
endfacet
facet normal 0 0 1
outer loop
vertex 109.00000000000001 -116.65 1.2
vertex 111.05 -115.95 1.2
vertex 106.95 -115.95 1.2
endloop
endfacet
facet normal 0 0 1
outer loop
vertex 109.00000000000001 -116.65 1.2
vertex 106.95 -115.95 1.2
vertex 106.95 -116.65 1.2
endloop
endfacet
facet normal 0 0 1
outer loop
vertex 180.99999999999991 -116.65 1.2
vertex 186.75 -116.65 1.2
vertex 186.75 -115.95 1.2
endloop
endfacet
facet normal 0 0 1
outer loop
vertex 180.99999999999991 -116.65 1.2
vertex 186.75 -115.95 1.2
vertex 178.95 -115.95 1.2
endloop
endfacet
facet normal 0 0 1
outer loop
vertex 180.99999999999991 -116.65 1.2
vertex 178.95 -115.95 1.2
vertex 165.05 -115.95 1.2
endloop
endfacet
facet normal 0 0 1
outer loop
vertex 180.99999999999991 -116.65 1.2
vertex 165.05 -115.95 1.2
vertex 160.95 -115.95 1.2
endloop
endfacet
facet normal 0 0 1
outer loop
vertex 180.99999999999991 -116.65 1.2
vertex 160.95 -115.95 1.2
vertex 147.05 -115.95 1.2
endloop
endfacet
facet normal 0 0 1
outer loop
vertex 180.99999999999991 -116.65 1.2
vertex 147.05 -115.95 1.2
vertex 142.95 -115.95 1.2
endloop
endfacet
facet normal 0 0 1
outer loop
vertex 180.99999999999991 -116.65 1.2
vertex 142.95 -115.95 1.2
vertex 142.95 -116.65 1.2
endloop
endfacet
facet normal 0 0 1
outer loop
vertex 129.05 -115.95 1.2
vertex 129.05 -112.05 1.2
vertex 124.95 -112.05 1.2
endloop
endfacet
facet normal 0 0 1
outer loop
vertex 129.05 -115.95 1.2
vertex 124.95 -112.05 1.2
vertex 124.95 -115.95 1.2
endloop
endfacet
facet normal 0 0 1
outer loop
vertex 147.05 -115.95 1.2
vertex 147.05 -112.05 1.2
vertex 142.95 -112.05 1.2
endloop
endfacet
facet normal 0 0 1
outer loop
vertex 147.05 -115.95 1.2
vertex 142.95 -112.05 1.2
vertex 142.95 -115.95 1.2
endloop
endfacet
facet normal 0 0 1
outer loop
vertex 93.05 -122.95 1.2
vertex 93.05 -109.05 1.2
vertex 87.47500004314134 -109.05 1.2
endloop
endfacet
facet normal 0 0 1
outer loop
vertex 93.05 -122.95 1.2
vertex 87.47500004314134 -109.05 1.2
vertex 87.47500027602081 -122.95 1.2
endloop
endfacet
facet normal 0 0 1
outer loop
vertex 111.05 -115.95 1.2
vertex 111.05 -109.05 1.2
vertex 106.95 -109.05 1.2
endloop
endfacet
facet normal 0 0 1
outer loop
vertex 111.05 -115.95 1.2
vertex 106.95 -109.05 1.2
vertex 106.95 -115.95 1.2
endloop
endfacet
facet normal 0 0 1
outer loop
vertex 129.05 -112.05 1.2
vertex 142.95 -112.05 1.2
vertex 147.05 -112.05 1.2
endloop
endfacet
facet normal 0 0 1
outer loop
vertex 129.05 -112.05 1.2
vertex 147.05 -112.05 1.2
vertex 147.05 -108.95 1.2
endloop
endfacet
facet normal 0 0 1
outer loop
vertex 129.05 -112.05 1.2
vertex 147.05 -108.95 1.2
vertex 142.95 -108.95 1.2
endloop
endfacet
facet normal 0 0 1
outer loop
vertex 129.05 -112.05 1.2
vertex 142.95 -108.95 1.2
vertex 129.05 -108.95 1.2
endloop
endfacet
facet normal 0 0 1
outer loop
vertex 129.05 -112.05 1.2
vertex 129.05 -108.95 1.2
vertex 124.95 -108.95 1.2
endloop
endfacet
facet normal 0 0 1
outer loop
vertex 129.05 -112.05 1.2
vertex 124.95 -108.95 1.2
vertex 124.95 -112.05 1.2
endloop
endfacet
facet normal 0 0 1
outer loop
vertex 93.05 -109.05 1.2
vertex 106.95 -109.05 1.2
vertex 111.05 -109.05 1.2
endloop
endfacet
facet normal 0 0 1
outer loop
vertex 93.05 -109.05 1.2
vertex 111.05 -109.05 1.2
vertex 111.05 -103.475 1.2
endloop
endfacet
facet normal 0 0 1
outer loop
vertex 93.05 -109.05 1.2
vertex 111.05 -103.475 1.2
vertex 105.475 -103.475 1.2
endloop
endfacet
facet normal 0 0 1
outer loop
vertex 93.05 -109.05 1.2
vertex 105.475 -103.475 1.2
vertex 90.47500000000004 -103.475 1.2
endloop
endfacet
facet normal 0 0 1
outer loop
vertex 93.05 -109.05 1.2
vertex 90.47500000000004 -103.475 1.2
vertex 89.9540554669991 -103.52057674096338 1.2
endloop
endfacet
facet normal 0 0 1
outer loop
vertex 93.05 -109.05 1.2
vertex 89.9540554669991 -103.52057674096338 1.2
vertex 89.44893957002309 -103.65592213764222 1.2
endloop
endfacet
facet normal 0 0 1
outer loop
vertex 93.05 -109.05 1.2
vertex 89.44893957002309 -103.65592213764222 1.2
vertex 88.97500000000004 -103.87692378864666 1.2
endloop
endfacet
facet normal 0 0 1
outer loop
vertex 93.05 -109.05 1.2
vertex 88.97500000000004 -103.87692378864666 1.2
vertex 88.54663717094026 -104.17686667064316 1.2
endloop
endfacet
facet normal 0 0 1
outer loop
vertex 93.05 -109.05 1.2
vertex 88.54663717094026 -104.17686667064316 1.2
vertex 88.17686667064302 -104.5466371709404 1.2
endloop
endfacet
facet normal 0 0 1
outer loop
vertex 93.05 -109.05 1.2
vertex 88.17686667064302 -104.5466371709404 1.2
vertex 87.87692378864676 -104.97499999999985 1.2
endloop
endfacet
facet normal 0 0 1
outer loop
vertex 93.05 -109.05 1.2
vertex 87.87692378864676 -104.97499999999985 1.2
vertex 87.65592213764225 -105.44893957002306 1.2
endloop
endfacet
facet normal 0 0 1
outer loop
vertex 93.05 -109.05 1.2
vertex 87.65592213764225 -105.44893957002306 1.2
vertex 87.52057674096336 -105.95405546699924 1.2
endloop
endfacet
facet normal 0 0 1
outer loop
vertex 93.05 -109.05 1.2
vertex 87.52057674096336 -105.95405546699924 1.2
vertex 87.475 -106.47500000000004 1.2
endloop
endfacet
facet normal 0 0 1
outer loop
vertex 93.05 -109.05 1.2
vertex 87.475 -106.47500000000004 1.2
vertex 87.47500004314134 -109.05 1.2
endloop
endfacet
facet normal 0 0 1
outer loop
vertex 111.05 -103.475 1.2
vertex 111.05 -102.05 1.2
vertex 105.475 -102.05 1.2
endloop
endfacet
facet normal 0 0 1
outer loop
vertex 111.05 -103.475 1.2
vertex 105.475 -102.05 1.2
vertex 105.475 -103.475 1.2
endloop
endfacet
facet normal 0 0 1
outer loop
vertex 129.05 -108.95 1.2
vertex 129.05 -102.05 1.2
vertex 124.95 -102.05 1.2
endloop
endfacet
facet normal 0 0 1
outer loop
vertex 129.05 -108.95 1.2
vertex 124.95 -102.05 1.2
vertex 124.95 -108.95 1.2
endloop
endfacet
facet normal 0 0 1
outer loop
vertex 147.05 -108.95 1.2
vertex 147.05 -102.05 1.2
vertex 142.95 -102.05 1.2
endloop
endfacet
facet normal 0 0 1
outer loop
vertex 147.05 -108.95 1.2
vertex 142.95 -102.05 1.2
vertex 142.95 -108.95 1.2
endloop
endfacet
facet normal 0 0 1
outer loop
vertex 165.05 -115.95 1.2
vertex 165.05 -102.05 1.2
vertex 160.95 -102.05 1.2
endloop
endfacet
facet normal 0 0 1
outer loop
vertex 165.05 -115.95 1.2
vertex 160.95 -102.05 1.2
vertex 160.95 -115.95 1.2
endloop
endfacet
facet normal 0 0 1
outer loop
vertex 186.75 -115.95 1.2
vertex 186.75 -102.05 1.2
vertex 178.95 -102.05 1.2
endloop
endfacet
facet normal 0 0 1
outer loop
vertex 186.75 -115.95 1.2
vertex 178.95 -102.05 1.2
vertex 178.95 -115.95 1.2
endloop
endfacet
facet normal 0 0 1
outer loop
vertex 111.05 -102.05 1.2
vertex 124.95 -102.05 1.2
vertex 129.05 -102.05 1.2
endloop
endfacet
facet normal 0 0 1
outer loop
vertex 111.05 -102.05 1.2
vertex 129.05 -102.05 1.2
vertex 129.05 -96.475 1.2
endloop
endfacet
facet normal 0 0 1
outer loop
vertex 111.05 -102.05 1.2
vertex 129.05 -96.475 1.2
vertex 123.475 -96.475 1.2
endloop
endfacet
facet normal 0 0 1
outer loop
vertex 111.05 -102.05 1.2
vertex 123.475 -96.475 1.2
vertex 108.47500000000004 -96.475 1.2
endloop
endfacet
facet normal 0 0 1
outer loop
vertex 111.05 -102.05 1.2
vertex 108.47500000000004 -96.475 1.2
vertex 107.95405546699914 -96.52057674096338 1.2
endloop
endfacet
facet normal 0 0 1
outer loop
vertex 111.05 -102.05 1.2
vertex 107.95405546699914 -96.52057674096338 1.2
vertex 107.44893957002301 -96.65592213764225 1.2
endloop
endfacet
facet normal 0 0 1
outer loop
vertex 111.05 -102.05 1.2
vertex 107.44893957002301 -96.65592213764225 1.2
vertex 106.97499999999994 -96.8769237886467 1.2
endloop
endfacet
facet normal 0 0 1
outer loop
vertex 111.05 -102.05 1.2
vertex 106.97499999999994 -96.8769237886467 1.2
vertex 106.5466371709403 -97.17686667064311 1.2
endloop
endfacet
facet normal 0 0 1
outer loop
vertex 111.05 -102.05 1.2
vertex 106.5466371709403 -97.17686667064311 1.2
vertex 106.17686667064314 -97.54663717094027 1.2
endloop
endfacet
facet normal 0 0 1
outer loop
vertex 111.05 -102.05 1.2
vertex 106.17686667064314 -97.54663717094027 1.2
vertex 105.87692378864664 -97.97500000000005 1.2
endloop
endfacet
facet normal 0 0 1
outer loop
vertex 111.05 -102.05 1.2
vertex 105.87692378864664 -97.97500000000005 1.2
vertex 105.65592213764229 -98.4489395700229 1.2
endloop
endfacet
facet normal 0 0 1
outer loop
vertex 111.05 -102.05 1.2
vertex 105.65592213764229 -98.4489395700229 1.2
vertex 105.52057674096339 -98.95405546699914 1.2
endloop
endfacet
facet normal 0 0 1
outer loop
vertex 111.05 -102.05 1.2
vertex 105.52057674096339 -98.95405546699914 1.2
vertex 105.475 -99.47500000000025 1.2
endloop
endfacet
facet normal 0 0 1
outer loop
vertex 111.05 -102.05 1.2
vertex 105.475 -99.47500000000025 1.2
vertex 105.475 -102.05 1.2
endloop
endfacet
facet normal 0 0 1
outer loop
vertex 147.05 -102.05 1.2
vertex 160.95 -102.05 1.2
vertex 165.05 -102.05 1.2
endloop
endfacet
facet normal 0 0 1
outer loop
vertex 147.05 -102.05 1.2
vertex 165.05 -102.05 1.2
vertex 178.95 -102.05 1.2
endloop
endfacet
facet normal 0 0 1
outer loop
vertex 147.05 -102.05 1.2
vertex 178.95 -102.05 1.2
vertex 186.75 -102.05 1.2
endloop
endfacet
facet normal 0 0 1
outer loop
vertex 147.05 -102.05 1.2
vertex 186.75 -102.05 1.2
vertex 186.75 -96.475 1.2
endloop
endfacet
facet normal 0 0 1
outer loop
vertex 147.05 -102.05 1.2
vertex 186.75 -96.475 1.2
vertex 148.525 -96.475 1.2
endloop
endfacet
facet normal 0 0 1
outer loop
vertex 147.05 -102.05 1.2
vertex 148.525 -96.475 1.2
vertex 142.95 -96.475 1.2
endloop
endfacet
facet normal 0 0 1
outer loop
vertex 147.05 -102.05 1.2
vertex 142.95 -96.475 1.2
vertex 142.95 -102.05 1.2
endloop
endfacet
facet normal 0 0 1
outer loop
vertex 129.05 -96.475 1.2
vertex 129.05 -95.05 1.2
vertex 123.475 -95.05 1.2
endloop
endfacet
facet normal 0 0 1
outer loop
vertex 129.05 -96.475 1.2
vertex 123.475 -95.05 1.2
vertex 123.475 -96.475 1.2
endloop
endfacet
facet normal 0 0 1
outer loop
vertex 148.525 -96.475 1.2
vertex 148.525 -95.05 1.2
vertex 142.95 -95.05 1.2
endloop
endfacet
facet normal 0 0 1
outer loop
vertex 148.525 -96.475 1.2
vertex 142.95 -95.05 1.2
vertex 142.95 -96.475 1.2
endloop
endfacet
facet normal 0 0 1
outer loop
vertex 129.05 -95.05 1.2
vertex 142.95 -95.05 1.2
vertex 148.525 -95.05 1.2
endloop
endfacet
facet normal 0 0 1
outer loop
vertex 129.05 -95.05 1.2
vertex 148.525 -95.05 1.2
vertex 148.525 -92.47499999999977 1.2
endloop
endfacet
facet normal 0 0 1
outer loop
vertex 129.05 -95.05 1.2
vertex 148.525 -92.47499999999977 1.2
vertex 148.47942325903665 -91.95405546699936 1.2
endloop
endfacet
facet normal 0 0 1
outer loop
vertex 129.05 -95.05 1.2
vertex 148.47942325903665 -91.95405546699936 1.2
vertex 148.3440778623577 -91.44893957002289 1.2
endloop
endfacet
facet normal 0 0 1
outer loop
vertex 129.05 -95.05 1.2
vertex 148.3440778623577 -91.44893957002289 1.2
vertex 148.12307621135338 -90.9750000000001 1.2
endloop
endfacet
facet normal 0 0 1
outer loop
vertex 129.05 -95.05 1.2
vertex 148.12307621135338 -90.9750000000001 1.2
vertex 147.82313332935695 -90.54663717094039 1.2
endloop
endfacet
facet normal 0 0 1
outer loop
vertex 129.05 -95.05 1.2
vertex 147.82313332935695 -90.54663717094039 1.2
vertex 147.45336282905959 -90.17686667064307 1.2
endloop
endfacet
facet normal 0 0 1
outer loop
vertex 129.05 -95.05 1.2
vertex 147.45336282905959 -90.17686667064307 1.2
vertex 147.02499999999998 -89.87692378864666 1.2
endloop
endfacet
facet normal 0 0 1
outer loop
vertex 129.05 -95.05 1.2
vertex 147.02499999999998 -89.87692378864666 1.2
vertex 146.55106042997696 -89.65592213764225 1.2
endloop
endfacet
facet normal 0 0 1
outer loop
vertex 129.05 -95.05 1.2
vertex 146.55106042997696 -89.65592213764225 1.2
vertex 146.04594453300086 -89.52057674096338 1.2
endloop
endfacet
facet normal 0 0 1
outer loop
vertex 129.05 -95.05 1.2
vertex 146.04594453300086 -89.52057674096338 1.2
vertex 145.5249999999999 -89.475 1.2
endloop
endfacet
facet normal 0 0 1
outer loop
vertex 129.05 -95.05 1.2
vertex 145.5249999999999 -89.475 1.2
vertex 126.47500000000002 -89.475 1.2
endloop
endfacet
facet normal 0 0 1
outer loop
vertex 129.05 -95.05 1.2
vertex 126.47500000000002 -89.475 1.2
vertex 125.9540554669992 -89.52057674096338 1.2
endloop
endfacet
facet normal 0 0 1
outer loop
vertex 129.05 -95.05 1.2
vertex 125.9540554669992 -89.52057674096338 1.2
vertex 125.4489395700231 -89.65592213764225 1.2
endloop
endfacet
facet normal 0 0 1
outer loop
vertex 129.05 -95.05 1.2
vertex 125.4489395700231 -89.65592213764225 1.2
vertex 124.97499999999985 -89.87692378864666 1.2
endloop
endfacet
facet normal 0 0 1
outer loop
vertex 129.05 -95.05 1.2
vertex 124.97499999999985 -89.87692378864666 1.2
vertex 124.5466371709404 -90.17686667064307 1.2
endloop
endfacet
facet normal 0 0 1
outer loop
vertex 129.05 -95.05 1.2
vertex 124.5466371709404 -90.17686667064307 1.2
vertex 124.17686667064298 -90.54663717094039 1.2
endloop
endfacet
facet normal 0 0 1
outer loop
vertex 129.05 -95.05 1.2
vertex 124.17686667064298 -90.54663717094039 1.2
vertex 123.8769237886467 -90.9750000000001 1.2
endloop
endfacet
facet normal 0 0 1
outer loop
vertex 129.05 -95.05 1.2
vertex 123.8769237886467 -90.9750000000001 1.2
vertex 123.65592213764234 -91.44893957002289 1.2
endloop
endfacet
facet normal 0 0 1
outer loop
vertex 129.05 -95.05 1.2
vertex 123.65592213764234 -91.44893957002289 1.2
vertex 123.52057674096338 -91.95405546699936 1.2
endloop
endfacet
facet normal 0 0 1
outer loop
vertex 129.05 -95.05 1.2
vertex 123.52057674096338 -91.95405546699936 1.2
vertex 123.475 -92.47499999999977 1.2
endloop
endfacet
facet normal 0 0 1
outer loop
vertex 129.05 -95.05 1.2
vertex 123.475 -92.47499999999977 1.2
vertex 123.475 -95.05 1.2
endloop
endfacet
facet normal -0.9969536771608178 -0.07799593319862198 0
outer loop
vertex 87.51150045245144 -163.64469156043248 1.2
vertex 87.47500095000001 -163.17815040000016 1.2
vertex 87.47500095000001 -163.17815040000016 0
endloop
endfacet
facet normal -0.9969536771608178 -0.07799593319862198 0
outer loop
vertex 87.51150045245144 -163.64469156043248 1.2
vertex 87.47500095000001 -163.17815040000016 0
vertex 87.51150045245144 -163.64469156043248 0
endloop
endfacet
facet normal -0.9726950299672117 -0.2320870066959488 0
outer loop
vertex 87.62010945195243 -164.09988048086487 1.2
vertex 87.51150045245144 -163.64469156043248 1.2
vertex 87.51150045245144 -163.64469156043248 0
endloop
endfacet
facet normal -0.9726950299672117 -0.2320870066959488 0
outer loop
vertex 87.62010945195243 -164.09988048086487 1.2
vertex 87.51150045245144 -163.64469156043248 0
vertex 87.62010945195242 -164.09988048086484 0
endloop
endfacet
facet normal -0.9247682411783723 -0.3805308136115391 0
outer loop
vertex 87.79818521558097 -164.53264125827553 1.2
vertex 87.62010945195243 -164.09988048086487 1.2
vertex 87.62010945195242 -164.09988048086484 0
endloop
endfacet
facet normal -0.9247682411783723 -0.3805308136115391 0
outer loop
vertex 87.79818521558097 -164.53264125827553 1.2
vertex 87.62010945195242 -164.09988048086484 0
vertex 87.79818521558099 -164.5326412582756 0
endloop
endfacet
facet normal -0.8543394913424338 -0.5197153389431097 0
outer loop
vertex 88.04139470753606 -164.9324437233502 1.2
vertex 87.79818521558097 -164.53264125827553 1.2
vertex 87.79818521558099 -164.5326412582756 0
endloop
endfacet
facet normal -0.8543394913424338 -0.5197153389431097 0
outer loop
vertex 88.04139470753606 -164.9324437233502 1.2
vertex 87.79818521558099 -164.5326412582756 0
vertex 88.041394707536 -164.9324437233501 0
endloop
endfacet
facet normal -0.7631224908950256 -0.6462538695359368 0
outer loop
vertex 88.34382002290876 -165.28955966625767 1.2
vertex 88.04139470753606 -164.9324437233502 1.2
vertex 88.041394707536 -164.9324437233501 0
endloop
endfacet
facet normal -0.7631224908950256 -0.6462538695359368 0
outer loop
vertex 88.34382002290876 -165.28955966625767 1.2
vertex 88.041394707536 -164.9324437233501 0
vertex 88.3438200229088 -165.2895596662577 0
endloop
endfacet
facet normal -0.6533367812298472 -0.757067401419598 0
outer loop
vertex 88.69810238534492 -165.5952995487127 1.2
vertex 88.34382002290876 -165.28955966625767 1.2
vertex 88.3438200229088 -165.2895596662577 0
endloop
endfacet
facet normal -0.6533367812298472 -0.757067401419598 0
outer loop
vertex 88.69810238534492 -165.5952995487127 1.2
vertex 88.3438200229088 -165.2895596662577 0
vertex 88.69810238534488 -165.59529954871263 0
endloop
endfacet
facet normal -0.5276537276170654 -0.8494595597977668 0
outer loop
vertex 89.09562120477204 -165.84222394252208 1.2
vertex 88.69810238534492 -165.5952995487127 1.2
vertex 88.69810238534488 -165.59529954871263 0
endloop
endfacet
facet normal -0.5276537276170654 -0.8494595597977668 0
outer loop
vertex 89.09562120477204 -165.84222394252208 1.2
vertex 88.69810238534488 -165.59529954871263 0
vertex 89.09562120477212 -165.84222394252208 0
endloop
endfacet
facet normal -0.3891315180985375 -0.9211822086983267 0
outer loop
vertex 89.52670383825986 -166.0243245497755 1.2
vertex 89.09562120477204 -165.84222394252208 1.2
vertex 89.09562120477212 -165.84222394252208 0
endloop
endfacet
facet normal -0.3891315180985375 -0.9211822086983267 0
outer loop
vertex 89.52670383825986 -166.0243245497755 1.2
vertex 89.09562120477212 -165.84222394252208 0
vertex 89.5267038382598 -166.02432454977546 0
endloop
endfacet
facet normal -0.24114107997576156 -0.9704900718441809 0
outer loop
vertex 89.98086190000032 -166.1371708000001 1.2
vertex 89.52670383825986 -166.0243245497755 1.2
vertex 89.5267038382598 -166.02432454977546 0
endloop
endfacet
facet normal -0.24114107997576156 -0.9704900718441809 0
outer loop
vertex 89.98086190000032 -166.1371708000001 1.2
vertex 89.5267038382598 -166.02432454977546 0
vertex 89.98086190000052 -166.1371708000001 0
endloop
endfacet
facet normal 0 0 1
outer loop
vertex 199.37303545000003 -184.40495755 1.2
vertex 160.94124105118087 -177.987096 1.2
vertex 132.472595585381 -173.233016 1.2
endloop
endfacet
facet normal 0 0 1
outer loop
vertex 199.37303545000003 -184.40495755 1.2
vertex 132.472595585381 -173.233016 1.2
vertex 124.30269531801325 -171.86869539999998 1.2
endloop
endfacet
facet normal 0 0 1
outer loop
vertex 199.37303545000003 -184.40495755 1.2
vertex 124.30269531801325 -171.86869539999998 1.2
vertex 121.94789530290058 -171.475459 1.2
endloop
endfacet
facet normal 0 0 1
outer loop
vertex 199.37303545000003 -184.40495755 1.2
vertex 121.94789530290058 -171.475459 1.2
vertex 121.85009205097053 -171.45912648834278 1.2
endloop
endfacet
facet normal 0 0 1
outer loop
vertex 199.37303545000003 -184.40495755 1.2
vertex 121.85009205097053 -171.45912648834278 1.2
vertex 121.56044081930284 -171.41075660263462 1.2
endloop
endfacet
facet normal 0 0 1
outer loop
vertex 199.37303545000003 -184.40495755 1.2
vertex 121.56044081930284 -171.41075660263462 1.2
vertex 121.09007274229262 -171.33220817045722 1.2
endloop
endfacet
facet normal 0 0 1
outer loop
vertex 199.37303545000003 -184.40495755 1.2
vertex 121.09007274229262 -171.33220817045722 1.2
vertex 120.45706380135248 -171.22649976400845 1.2
endloop
endfacet
facet normal 0 0 1
outer loop
vertex 199.37303545000003 -184.40495755 1.2
vertex 120.45706380135248 -171.22649976400845 1.2
vertex 119.68574017509057 -171.09769369806673 1.2
endloop
endfacet
facet normal 0 0 1
outer loop
vertex 199.37303545000003 -184.40495755 1.2
vertex 119.68574017509057 -171.09769369806673 1.2
vertex 118.80574339789727 -170.95073991751033 1.2
endloop
endfacet
facet normal 0 0 1
outer loop
vertex 199.37303545000003 -184.40495755 1.2
vertex 118.80574339789727 -170.95073991751033 1.2
vertex 117.8508912524145 -170.79128577371378 1.2
endloop
endfacet
facet normal 0 0 1
outer loop
vertex 199.37303545000003 -184.40495755 1.2
vertex 117.8508912524145 -170.79128577371378 1.2
vertex 116.85787817110386 -170.62545899999992 1.2
endloop
endfacet
facet normal 0 0 1
outer loop
vertex 199.37303545000003 -184.40495755 1.2
vertex 116.85787817110386 -170.62545899999992 1.2
vertex 115.86486508979492 -170.45963222628635 1.2
endloop
endfacet
facet normal 0 0 1
outer loop
vertex 199.37303545000003 -184.40495755 1.2
vertex 115.86486508979492 -170.45963222628635 1.2
vertex 114.91001294431148 -170.30017808248968 1.2
endloop
endfacet
facet normal 0 0 1
outer loop
vertex 199.37303545000003 -184.40495755 1.2
vertex 114.91001294431148 -170.30017808248968 1.2
vertex 114.03001616711784 -170.15322430193322 1.2
endloop
endfacet
facet normal 0 0 1
outer loop
vertex 199.37303545000003 -184.40495755 1.2
vertex 114.03001616711784 -170.15322430193322 1.2
vertex 113.2586925408561 -170.02441823599153 1.2
endloop
endfacet
facet normal 0 0 1
outer loop
vertex 199.37303545000003 -184.40495755 1.2
vertex 113.2586925408561 -170.02441823599153 1.2
vertex 112.62568359991664 -169.91870982954288 1.2
endloop
endfacet
facet normal 0 0 1
outer loop
vertex 199.37303545000003 -184.40495755 1.2
vertex 112.62568359991664 -169.91870982954288 1.2
vertex 112.15531552290574 -169.84016139736536 1.2
endloop
endfacet
facet normal 0 0 1
outer loop
vertex 199.37303545000003 -184.40495755 1.2
vertex 112.15531552290574 -169.84016139736536 1.2
vertex 111.86566429123839 -169.79179151165727 1.2
endloop
endfacet
facet normal 0 0 1
outer loop
vertex 199.37303545000003 -184.40495755 1.2
vertex 111.86566429123839 -169.79179151165727 1.2
vertex 111.76786103930817 -169.775459 1.2
endloop
endfacet
facet normal 0 0 1
outer loop
vertex 199.37303545000003 -184.40495755 1.2
vertex 111.76786103930817 -169.775459 1.2
vertex 109.848785054269 -169.4549857 1.2
endloop
endfacet
facet normal 0 0 1
outer loop
vertex 199.37303545000003 -184.40495755 1.2
vertex 109.848785054269 -169.4549857 1.2
vertex 107.1242144569486 -169 1.2
endloop
endfacet
facet normal 0 0 1
outer loop
vertex 199.37303545000003 -184.40495755 1.2
vertex 107.1242144569486 -169 1.2
vertex 89.98086190000032 -166.1371708000001 1.2
endloop
endfacet
facet normal 0 0 1
outer loop
vertex 199.37303545000003 -184.40495755 1.2
vertex 89.98086190000032 -166.1371708000001 1.2
vertex 89.98086190000052 -166.1371708000001 0
endloop
endfacet
facet normal 0 0 1
outer loop
vertex 199.37303545000003 -184.40495755 1.2
vertex 89.98086190000052 -166.1371708000001 0
vertex 107.12421445694876 -169 0
endloop
endfacet
facet normal 0 0 1
outer loop
vertex 199.37303545000003 -184.40495755 1.2
vertex 107.12421445694876 -169 0
vertex 109.84878505426899 -169.45498569999998 0
endloop
endfacet
facet normal 0 0 1
outer loop
vertex 199.37303545000003 -184.40495755 1.2
vertex 109.84878505426899 -169.45498569999998 0
vertex 111.76786103930831 -169.775459 0
endloop
endfacet
facet normal 0 0 1
outer loop
vertex 199.37303545000003 -184.40495755 1.2
vertex 111.76786103930831 -169.775459 0
vertex 111.86566429123835 -169.79179151165724 0
endloop
endfacet
facet normal 0 0 1
outer loop
vertex 199.37303545000003 -184.40495755 1.2
vertex 111.86566429123835 -169.79179151165724 0
vertex 112.15531552290587 -169.84016139736536 0
endloop
endfacet
facet normal 0 0 1
outer loop
vertex 199.37303545000003 -184.40495755 1.2
vertex 112.15531552290587 -169.84016139736536 0
vertex 112.62568359991678 -169.91870982954288 0
endloop
endfacet
facet normal 0 0 1
outer loop
vertex 199.37303545000003 -184.40495755 1.2
vertex 112.62568359991678 -169.91870982954288 0
vertex 113.25869254085623 -170.02441823599153 0
endloop
endfacet
facet normal 0 0 1
outer loop
vertex 199.37303545000003 -184.40495755 1.2
vertex 113.25869254085623 -170.02441823599153 0
vertex 114.03001616711812 -170.15322430193325 0
endloop
endfacet
facet normal 0 0 1
outer loop
vertex 199.37303545000003 -184.40495755 1.2
vertex 114.03001616711812 -170.15322430193325 0
vertex 114.91001294431193 -170.30017808248974 0
endloop
endfacet
facet normal 0 0 1
outer loop
vertex 199.37303545000003 -184.40495755 1.2
vertex 114.91001294431193 -170.30017808248974 0
vertex 115.86486508979469 -170.4596322262863 0
endloop
endfacet
facet normal 0 0 1
outer loop
vertex 199.37303545000003 -184.40495755 1.2
vertex 115.86486508979469 -170.4596322262863 0
vertex 116.8578781711043 -170.62545899999998 0
endloop
endfacet
facet normal 0 0 1
outer loop
vertex 199.37303545000003 -184.40495755 1.2
vertex 116.8578781711043 -170.62545899999998 0
vertex 117.85089125241511 -170.79128577371387 0
endloop
endfacet
facet normal 0 0 1
outer loop
vertex 199.37303545000003 -184.40495755 1.2
vertex 117.85089125241511 -170.79128577371387 0
vertex 118.80574339789634 -170.95073991751016 0
endloop
endfacet
facet normal 0 0 1
outer loop
vertex 199.37303545000003 -184.40495755 1.2
vertex 118.80574339789634 -170.95073991751016 0
vertex 119.68574017509049 -171.0976936980667 0
endloop
endfacet
facet normal 0 0 1
outer loop
vertex 199.37303545000003 -184.40495755 1.2
vertex 119.68574017509049 -171.0976936980667 0
vertex 120.45706380135306 -171.22649976400854 0
endloop
endfacet
facet normal 0 0 1
outer loop
vertex 199.37303545000003 -184.40495755 1.2
vertex 120.45706380135306 -171.22649976400854 0
vertex 121.09007274229201 -171.3322081704571 0
endloop
endfacet
facet normal 0 0 1
outer loop
vertex 199.37303545000003 -184.40495755 1.2
vertex 121.09007274229201 -171.3322081704571 0
vertex 121.56044081930325 -171.41075660263468 0
endloop
endfacet
facet normal 0 0 1
outer loop
vertex 199.37303545000003 -184.40495755 1.2
vertex 121.56044081930325 -171.41075660263468 0
vertex 121.85009205097077 -171.4591264883428 0
endloop
endfacet
facet normal 0 0 1
outer loop
vertex 199.37303545000003 -184.40495755 1.2
vertex 121.85009205097077 -171.4591264883428 0
vertex 121.94789530290082 -171.47545900000003 0
endloop
endfacet
facet normal 0 0 1
outer loop
vertex 199.37303545000003 -184.40495755 1.2
vertex 121.94789530290082 -171.47545900000003 0
vertex 124.30269531801329 -171.86869539999998 0
endloop
endfacet
facet normal 0 0 1
outer loop
vertex 199.37303545000003 -184.40495755 1.2
vertex 124.30269531801329 -171.86869539999998 0
vertex 132.472595585381 -173.233016 0
endloop
endfacet
facet normal 0 0 1
outer loop
vertex 199.37303545000003 -184.40495755 1.2
vertex 132.472595585381 -173.233016 0
vertex 160.94124105118087 -177.987096 0
endloop
endfacet
facet normal 0 0 1
outer loop
vertex 199.37303545000003 -184.40495755 1.2
vertex 160.94124105118087 -177.987096 0
vertex 199.3730354500002 -184.40495755000003 0
endloop
endfacet
facet normal -0.0882868745004544 -0.9960950897333753 0
outer loop
vertex 199.8331732834562 -184.44574093662038 1.2
vertex 199.37303545000003 -184.40495755 1.2
vertex 199.3730354500002 -184.40495755000003 0
endloop
endfacet
facet normal -0.0882868745004544 -0.9960950897333753 0
outer loop
vertex 199.8331732834562 -184.44574093662038 1.2
vertex 199.3730354500002 -184.40495755000003 0
vertex 199.83317328345592 -184.44574093662038 0
endloop
endfacet
facet normal 0.06568379105505075 -0.9978404880503879 0
outer loop
vertex 200.29411738913373 -184.41539885620978 1.2
vertex 199.8331732834562 -184.44574093662038 1.2
vertex 199.83317328345592 -184.44574093662038 0
endloop
endfacet
facet normal 0.06568379105505075 -0.9978404880503879 0
outer loop
vertex 200.29411738913373 -184.41539885620978 1.2
vertex 199.83317328345592 -184.44574093662038 0
vertex 200.29411738913373 -184.41539885620978 0
endloop
endfacet
facet normal 0.2180970931190419 -0.9759270761552955 0
outer loop
vertex 200.74493877663164 -184.3146507198669 1.2
vertex 200.29411738913373 -184.41539885620978 1.2
vertex 200.29411738913373 -184.41539885620978 0
endloop
endfacet
facet normal 0.2180970931190419 -0.9759270761552955 0
outer loop
vertex 200.74493877663164 -184.3146507198669 1.2
vertex 200.29411738913373 -184.41539885620978 0
vertex 200.74493877663167 -184.3146507198669 0
endloop
endfacet
facet normal 0.3653393104296453 -0.9308744213129886 0
outer loop
vertex 201.17494846532279 -184.1458852671403 1.2
vertex 200.74493877663164 -184.3146507198669 1.2
vertex 200.74493877663167 -184.3146507198669 0
endloop
endfacet
facet normal 0.3653393104296453 -0.9308744213129886 0
outer loop
vertex 201.17494846532279 -184.1458852671403 1.2
vertex 200.74493877663167 -184.3146507198669 0
vertex 201.1749484653226 -184.1458852671404 0
endloop
endfacet
facet normal 0.5039193282084651 -0.8637507225223775 0
outer loop
vertex 201.57395092021275 -183.91310392898464 1.2
vertex 201.17494846532279 -184.1458852671403 1.2
vertex 201.1749484653226 -184.1458852671404 0
endloop
endfacet
facet normal 0.5039193282084651 -0.8637507225223775 0
outer loop
vertex 201.57395092021275 -183.91310392898464 1.2
vertex 201.1749484653226 -184.1458852671404 0
vertex 201.5739509202127 -183.91310392898464 0
endloop
endfacet
facet normal 0.6305514125338894 -0.7761474835052401 0
outer loop
vertex 201.9324857882026 -183.6218259537825 1.2
vertex 201.57395092021275 -183.91310392898464 1.2
vertex 201.5739509202127 -183.91310392898464 0
endloop
endfacet
facet normal 0.6305514125338894 -0.7761474835052401 0
outer loop
vertex 201.9324857882026 -183.6218259537825 1.2
vertex 201.5739509202127 -183.91310392898464 0
vertex 201.93248578820277 -183.6218259537823 0
endloop
endfacet
facet normal 0.7422331151332977 -0.6701417781331954 0
outer loop
vertex 202.24205220317359 -183.2789575458993 1.2
vertex 201.9324857882026 -183.6218259537825 1.2
vertex 201.93248578820277 -183.6218259537823 0
endloop
endfacet
facet normal 0.7422331151332977 -0.6701417781331954 0
outer loop
vertex 202.24205220317359 -183.2789575458993 1.2
vertex 201.93248578820277 -183.6218259537823 0
vertex 202.24205220317359 -183.27895754589926 0
endloop
endfacet
facet normal 0.8363164614679313 -0.5482470029811002 0
outer loop
vertex 202.4953103416289 -182.89262811949254 1.2
vertex 202.24205220317359 -183.2789575458993 1.2
vertex 202.24205220317359 -183.27895754589926 0
endloop
endfacet
facet normal 0.8363164614679313 -0.5482470029811002 0
outer loop
vertex 202.4953103416289 -182.89262811949254 1.2
vertex 202.24205220317359 -183.27895754589926 0
vertex 202.49531034162897 -182.8926281194924 0
endloop
endfacet
facet normal 0.910575347690751 -0.41334312160463976 0
outer loop
vertex 202.68625090000006 -182.47199509999987 1.2
vertex 202.4953103416289 -182.89262811949254 1.2
vertex 202.49531034162897 -182.8926281194924 0
endloop
endfacet
facet normal 0.910575347690751 -0.41334312160463976 0
outer loop
vertex 202.68625090000006 -182.47199509999987 1.2
vertex 202.49531034162897 -182.8926281194924 0
vertex 202.68625089999983 -182.47199510000036 0
endloop
endfacet
facet normal 0 0 1
outer loop
vertex 209.5411204500001 -163.63839934999967 1.2
vertex 209.07270186224244 -164.9253686 1.2
vertex 204.31862098394492 -177.987096 1.2
endloop
endfacet
facet normal 0 0 1
outer loop
vertex 209.5411204500001 -163.63839934999967 1.2
vertex 204.31862098394492 -177.987096 1.2
vertex 202.68625090000006 -182.47199509999987 1.2
endloop
endfacet
facet normal 0 0 1
outer loop
vertex 209.5411204500001 -163.63839934999967 1.2
vertex 202.68625090000006 -182.47199509999987 1.2
vertex 202.68625089999983 -182.47199510000036 0
endloop
endfacet
facet normal 0 0 1
outer loop
vertex 209.5411204500001 -163.63839934999967 1.2
vertex 202.68625089999983 -182.47199510000036 0
vertex 204.3186209839449 -177.987096 0
endloop
endfacet
facet normal 0 0 1
outer loop
vertex 209.5411204500001 -163.63839934999967 1.2
vertex 204.3186209839449 -177.987096 0
vertex 209.07270186224247 -164.9253686 0
endloop
endfacet
facet normal 0 0 1
outer loop
vertex 209.5411204500001 -163.63839934999967 1.2
vertex 209.07270186224247 -164.9253686 0
vertex 209.54112045000014 -163.63839934999962 0
endloop
endfacet
facet normal 0.9579878654290435 -0.28680873363742776 0
outer loop
vertex 209.6411656797572 -163.3042319943343 1.2
vertex 209.5411204500001 -163.63839934999967 1.2
vertex 209.54112045000014 -163.63839934999962 0
endloop
endfacet
facet normal 0.9579878654290435 -0.28680873363742776 0
outer loop
vertex 209.6411656797572 -163.3042319943343 1.2
vertex 209.54112045000014 -163.63839934999962 0
vertex 209.64116567975717 -163.3042319943345 0
endloop
endfacet
facet normal 0.9848040389188648 -0.17366924001990433 0
outer loop
vertex 209.7017453517889 -162.9607105642505 1.2
vertex 209.6411656797572 -163.3042319943343 1.2
vertex 209.64116567975717 -163.3042319943345 0
endloop
endfacet
facet normal 0.9848040389188648 -0.17366924001990433 0
outer loop
vertex 209.7017453517889 -162.9607105642505 1.2
vertex 209.64116567975717 -163.3042319943345 0
vertex 209.7017453517889 -162.96071056425046 0
endloop
endfacet
facet normal 0.998305935717033 -0.058182976136833986 0
outer loop
vertex 209.7220409 -162.61247870000022 1.2
vertex 209.7017453517889 -162.9607105642505 1.2
vertex 209.7017453517889 -162.96071056425046 0
endloop
endfacet
facet normal 0.998305935717033 -0.058182976136833986 0
outer loop
vertex 209.7220409 -162.61247870000022 1.2
vertex 209.7017453517889 -162.96071056425046 0
vertex 209.7220409 -162.61247870000037 0
endloop
endfacet
facet normal 0 0 -1
outer loop
vertex 209.7228881 -144.25 1.2
vertex 209.72262511589645 -149.95 1.2
vertex 209.722387507452 -155.1 1.2
endloop
endfacet
facet normal 0 0 -1
outer loop
vertex 209.7228881 -144.25 1.2
vertex 209.722387507452 -155.1 1.2
vertex 209.72235677254596 -155.766158 1.2
endloop
endfacet
facet normal 0 0 -1
outer loop
vertex 209.7228881 -144.25 1.2
vertex 209.72235677254596 -155.766158 1.2
vertex 209.72224540986494 -158.1798677 1.2
endloop
endfacet
facet normal 0 0 -1
outer loop
vertex 209.7228881 -144.25 1.2
vertex 209.72224540986494 -158.1798677 1.2
vertex 209.72215353055967 -160.1712886 1.2
endloop
endfacet
facet normal 0 0 -1
outer loop
vertex 209.7228881 -144.25 1.2
vertex 209.72215353055967 -160.1712886 1.2
vertex 209.7220409 -162.61247870000022 1.2
endloop
endfacet
facet normal 0 0 -1
outer loop
vertex 209.7228881 -144.25 1.2
vertex 209.7220409 -162.61247870000022 1.2
vertex 209.7220409 -162.61247870000037 0
endloop
endfacet
facet normal 0 0 -1
outer loop
vertex 209.7228881 -144.25 1.2
vertex 209.7220409 -162.61247870000037 0
vertex 209.72215353055967 -160.1712886 0
endloop
endfacet
facet normal 0 0 -1
outer loop
vertex 209.7228881 -144.25 1.2
vertex 209.72215353055967 -160.1712886 0
vertex 209.72224540986494 -158.1798677 0
endloop
endfacet
facet normal 0 0 -1
outer loop
vertex 209.7228881 -144.25 1.2
vertex 209.72224540986494 -158.1798677 0
vertex 209.72235677254596 -155.766158 0
endloop
endfacet
facet normal 0 0 -1
outer loop
vertex 209.7228881 -144.25 1.2
vertex 209.72235677254596 -155.766158 0
vertex 209.722387507452 -155.1 0
endloop
endfacet
facet normal 0 0 -1
outer loop
vertex 209.7228881 -144.25 1.2
vertex 209.722387507452 -155.1 0
vertex 209.72262511589645 -149.95 0
endloop
endfacet
facet normal 0 0 -1
outer loop
vertex 209.7228881 -144.25 1.2
vertex 209.72262511589645 -149.95 0
vertex 209.7228881 -144.25 0
endloop
endfacet
facet normal 0 1 0
outer loop
vertex 209.7228881 -144.25 1.2
vertex 209.7228881 -144.25 0
vertex 201.25 -144.25 0
endloop
endfacet
facet normal 0 1 0
outer loop
vertex 209.7228881 -144.25 1.2
vertex 201.25 -144.25 0
vertex 201.25 -144.25 1.2
endloop
endfacet
facet normal 1 0 0
outer loop
vertex 201.25 -136.05 0
vertex 201.25 -136 0
vertex 201.25 -136 1.2
endloop
endfacet
facet normal 1 0 0
outer loop
vertex 201.25 -136.05 0
vertex 201.25 -136 1.2
vertex 201.25 -136.05 1.2
endloop
endfacet
facet normal 1 0 0
outer loop
vertex 201.25 -136.05 0
vertex 201.25 -136.05 1.2
vertex 201.25 -144.25 1.2
endloop
endfacet
facet normal 1 0 0
outer loop
vertex 201.25 -136.05 0
vertex 201.25 -144.25 1.2
vertex 201.25 -144.25 0
endloop
endfacet
facet normal 0 1 0
outer loop
vertex 201.25 -136 1.2
vertex 201.25 -136 0
vertex 186.75 -136 0
endloop
endfacet
facet normal 0 1 0
outer loop
vertex 201.25 -136 1.2
vertex 186.75 -136 0
vertex 186.75 -136 1.2
endloop
endfacet
facet normal 1 0 0
outer loop
vertex 186.75 -132.95 0
vertex 186.75 -119.05 0
vertex 186.75 -118.35 0
endloop
endfacet
facet normal 1 0 0
outer loop
vertex 186.75 -132.95 0
vertex 186.75 -118.35 0
vertex 186.75 -118.33366748834274 0
endloop
endfacet
facet normal 1 0 0
outer loop
vertex 186.75 -132.95 0
vertex 186.75 -118.33366748834274 0
vertex 186.75 -118.2852976026346 0
endloop
endfacet
facet normal 1 0 0
outer loop
vertex 186.75 -132.95 0
vertex 186.75 -118.2852976026346 0
vertex 186.75 -118.20674917045713 0
endloop
endfacet
facet normal 1 0 0
outer loop
vertex 186.75 -132.95 0
vertex 186.75 -118.20674917045713 0
vertex 186.75 -118.10104076400859 0
endloop
endfacet
facet normal 1 0 0
outer loop
vertex 186.75 -132.95 0
vertex 186.75 -118.10104076400859 0
vertex 186.75 -117.97223469806664 0
endloop
endfacet
facet normal 1 0 0
outer loop
vertex 186.75 -132.95 0
vertex 186.75 -117.97223469806664 0
vertex 186.75 -117.82528091751037 0
endloop
endfacet
facet normal 1 0 0
outer loop
vertex 186.75 -132.95 0
vertex 186.75 -117.82528091751037 0
vertex 186.75 -117.66582677371363 0
endloop
endfacet
facet normal 1 0 0
outer loop
vertex 186.75 -132.95 0
vertex 186.75 -117.66582677371363 0
vertex 186.75 -117.49999999999997 0
endloop
endfacet
facet normal 1 0 0
outer loop
vertex 186.75 -132.95 0
vertex 186.75 -117.49999999999997 0
vertex 186.75 -117.33417322628631 0
endloop
endfacet
facet normal 1 0 0
outer loop
vertex 186.75 -132.95 0
vertex 186.75 -117.33417322628631 0
vertex 186.75 -117.1747190824896 0
endloop
endfacet
facet normal 1 0 0
outer loop
vertex 186.75 -132.95 0
vertex 186.75 -117.1747190824896 0
vertex 186.75 -117.0277653019334 0
endloop
endfacet
facet normal 1 0 0
outer loop
vertex 186.75 -132.95 0
vertex 186.75 -117.0277653019334 0
vertex 186.75 -116.89895923599146 0
endloop
endfacet
facet normal 1 0 0
outer loop
vertex 186.75 -132.95 0
vertex 186.75 -116.89895923599146 0
vertex 186.75 -116.79325082954286 0
endloop
endfacet
facet normal 1 0 0
outer loop
vertex 186.75 -132.95 0
vertex 186.75 -116.79325082954286 0
vertex 186.75 -116.7147023973654 0
endloop
endfacet
facet normal 1 0 0
outer loop
vertex 186.75 -132.95 0
vertex 186.75 -116.7147023973654 0
vertex 186.75 -116.66633251165723 0
endloop
endfacet
facet normal 1 0 0
outer loop
vertex 186.75 -132.95 0
vertex 186.75 -116.66633251165723 0
vertex 186.75 -116.65 0
endloop
endfacet
facet normal 1 0 0
outer loop
vertex 186.75 -132.95 0
vertex 186.75 -116.65 0
vertex 186.75 -115.95 0
endloop
endfacet
facet normal 1 0 0
outer loop
vertex 186.75 -132.95 0
vertex 186.75 -115.95 0
vertex 186.75 -102.05 0
endloop
endfacet
facet normal 1 0 0
outer loop
vertex 186.75 -132.95 0
vertex 186.75 -102.05 0
vertex 186.75 -96.475 0
endloop
endfacet
facet normal 1 0 0
outer loop
vertex 186.75 -132.95 0
vertex 186.75 -96.475 0
vertex 186.75 -96.475 1.2
endloop
endfacet
facet normal 1 0 0
outer loop
vertex 186.75 -132.95 0
vertex 186.75 -96.475 1.2
vertex 186.75 -102.05 1.2
endloop
endfacet
facet normal 1 0 0
outer loop
vertex 186.75 -132.95 0
vertex 186.75 -102.05 1.2
vertex 186.75 -115.95 1.2
endloop
endfacet
facet normal 1 0 0
outer loop
vertex 186.75 -132.95 0
vertex 186.75 -115.95 1.2
vertex 186.75 -116.65 1.2
endloop
endfacet
facet normal 1 0 0
outer loop
vertex 186.75 -132.95 0
vertex 186.75 -116.65 1.2
vertex 186.75 -116.66633251165726 1.2
endloop
endfacet
facet normal 1 0 0
outer loop
vertex 186.75 -132.95 0
vertex 186.75 -116.66633251165726 1.2
vertex 186.75 -116.71470239736541 1.2
endloop
endfacet
facet normal 1 0 0
outer loop
vertex 186.75 -132.95 0
vertex 186.75 -116.71470239736541 1.2
vertex 186.75 -116.79325082954284 1.2
endloop
endfacet
facet normal 1 0 0
outer loop
vertex 186.75 -132.95 0
vertex 186.75 -116.79325082954284 1.2
vertex 186.75 -116.89895923599137 1.2
endloop
endfacet
facet normal 1 0 0
outer loop
vertex 186.75 -132.95 0
vertex 186.75 -116.89895923599137 1.2
vertex 186.75 -117.02776530193344 1.2
endloop
endfacet
facet normal 1 0 0
outer loop
vertex 186.75 -132.95 0
vertex 186.75 -117.02776530193344 1.2
vertex 186.75 -117.1747190824896 1.2
endloop
endfacet
facet normal 1 0 0
outer loop
vertex 186.75 -132.95 0
vertex 186.75 -117.1747190824896 1.2
vertex 186.75 -117.33417322628621 1.2
endloop
endfacet
facet normal 1 0 0
outer loop
vertex 186.75 -132.95 0
vertex 186.75 -117.33417322628621 1.2
vertex 186.75 -117.50000000000006 1.2
endloop
endfacet
facet normal 1 0 0
outer loop
vertex 186.75 -132.95 0
vertex 186.75 -117.50000000000006 1.2
vertex 186.75 -117.66582677371375 1.2
endloop
endfacet
facet normal 1 0 0
outer loop
vertex 186.75 -132.95 0
vertex 186.75 -117.66582677371375 1.2
vertex 186.75 -117.82528091751036 1.2
endloop
endfacet
facet normal 1 0 0
outer loop
vertex 186.75 -132.95 0
vertex 186.75 -117.82528091751036 1.2
vertex 186.75 -117.97223469806661 1.2
endloop
endfacet
facet normal 1 0 0
outer loop
vertex 186.75 -132.95 0
vertex 186.75 -117.97223469806661 1.2
vertex 186.75 -118.10104076400856 1.2
endloop
endfacet
facet normal 1 0 0
outer loop
vertex 186.75 -132.95 0
vertex 186.75 -118.10104076400856 1.2
vertex 186.75 -118.20674917045716 1.2
endloop
endfacet
facet normal 1 0 0
outer loop
vertex 186.75 -132.95 0
vertex 186.75 -118.20674917045716 1.2
vertex 186.75 -118.28529760263457 1.2
endloop
endfacet
facet normal 1 0 0
outer loop
vertex 186.75 -132.95 0
vertex 186.75 -118.28529760263457 1.2
vertex 186.75 -118.33366748834275 1.2
endloop
endfacet
facet normal 1 0 0
outer loop
vertex 186.75 -132.95 0
vertex 186.75 -118.33366748834275 1.2
vertex 186.75 -118.35 1.2
endloop
endfacet
facet normal 1 0 0
outer loop
vertex 186.75 -132.95 0
vertex 186.75 -118.35 1.2
vertex 186.75 -119.05 1.2
endloop
endfacet
facet normal 1 0 0
outer loop
vertex 186.75 -132.95 0
vertex 186.75 -119.05 1.2
vertex 186.75 -132.95 1.2
endloop
endfacet
facet normal 1 0 0
outer loop
vertex 186.75 -132.95 0
vertex 186.75 -132.95 1.2
vertex 186.75 -136 1.2
endloop
endfacet
facet normal 1 0 0
outer loop
vertex 186.75 -132.95 0
vertex 186.75 -136 1.2
vertex 186.75 -136 0
endloop
endfacet
facet normal 0 1 0
outer loop
vertex 123.475 -96.475 1.2
vertex 123.475 -96.475 0
vertex 108.47500000000001 -96.475 0
endloop
endfacet
facet normal 0 1 0
outer loop
vertex 123.475 -96.475 1.2
vertex 108.47500000000001 -96.475 0
vertex 108.47500000000004 -96.475 1.2
endloop
endfacet
facet normal 0 1 0
outer loop
vertex 186.75 -96.475 1.2
vertex 186.75 -96.475 0
vertex 148.525 -96.475 0
endloop
endfacet
facet normal 0 1 0
outer loop
vertex 186.75 -96.475 1.2
vertex 148.525 -96.475 0
vertex 148.525 -96.475 1.2
endloop
endfacet
facet normal 1 0 0
outer loop
vertex 148.525 -95.05 0
vertex 148.525 -92.4749999999999 0
vertex 148.525 -92.47499999999977 1.2
endloop
endfacet
facet normal 1 0 0
outer loop
vertex 148.525 -95.05 0
vertex 148.525 -92.47499999999977 1.2
vertex 148.525 -95.05 1.2
endloop
endfacet
facet normal 1 0 0
outer loop
vertex 148.525 -95.05 0
vertex 148.525 -95.05 1.2
vertex 148.525 -96.475 1.2
endloop
endfacet
facet normal 1 0 0
outer loop
vertex 148.525 -95.05 0
vertex 148.525 -96.475 1.2
vertex 148.525 -96.475 0
endloop
endfacet
facet normal 0.9961946980917434 0.087155742747683 0
outer loop
vertex 148.47942325903665 -91.95405546699936 1.2
vertex 148.525 -92.47499999999977 1.2
vertex 148.525 -92.4749999999999 0
endloop
endfacet
facet normal 0.9961946980917434 0.087155742747683 0
outer loop
vertex 148.47942325903665 -91.95405546699936 1.2
vertex 148.525 -92.4749999999999 0
vertex 148.47942325903665 -91.95405546699935 0
endloop
endfacet
facet normal 0.9659258262890629 0.2588190451025413 0
outer loop
vertex 148.3440778623577 -91.44893957002289 1.2
vertex 148.47942325903665 -91.95405546699936 1.2
vertex 148.47942325903665 -91.95405546699935 0
endloop
endfacet
facet normal 0.9659258262890629 0.2588190451025413 0
outer loop
vertex 148.3440778623577 -91.44893957002289 1.2
vertex 148.47942325903665 -91.95405546699935 0
vertex 148.3440778623577 -91.44893957002289 0
endloop
endfacet
facet normal 0.9063077870366524 0.42261826174069467 0
outer loop
vertex 148.12307621135338 -90.9750000000001 1.2
vertex 148.3440778623577 -91.44893957002289 1.2
vertex 148.3440778623577 -91.44893957002289 0
endloop
endfacet
facet normal 0.9063077870366524 0.42261826174069467 0
outer loop
vertex 148.12307621135338 -90.9750000000001 1.2
vertex 148.3440778623577 -91.44893957002289 0
vertex 148.12307621135338 -90.97500000000011 0
endloop
endfacet
facet normal 0.8191520442890059 0.5735764363510261 0
outer loop
vertex 147.82313332935695 -90.54663717094039 1.2
vertex 148.12307621135338 -90.9750000000001 1.2
vertex 148.12307621135338 -90.97500000000011 0
endloop
endfacet
facet normal 0.8191520442890059 0.5735764363510261 0
outer loop
vertex 147.82313332935695 -90.54663717094039 1.2
vertex 148.12307621135338 -90.97500000000011 0
vertex 147.82313332935695 -90.54663717094039 0
endloop
endfacet
facet normal 0.707106781186519 0.7071067811865759 0
outer loop
vertex 147.45336282905959 -90.17686667064307 1.2
vertex 147.82313332935695 -90.54663717094039 1.2
vertex 147.82313332935695 -90.54663717094039 0
endloop
endfacet
facet normal 0.707106781186519 0.7071067811865759 0
outer loop
vertex 147.45336282905959 -90.17686667064307 1.2
vertex 147.82313332935695 -90.54663717094039 0
vertex 147.45336282905956 -90.17686667064304 0
endloop
endfacet
facet normal 0.5735764363510737 0.8191520442889726 0
outer loop
vertex 147.02499999999998 -89.87692378864666 1.2
vertex 147.45336282905959 -90.17686667064307 1.2
vertex 147.45336282905956 -90.17686667064304 0
endloop
endfacet
facet normal 0.5735764363510737 0.8191520442889726 0
outer loop
vertex 147.02499999999998 -89.87692378864666 1.2
vertex 147.45336282905956 -90.17686667064304 0
vertex 147.02499999999995 -89.87692378864665 0
endloop
endfacet
facet normal 0.42261826174069855 0.9063077870366504 0
outer loop
vertex 146.55106042997696 -89.65592213764225 1.2
vertex 147.02499999999998 -89.87692378864666 1.2
vertex 147.02499999999995 -89.87692378864665 0
endloop
endfacet
facet normal 0.42261826174069855 0.9063077870366504 0
outer loop
vertex 146.55106042997696 -89.65592213764225 1.2
vertex 147.02499999999995 -89.87692378864665 0
vertex 146.55106042997699 -89.65592213764225 0
endloop
endfacet
facet normal 0.2588190451025413 0.9659258262890629 0
outer loop
vertex 146.04594453300086 -89.52057674096338 1.2
vertex 146.55106042997696 -89.65592213764225 1.2
vertex 146.55106042997699 -89.65592213764225 0
endloop
endfacet
facet normal 0.2588190451025413 0.9659258262890629 0
outer loop
vertex 146.04594453300086 -89.52057674096338 1.2
vertex 146.55106042997699 -89.65592213764225 0
vertex 146.04594453300095 -89.52057674096339 0
endloop
endfacet
facet normal 0.08715574274764037 0.9961946980917471 0
outer loop
vertex 145.5249999999999 -89.475 1.2
vertex 146.04594453300086 -89.52057674096338 1.2
vertex 146.04594453300095 -89.52057674096339 0
endloop
endfacet
facet normal 0.08715574274764037 0.9961946980917471 0
outer loop
vertex 145.5249999999999 -89.475 1.2
vertex 146.04594453300095 -89.52057674096339 0
vertex 145.52499999999984 -89.475 0
endloop
endfacet
facet normal 0 1 0
outer loop
vertex 145.5249999999999 -89.475 1.2
vertex 145.52499999999984 -89.475 0
vertex 126.47499999999994 -89.475 0
endloop
endfacet
facet normal 0 1 0
outer loop
vertex 145.5249999999999 -89.475 1.2
vertex 126.47499999999994 -89.475 0
vertex 126.47500000000002 -89.475 1.2
endloop
endfacet
facet normal -0.08715574274762612 0.9961946980917484 0
outer loop
vertex 125.9540554669992 -89.52057674096338 1.2
vertex 126.47500000000002 -89.475 1.2
vertex 126.47499999999994 -89.475 0
endloop
endfacet
facet normal -0.08715574274762612 0.9961946980917484 0
outer loop
vertex 125.9540554669992 -89.52057674096338 1.2
vertex 126.47499999999994 -89.475 0
vertex 125.95405546699928 -89.52057674096339 0
endloop
endfacet
facet normal -0.2588190451025271 0.9659258262890666 0
outer loop
vertex 125.4489395700231 -89.65592213764225 1.2
vertex 125.9540554669992 -89.52057674096338 1.2
vertex 125.95405546699928 -89.52057674096339 0
endloop
endfacet
facet normal -0.2588190451025271 0.9659258262890666 0
outer loop
vertex 125.4489395700231 -89.65592213764225 1.2
vertex 125.95405546699928 -89.52057674096339 0
vertex 125.44893957002289 -89.65592213764225 0
endloop
endfacet
facet normal -0.42261826174070904 0.9063077870366456 0
outer loop
vertex 124.97499999999985 -89.87692378864666 1.2
vertex 125.4489395700231 -89.65592213764225 1.2
vertex 125.44893957002289 -89.65592213764225 0
endloop
endfacet
facet normal -0.42261826174070904 0.9063077870366456 0
outer loop
vertex 124.97499999999985 -89.87692378864666 1.2
vertex 125.44893957002289 -89.65592213764225 0
vertex 124.97499999999997 -89.87692378864665 0
endloop
endfacet
facet normal -0.5735764363510504 0.8191520442889888 0
outer loop
vertex 124.5466371709404 -90.17686667064307 1.2
vertex 124.97499999999985 -89.87692378864666 1.2
vertex 124.97499999999997 -89.87692378864665 0
endloop
endfacet
facet normal -0.5735764363510504 0.8191520442889888 0
outer loop
vertex 124.5466371709404 -90.17686667064307 1.2
vertex 124.97499999999997 -89.87692378864665 0
vertex 124.54663717094043 -90.17686667064304 0
endloop
endfacet
facet normal -0.7071067811865547 0.7071067811865405 0
outer loop
vertex 124.17686667064298 -90.54663717094039 1.2
vertex 124.5466371709404 -90.17686667064307 1.2
vertex 124.54663717094043 -90.17686667064304 0
endloop
endfacet
facet normal -0.7071067811865547 0.7071067811865405 0
outer loop
vertex 124.17686667064298 -90.54663717094039 1.2
vertex 124.54663717094043 -90.17686667064304 0
vertex 124.17686667064307 -90.54663717094039 0
endloop
endfacet
facet normal -0.8191520442890001 0.5735764363510342 0
outer loop
vertex 123.8769237886467 -90.9750000000001 1.2
vertex 124.17686667064298 -90.54663717094039 1.2
vertex 124.17686667064307 -90.54663717094039 0
endloop
endfacet
facet normal -0.8191520442890001 0.5735764363510342 0
outer loop
vertex 123.8769237886467 -90.9750000000001 1.2
vertex 124.17686667064307 -90.54663717094039 0
vertex 123.87692378864664 -90.97500000000011 0
endloop
endfacet
facet normal -0.9063077870366524 0.4226182617406946 0
outer loop
vertex 123.65592213764234 -91.44893957002289 1.2
vertex 123.8769237886467 -90.9750000000001 1.2
vertex 123.87692378864664 -90.97500000000011 0
endloop
endfacet
facet normal -0.9063077870366524 0.4226182617406946 0
outer loop
vertex 123.65592213764234 -91.44893957002289 1.2
vertex 123.87692378864664 -90.97500000000011 0
vertex 123.65592213764235 -91.44893957002289 0
endloop
endfacet
facet normal -0.9659258262890708 0.25881904510251214 0
outer loop
vertex 123.52057674096338 -91.95405546699936 1.2
vertex 123.65592213764234 -91.44893957002289 1.2
vertex 123.65592213764235 -91.44893957002289 0
endloop
endfacet
facet normal -0.9659258262890708 0.25881904510251214 0
outer loop
vertex 123.52057674096338 -91.95405546699936 1.2
vertex 123.65592213764235 -91.44893957002289 0
vertex 123.52057674096336 -91.95405546699935 0
endloop
endfacet
facet normal -0.9961946980917459 0.08715574274765463 0
outer loop
vertex 123.475 -92.47499999999977 1.2
vertex 123.52057674096338 -91.95405546699936 1.2
vertex 123.52057674096336 -91.95405546699935 0
endloop
endfacet
facet normal -0.9961946980917459 0.08715574274765463 0
outer loop
vertex 123.475 -92.47499999999977 1.2
vertex 123.52057674096336 -91.95405546699935 0
vertex 123.475 -92.4749999999999 0
endloop
endfacet
facet normal -1 0 0
outer loop
vertex 123.475 -95.05 1.2
vertex 123.475 -92.47499999999977 1.2
vertex 123.475 -92.4749999999999 0
endloop
endfacet
facet normal -1 0 0
outer loop
vertex 123.475 -95.05 1.2
vertex 123.475 -92.4749999999999 0
vertex 123.475 -95.05 0
endloop
endfacet
facet normal -1 0 0
outer loop
vertex 123.475 -95.05 1.2
vertex 123.475 -95.05 0
vertex 123.475 -96.475 0
endloop
endfacet
facet normal -1 0 0
outer loop
vertex 123.475 -95.05 1.2
vertex 123.475 -96.475 0
vertex 123.475 -96.475 1.2
endloop
endfacet
facet normal -0.08715574274762612 0.9961946980917484 0
outer loop
vertex 107.95405546699914 -96.52057674096338 1.2
vertex 108.47500000000004 -96.475 1.2
vertex 108.47500000000001 -96.475 0
endloop
endfacet
facet normal -0.08715574274762612 0.9961946980917484 0
outer loop
vertex 107.95405546699914 -96.52057674096338 1.2
vertex 108.47500000000001 -96.475 0
vertex 107.9540554669992 -96.52057674096336 0
endloop
endfacet
facet normal -0.2588190451025404 0.9659258262890631 0
outer loop
vertex 107.44893957002301 -96.65592213764225 1.2
vertex 107.95405546699914 -96.52057674096338 1.2
vertex 107.9540554669992 -96.52057674096336 0
endloop
endfacet
facet normal -0.2588190451025404 0.9659258262890631 0
outer loop
vertex 107.44893957002301 -96.65592213764225 1.2
vertex 107.9540554669992 -96.52057674096336 0
vertex 107.44893957002296 -96.65592213764226 0
endloop
endfacet
facet normal -0.4226182617407234 0.9063077870366388 0
outer loop
vertex 106.97499999999994 -96.8769237886467 1.2
vertex 107.44893957002301 -96.65592213764225 1.2
vertex 107.44893957002296 -96.65592213764226 0
endloop
endfacet
facet normal -0.4226182617407234 0.9063077870366388 0
outer loop
vertex 106.97499999999994 -96.8769237886467 1.2
vertex 107.44893957002296 -96.65592213764226 0
vertex 106.97500000000004 -96.87692378864665 0
endloop
endfacet
facet normal -0.5735764363510599 0.8191520442889821 0
outer loop
vertex 106.5466371709403 -97.17686667064311 1.2
vertex 106.97499999999994 -96.8769237886467 1.2
vertex 106.97500000000004 -96.87692378864665 0
endloop
endfacet
facet normal -0.5735764363510599 0.8191520442889821 0
outer loop
vertex 106.5466371709403 -97.17686667064311 1.2
vertex 106.97500000000004 -96.87692378864665 0
vertex 106.54663717094037 -97.17686667064307 0
endloop
endfacet
facet normal -0.7071067811865476 0.7071067811865476 0
outer loop
vertex 106.17686667064314 -97.54663717094027 1.2
vertex 106.5466371709403 -97.17686667064311 1.2
vertex 106.54663717094037 -97.17686667064307 0
endloop
endfacet
facet normal -0.7071067811865476 0.7071067811865476 0
outer loop
vertex 106.17686667064314 -97.54663717094027 1.2
vertex 106.54663717094037 -97.17686667064307 0
vertex 106.17686667064301 -97.54663717094043 0
endloop
endfacet
facet normal -0.8191520442889936 0.5735764363510437 0
outer loop
vertex 105.87692378864664 -97.97500000000005 1.2
vertex 106.17686667064314 -97.54663717094027 1.2
vertex 106.17686667064301 -97.54663717094043 0
endloop
endfacet
facet normal -0.8191520442889936 0.5735764363510437 0
outer loop
vertex 105.87692378864664 -97.97500000000005 1.2
vertex 106.17686667064301 -97.54663717094043 0
vertex 105.87692378864668 -97.97499999999998 0
endloop
endfacet
facet normal -0.9063077870366388 0.4226182617407234 0
outer loop
vertex 105.65592213764229 -98.4489395700229 1.2
vertex 105.87692378864664 -97.97500000000005 1.2
vertex 105.87692378864668 -97.97499999999998 0
endloop
endfacet
facet normal -0.9063077870366388 0.4226182617407234 0
outer loop
vertex 105.65592213764229 -98.4489395700229 1.2
vertex 105.87692378864668 -97.97499999999998 0
vertex 105.65592213764229 -98.44893957002292 0
endloop
endfacet
facet normal -0.9659258262890631 0.2588190451025404 0
outer loop
vertex 105.52057674096339 -98.95405546699914 1.2
vertex 105.65592213764229 -98.4489395700229 1.2
vertex 105.65592213764229 -98.44893957002292 0
endloop
endfacet
facet normal -0.9659258262890631 0.2588190451025404 0
outer loop
vertex 105.52057674096339 -98.95405546699914 1.2
vertex 105.65592213764229 -98.44893957002292 0
vertex 105.52057674096339 -98.95405546699915 0
endloop
endfacet
facet normal -0.9961946980917471 0.08715574274764037 0
outer loop
vertex 105.475 -99.47500000000025 1.2
vertex 105.52057674096339 -98.95405546699914 1.2
vertex 105.52057674096339 -98.95405546699915 0
endloop
endfacet
facet normal -0.9961946980917471 0.08715574274764037 0
outer loop
vertex 105.475 -99.47500000000025 1.2
vertex 105.52057674096339 -98.95405546699915 0
vertex 105.475 -99.47500000000026 0
endloop
endfacet
facet normal -1 0 0
outer loop
vertex 105.475 -102.05 1.2
vertex 105.475 -99.47500000000025 1.2
vertex 105.475 -99.47500000000026 0
endloop
endfacet
facet normal -1 0 0
outer loop
vertex 105.475 -102.05 1.2
vertex 105.475 -99.47500000000026 0
vertex 105.475 -102.05 0
endloop
endfacet
facet normal -1 0 0
outer loop
vertex 105.475 -102.05 1.2
vertex 105.475 -102.05 0
vertex 105.475 -103.475 0
endloop
endfacet
facet normal -1 0 0
outer loop
vertex 105.475 -102.05 1.2
vertex 105.475 -103.475 0
vertex 105.475 -103.475 1.2
endloop
endfacet
facet normal 0 1 0
outer loop
vertex 105.475 -103.475 1.2
vertex 105.475 -103.475 0
vertex 90.47499999999994 -103.475 0
endloop
endfacet
facet normal 0 1 0
outer loop
vertex 105.475 -103.475 1.2
vertex 90.47499999999994 -103.475 0
vertex 90.47500000000004 -103.475 1.2
endloop
endfacet
facet normal -0.08715574274765463 0.9961946980917459 0
outer loop
vertex 89.9540554669991 -103.52057674096338 1.2
vertex 90.47500000000004 -103.475 1.2
vertex 90.47499999999994 -103.475 0
endloop
endfacet
facet normal -0.08715574274765463 0.9961946980917459 0
outer loop
vertex 89.9540554669991 -103.52057674096338 1.2
vertex 90.47499999999994 -103.475 0
vertex 89.9540554669992 -103.52057674096336 0
endloop
endfacet
facet normal -0.25881904510251214 0.9659258262890708 0
outer loop
vertex 89.44893957002309 -103.65592213764222 1.2
vertex 89.9540554669991 -103.52057674096338 1.2
vertex 89.9540554669992 -103.52057674096336 0
endloop
endfacet
facet normal -0.25881904510251214 0.9659258262890708 0
outer loop
vertex 89.44893957002309 -103.65592213764222 1.2
vertex 89.9540554669992 -103.52057674096336 0
vertex 89.44893957002313 -103.65592213764222 0
endloop
endfacet
facet normal -0.42261826174070904 0.9063077870366456 0
outer loop
vertex 88.97500000000004 -103.87692378864666 1.2
vertex 89.44893957002309 -103.65592213764222 1.2
vertex 89.44893957002313 -103.65592213764222 0
endloop
endfacet
facet normal -0.42261826174070904 0.9063077870366456 0
outer loop
vertex 88.97500000000004 -103.87692378864666 1.2
vertex 89.44893957002313 -103.65592213764222 0
vertex 88.97499999999992 -103.87692378864674 0
endloop
endfacet
facet normal -0.5735764363510504 0.8191520442889888 0
outer loop
vertex 88.54663717094026 -104.17686667064316 1.2
vertex 88.97500000000004 -103.87692378864666 1.2
vertex 88.97499999999992 -103.87692378864674 0
endloop
endfacet
facet normal -0.5735764363510504 0.8191520442889888 0
outer loop
vertex 88.54663717094026 -104.17686667064316 1.2
vertex 88.97499999999992 -103.87692378864674 0
vertex 88.54663717094026 -104.17686667064315 0
endloop
endfacet
facet normal -0.7071067811865405 0.7071067811865547 0
outer loop
vertex 88.17686667064302 -104.5466371709404 1.2
vertex 88.54663717094026 -104.17686667064316 1.2
vertex 88.54663717094026 -104.17686667064315 0
endloop
endfacet
facet normal -0.7071067811865405 0.7071067811865547 0
outer loop
vertex 88.17686667064302 -104.5466371709404 1.2
vertex 88.54663717094026 -104.17686667064315 0
vertex 88.17686667064312 -104.54663717094029 0
endloop
endfacet
facet normal -0.8191520442889936 0.5735764363510437 0
outer loop
vertex 87.87692378864676 -104.97499999999985 1.2
vertex 88.17686667064302 -104.5466371709404 1.2
vertex 88.17686667064312 -104.54663717094029 0
endloop
endfacet
facet normal -0.8191520442889936 0.5735764363510437 0
outer loop
vertex 87.87692378864676 -104.97499999999985 1.2
vertex 88.17686667064312 -104.54663717094029 0
vertex 87.87692378864669 -104.97499999999997 0
endloop
endfacet
facet normal -0.9063077870366456 0.42261826174070904 0
outer loop
vertex 87.65592213764225 -105.44893957002306 1.2
vertex 87.87692378864676 -104.97499999999985 1.2
vertex 87.87692378864669 -104.97499999999997 0
endloop
endfacet
facet normal -0.9063077870366456 0.42261826174070904 0
outer loop
vertex 87.65592213764225 -105.44893957002306 1.2
vertex 87.87692378864669 -104.97499999999997 0
vertex 87.6559221376423 -105.44893957002292 0
endloop
endfacet
facet normal -0.9659258262890666 0.2588190451025271 0
outer loop
vertex 87.52057674096336 -105.95405546699924 1.2
vertex 87.65592213764225 -105.44893957002306 1.2
vertex 87.6559221376423 -105.44893957002292 0
endloop
endfacet
facet normal -0.9659258262890666 0.2588190451025271 0
outer loop
vertex 87.52057674096336 -105.95405546699924 1.2
vertex 87.6559221376423 -105.44893957002292 0
vertex 87.52057674096336 -105.95405546699922 0
endloop
endfacet
facet normal -0.9961946980917484 0.08715574274762612 0
outer loop
vertex 87.475 -106.47500000000004 1.2
vertex 87.52057674096336 -105.95405546699924 1.2
vertex 87.52057674096336 -105.95405546699922 0
endloop
endfacet
facet normal -0.9961946980917484 0.08715574274762612 0
outer loop
vertex 87.475 -106.47500000000004 1.2
vertex 87.52057674096336 -105.95405546699922 0
vertex 87.475 -106.47500000000005 0
endloop
endfacet
facet normal 0 0 1
outer loop
vertex 87.47500095000001 -163.17815040000016 1.2
vertex 87.4750008858635 -159.35 1.2
vertex 87.47500088558985 -159.3336674883427 1.2
endloop
endfacet
facet normal 0 0 1
outer loop
vertex 87.47500095000001 -163.17815040000016 1.2
vertex 87.47500088558985 -159.3336674883427 1.2
vertex 87.47500088477948 -159.28529760263467 1.2
endloop
endfacet
facet normal 0 0 1
outer loop
vertex 87.47500095000001 -163.17815040000016 1.2
vertex 87.47500088477948 -159.28529760263467 1.2
vertex 87.47500088346348 -159.2067491704571 1.2
endloop
endfacet
facet normal 0 0 1
outer loop
vertex 87.47500095000001 -163.17815040000016 1.2
vertex 87.47500088346348 -159.2067491704571 1.2
vertex 87.47500088169245 -159.10104076400853 1.2
endloop
endfacet
facet normal 0 0 1
outer loop
vertex 87.47500095000001 -163.17815040000016 1.2
vertex 87.47500088169245 -159.10104076400853 1.2
vertex 87.47500087953443 -158.9722346980667 1.2
endloop
endfacet
facet normal 0 0 1
outer loop
vertex 87.47500095000001 -163.17815040000016 1.2
vertex 87.47500087953443 -158.9722346980667 1.2
vertex 87.47500087707239 -158.82528091751033 1.2
endloop
endfacet
facet normal 0 0 1
outer loop
vertex 87.47500095000001 -163.17815040000016 1.2
vertex 87.47500087707239 -158.82528091751033 1.2
vertex 87.4750008744009 -158.66582677371372 1.2
endloop
endfacet
facet normal 0 0 1
outer loop
vertex 87.47500095000001 -163.17815040000016 1.2
vertex 87.4750008744009 -158.66582677371372 1.2
vertex 87.47500087162265 -158.50000000000003 1.2
endloop
endfacet
facet normal 0 0 1
outer loop
vertex 87.47500095000001 -163.17815040000016 1.2
vertex 87.47500087162265 -158.50000000000003 1.2
vertex 87.4750008688444 -158.33417322628634 1.2
endloop
endfacet
facet normal 0 0 1
outer loop
vertex 87.47500095000001 -163.17815040000016 1.2
vertex 87.4750008688444 -158.33417322628634 1.2
vertex 87.47500086617292 -158.17471908248962 1.2
endloop
endfacet
facet normal 0 0 1
outer loop
vertex 87.47500095000001 -163.17815040000016 1.2
vertex 87.47500086617292 -158.17471908248962 1.2
vertex 87.47500086371087 -158.0277653019333 1.2
endloop
endfacet
facet normal 0 0 1
outer loop
vertex 87.47500095000001 -163.17815040000016 1.2
vertex 87.47500086371087 -158.0277653019333 1.2
vertex 87.47500086155287 -157.89895923599144 1.2
endloop
endfacet
facet normal 0 0 1
outer loop
vertex 87.47500095000001 -163.17815040000016 1.2
vertex 87.47500086155287 -157.89895923599144 1.2
vertex 87.47500085978184 -157.79325082954284 1.2
endloop
endfacet
facet normal 0 0 1
outer loop
vertex 87.47500095000001 -163.17815040000016 1.2
vertex 87.47500085978184 -157.79325082954284 1.2
vertex 87.47500085846585 -157.71470239736544 1.2
endloop
endfacet
facet normal 0 0 1
outer loop
vertex 87.47500095000001 -163.17815040000016 1.2
vertex 87.47500085846585 -157.71470239736544 1.2
vertex 87.47500085765546 -157.66633251165726 1.2
endloop
endfacet
facet normal 0 0 1
outer loop
vertex 87.47500095000001 -163.17815040000016 1.2
vertex 87.47500085765546 -157.66633251165726 1.2
vertex 87.47500085738183 -157.65000000000003 1.2
endloop
endfacet
facet normal 0 0 1
outer loop
vertex 87.47500095000001 -163.17815040000016 1.2
vertex 87.47500085738183 -157.65000000000003 1.2
vertex 87.47500084565408 -156.95 1.2
endloop
endfacet
facet normal 0 0 1
outer loop
vertex 87.47500095000001 -163.17815040000016 1.2
vertex 87.47500084565408 -156.95 1.2
vertex 87.47500061277461 -143.05 1.2
endloop
endfacet
facet normal 0 0 1
outer loop
vertex 87.47500095000001 -163.17815040000016 1.2
vertex 87.47500061277461 -143.05 1.2
vertex 87.47500056083746 -139.95 1.2
endloop
endfacet
facet normal 0 0 1
outer loop
vertex 87.47500095000001 -163.17815040000016 1.2
vertex 87.47500056083746 -139.95 1.2
vertex 87.47500032795797 -126.05 1.2
endloop
endfacet
facet normal 0 0 1
outer loop
vertex 87.47500095000001 -163.17815040000016 1.2
vertex 87.47500032795797 -126.05 1.2
vertex 87.47500027602081 -122.95 1.2
endloop
endfacet
facet normal 0 0 1
outer loop
vertex 87.47500095000001 -163.17815040000016 1.2
vertex 87.47500027602081 -122.95 1.2
vertex 87.47500004314134 -109.05 1.2
endloop
endfacet
facet normal 0 0 1
outer loop
vertex 87.47500095000001 -163.17815040000016 1.2
vertex 87.47500004314134 -109.05 1.2
vertex 87.475 -106.47500000000004 1.2
endloop
endfacet
facet normal 0 0 1
outer loop
vertex 87.47500095000001 -163.17815040000016 1.2
vertex 87.475 -106.47500000000004 1.2
vertex 87.475 -106.47500000000005 0
endloop
endfacet
facet normal 0 0 1
outer loop
vertex 87.47500095000001 -163.17815040000016 1.2
vertex 87.475 -106.47500000000005 0
vertex 87.47500004314134 -109.05 0
endloop
endfacet
facet normal 0 0 1
outer loop
vertex 87.47500095000001 -163.17815040000016 1.2
vertex 87.47500004314134 -109.05 0
vertex 87.47500027602082 -122.95 0
endloop
endfacet
facet normal 0 0 1
outer loop
vertex 87.47500095000001 -163.17815040000016 1.2
vertex 87.47500027602082 -122.95 0
vertex 87.47500032795796 -126.05 0
endloop
endfacet
facet normal 0 0 1
outer loop
vertex 87.47500095000001 -163.17815040000016 1.2
vertex 87.47500032795796 -126.05 0
vertex 87.47500056083746 -139.95 0
endloop
endfacet
facet normal 0 0 1
outer loop
vertex 87.47500095000001 -163.17815040000016 1.2
vertex 87.47500056083746 -139.95 0
vertex 87.4750006127746 -143.05 0
endloop
endfacet
facet normal 0 0 1
outer loop
vertex 87.47500095000001 -163.17815040000016 1.2
vertex 87.4750006127746 -143.05 0
vertex 87.47500084565408 -156.95 0
endloop
endfacet
facet normal 0 0 1
outer loop
vertex 87.47500095000001 -163.17815040000016 1.2
vertex 87.47500084565408 -156.95 0
vertex 87.47500085738183 -157.65 0
endloop
endfacet
facet normal 0 0 1
outer loop
vertex 87.47500095000001 -163.17815040000016 1.2
vertex 87.47500085738183 -157.65 0
vertex 87.47500085765546 -157.66633251165726 0
endloop
endfacet
facet normal 0 0 1
outer loop
vertex 87.47500095000001 -163.17815040000016 1.2
vertex 87.47500085765546 -157.66633251165726 0
vertex 87.47500085846585 -157.71470239736541 0
endloop
endfacet
facet normal 0 0 1
outer loop
vertex 87.47500095000001 -163.17815040000016 1.2
vertex 87.47500085846585 -157.71470239736541 0
vertex 87.47500085978184 -157.7932508295429 0
endloop
endfacet
facet normal 0 0 1
outer loop
vertex 87.47500095000001 -163.17815040000016 1.2
vertex 87.47500085978184 -157.7932508295429 0
vertex 87.47500086155287 -157.8989592359914 0
endloop
endfacet
facet normal 0 0 1
outer loop
vertex 87.47500095000001 -163.17815040000016 1.2
vertex 87.47500086155287 -157.8989592359914 0
vertex 87.47500086371087 -158.02776530193333 0
endloop
endfacet
facet normal 0 0 1
outer loop
vertex 87.47500095000001 -163.17815040000016 1.2
vertex 87.47500086371087 -158.02776530193333 0
vertex 87.47500086617292 -158.17471908248967 0
endloop
endfacet
facet normal 0 0 1
outer loop
vertex 87.47500095000001 -163.17815040000016 1.2
vertex 87.47500086617292 -158.17471908248967 0
vertex 87.4750008688444 -158.33417322628625 0
endloop
endfacet
facet normal 0 0 1
outer loop
vertex 87.47500095000001 -163.17815040000016 1.2
vertex 87.4750008688444 -158.33417322628625 0
vertex 87.47500087162265 -158.49999999999994 0
endloop
endfacet
facet normal 0 0 1
outer loop
vertex 87.47500095000001 -163.17815040000016 1.2
vertex 87.47500087162265 -158.49999999999994 0
vertex 87.4750008744009 -158.6658267737137 0
endloop
endfacet
facet normal 0 0 1
outer loop
vertex 87.47500095000001 -163.17815040000016 1.2
vertex 87.4750008744009 -158.6658267737137 0
vertex 87.47500087707239 -158.82528091751033 0
endloop
endfacet
facet normal 0 0 1
outer loop
vertex 87.47500095000001 -163.17815040000016 1.2
vertex 87.47500087707239 -158.82528091751033 0
vertex 87.47500087953443 -158.97223469806673 0
endloop
endfacet
facet normal 0 0 1
outer loop
vertex 87.47500095000001 -163.17815040000016 1.2
vertex 87.47500087953443 -158.97223469806673 0
vertex 87.47500088169245 -159.10104076400853 0
endloop
endfacet
facet normal 0 0 1
outer loop
vertex 87.47500095000001 -163.17815040000016 1.2
vertex 87.47500088169245 -159.10104076400853 0
vertex 87.47500088346348 -159.20674917045713 0
endloop
endfacet
facet normal 0 0 1
outer loop
vertex 87.47500095000001 -163.17815040000016 1.2
vertex 87.47500088346348 -159.20674917045713 0
vertex 87.47500088477948 -159.28529760263464 0
endloop
endfacet
facet normal 0 0 1
outer loop
vertex 87.47500095000001 -163.17815040000016 1.2
vertex 87.47500088477948 -159.28529760263464 0
vertex 87.47500088558985 -159.33366748834277 0
endloop
endfacet
facet normal 0 0 1
outer loop
vertex 87.47500095000001 -163.17815040000016 1.2
vertex 87.47500088558985 -159.33366748834277 0
vertex 87.4750008858635 -159.35000000000002 0
endloop
endfacet
facet normal 0 0 1
outer loop
vertex 87.47500095000001 -163.17815040000016 1.2
vertex 87.4750008858635 -159.35000000000002 0
vertex 87.47500095000001 -163.17815040000016 0
endloop
endfacet
facet normal 0 1 0
outer loop
vertex 106.95 -156.95 1.2
vertex 106.95 -156.95 0
vertex 93.05 -156.95 0
endloop
endfacet
facet normal 0 1 0
outer loop
vertex 106.95 -156.95 1.2
vertex 93.05 -156.95 0
vertex 93.05 -156.95 1.2
endloop
endfacet
facet normal -1 0 0
outer loop
vertex 106.95 -155.1 1.2
vertex 106.95 -149.95 1.2
vertex 106.95 -143.05 1.2
endloop
endfacet
facet normal -1 0 0
outer loop
vertex 106.95 -155.1 1.2
vertex 106.95 -143.05 1.2
vertex 106.95 -143.05 0
endloop
endfacet
facet normal -1 0 0
outer loop
vertex 106.95 -155.1 1.2
vertex 106.95 -143.05 0
vertex 106.95 -149.95 0
endloop
endfacet
facet normal -1 0 0
outer loop
vertex 106.95 -155.1 1.2
vertex 106.95 -149.95 0
vertex 106.95 -155.1 0
endloop
endfacet
facet normal -1 0 0
outer loop
vertex 106.95 -155.1 1.2
vertex 106.95 -155.1 0
vertex 106.95 -156.95 0
endloop
endfacet
facet normal -1 0 0
outer loop
vertex 106.95 -155.1 1.2
vertex 106.95 -156.95 0
vertex 106.95 -156.95 1.2
endloop
endfacet
facet normal -1 0 0
outer loop
vertex 106.95 -136.05 1.2
vertex 106.95 -132.95 1.2
vertex 106.95 -126.05 1.2
endloop
endfacet
facet normal -1 0 0
outer loop
vertex 106.95 -136.05 1.2
vertex 106.95 -126.05 1.2
vertex 106.95 -126.05 0
endloop
endfacet
facet normal -1 0 0
outer loop
vertex 106.95 -136.05 1.2
vertex 106.95 -126.05 0
vertex 106.95 -132.95 0
endloop
endfacet
facet normal -1 0 0
outer loop
vertex 106.95 -136.05 1.2
vertex 106.95 -132.95 0
vertex 106.95 -136.05 0
endloop
endfacet
facet normal -1 0 0
outer loop
vertex 106.95 -136.05 1.2
vertex 106.95 -136.05 0
vertex 106.95 -139.95 0
endloop
endfacet
facet normal -1 0 0
outer loop
vertex 106.95 -136.05 1.2
vertex 106.95 -139.95 0
vertex 106.95 -139.95 1.2
endloop
endfacet
facet normal -1 0 0
outer loop
vertex 106.95 -119.05 1.2
vertex 106.95 -118.35 1.2
vertex 106.95 -118.33366748834275 1.2
endloop
endfacet
facet normal -1 0 0
outer loop
vertex 106.95 -119.05 1.2
vertex 106.95 -118.33366748834275 1.2
vertex 106.95 -118.28529760263457 1.2
endloop
endfacet
facet normal -1 0 0
outer loop
vertex 106.95 -119.05 1.2
vertex 106.95 -118.28529760263457 1.2
vertex 106.95 -118.20674917045716 1.2
endloop
endfacet
facet normal -1 0 0
outer loop
vertex 106.95 -119.05 1.2
vertex 106.95 -118.20674917045716 1.2
vertex 106.95 -118.10104076400856 1.2
endloop
endfacet
facet normal -1 0 0
outer loop
vertex 106.95 -119.05 1.2
vertex 106.95 -118.10104076400856 1.2
vertex 106.95 -117.97223469806661 1.2
endloop
endfacet
facet normal -1 0 0
outer loop
vertex 106.95 -119.05 1.2
vertex 106.95 -117.97223469806661 1.2
vertex 106.95 -117.82528091751036 1.2
endloop
endfacet
facet normal -1 0 0
outer loop
vertex 106.95 -119.05 1.2
vertex 106.95 -117.82528091751036 1.2
vertex 106.95 -117.66582677371375 1.2
endloop
endfacet
facet normal -1 0 0
outer loop
vertex 106.95 -119.05 1.2
vertex 106.95 -117.66582677371375 1.2
vertex 106.95 -117.50000000000006 1.2
endloop
endfacet
facet normal -1 0 0
outer loop
vertex 106.95 -119.05 1.2
vertex 106.95 -117.50000000000006 1.2
vertex 106.95 -117.33417322628621 1.2
endloop
endfacet
facet normal -1 0 0
outer loop
vertex 106.95 -119.05 1.2
vertex 106.95 -117.33417322628621 1.2
vertex 106.95 -117.1747190824896 1.2
endloop
endfacet
facet normal -1 0 0
outer loop
vertex 106.95 -119.05 1.2
vertex 106.95 -117.1747190824896 1.2
vertex 106.95 -117.02776530193344 1.2
endloop
endfacet
facet normal -1 0 0
outer loop
vertex 106.95 -119.05 1.2
vertex 106.95 -117.02776530193344 1.2
vertex 106.95 -116.89895923599137 1.2
endloop
endfacet
facet normal -1 0 0
outer loop
vertex 106.95 -119.05 1.2
vertex 106.95 -116.89895923599137 1.2
vertex 106.95 -116.79325082954284 1.2
endloop
endfacet
facet normal -1 0 0
outer loop
vertex 106.95 -119.05 1.2
vertex 106.95 -116.79325082954284 1.2
vertex 106.95 -116.71470239736541 1.2
endloop
endfacet
facet normal -1 0 0
outer loop
vertex 106.95 -119.05 1.2
vertex 106.95 -116.71470239736541 1.2
vertex 106.95 -116.66633251165726 1.2
endloop
endfacet
facet normal -1 0 0
outer loop
vertex 106.95 -119.05 1.2
vertex 106.95 -116.66633251165726 1.2
vertex 106.95 -116.65 1.2
endloop
endfacet
facet normal -1 0 0
outer loop
vertex 106.95 -119.05 1.2
vertex 106.95 -116.65 1.2
vertex 106.95 -115.95 1.2
endloop
endfacet
facet normal -1 0 0
outer loop
vertex 106.95 -119.05 1.2
vertex 106.95 -115.95 1.2
vertex 106.95 -109.05 1.2
endloop
endfacet
facet normal -1 0 0
outer loop
vertex 106.95 -119.05 1.2
vertex 106.95 -109.05 1.2
vertex 106.95 -109.05 0
endloop
endfacet
facet normal -1 0 0
outer loop
vertex 106.95 -119.05 1.2
vertex 106.95 -109.05 0
vertex 106.95 -115.95 0
endloop
endfacet
facet normal -1 0 0
outer loop
vertex 106.95 -119.05 1.2
vertex 106.95 -115.95 0
vertex 106.95 -116.65 0
endloop
endfacet
facet normal -1 0 0
outer loop
vertex 106.95 -119.05 1.2
vertex 106.95 -116.65 0
vertex 106.95 -116.66633251165723 0
endloop
endfacet
facet normal -1 0 0
outer loop
vertex 106.95 -119.05 1.2
vertex 106.95 -116.66633251165723 0
vertex 106.95 -116.7147023973654 0
endloop
endfacet
facet normal -1 0 0
outer loop
vertex 106.95 -119.05 1.2
vertex 106.95 -116.7147023973654 0
vertex 106.95 -116.79325082954286 0
endloop
endfacet
facet normal -1 0 0
outer loop
vertex 106.95 -119.05 1.2
vertex 106.95 -116.79325082954286 0
vertex 106.95 -116.89895923599146 0
endloop
endfacet
facet normal -1 0 0
outer loop
vertex 106.95 -119.05 1.2
vertex 106.95 -116.89895923599146 0
vertex 106.95 -117.0277653019334 0
endloop
endfacet
facet normal -1 0 0
outer loop
vertex 106.95 -119.05 1.2
vertex 106.95 -117.0277653019334 0
vertex 106.95 -117.1747190824896 0
endloop
endfacet
facet normal -1 0 0
outer loop
vertex 106.95 -119.05 1.2
vertex 106.95 -117.1747190824896 0
vertex 106.95 -117.33417322628631 0
endloop
endfacet
facet normal -1 0 0
outer loop
vertex 106.95 -119.05 1.2
vertex 106.95 -117.33417322628631 0
vertex 106.95 -117.49999999999997 0
endloop
endfacet
facet normal -1 0 0
outer loop
vertex 106.95 -119.05 1.2
vertex 106.95 -117.49999999999997 0
vertex 106.95 -117.66582677371363 0
endloop
endfacet
facet normal -1 0 0
outer loop
vertex 106.95 -119.05 1.2
vertex 106.95 -117.66582677371363 0
vertex 106.95 -117.82528091751037 0
endloop
endfacet
facet normal -1 0 0
outer loop
vertex 106.95 -119.05 1.2
vertex 106.95 -117.82528091751037 0
vertex 106.95 -117.97223469806664 0
endloop
endfacet
facet normal -1 0 0
outer loop
vertex 106.95 -119.05 1.2
vertex 106.95 -117.97223469806664 0
vertex 106.95 -118.10104076400859 0
endloop
endfacet
facet normal -1 0 0
outer loop
vertex 106.95 -119.05 1.2
vertex 106.95 -118.10104076400859 0
vertex 106.95 -118.20674917045713 0
endloop
endfacet
facet normal -1 0 0
outer loop
vertex 106.95 -119.05 1.2
vertex 106.95 -118.20674917045713 0
vertex 106.95 -118.2852976026346 0
endloop
endfacet
facet normal -1 0 0
outer loop
vertex 106.95 -119.05 1.2
vertex 106.95 -118.2852976026346 0
vertex 106.95 -118.33366748834274 0
endloop
endfacet
facet normal -1 0 0
outer loop
vertex 106.95 -119.05 1.2
vertex 106.95 -118.33366748834274 0
vertex 106.95 -118.35 0
endloop
endfacet
facet normal -1 0 0
outer loop
vertex 106.95 -119.05 1.2
vertex 106.95 -118.35 0
vertex 106.95 -119.05 0
endloop
endfacet
facet normal -1 0 0
outer loop
vertex 106.95 -119.05 1.2
vertex 106.95 -119.05 0
vertex 106.95 -122.95 0
endloop
endfacet
facet normal -1 0 0
outer loop
vertex 106.95 -119.05 1.2
vertex 106.95 -122.95 0
vertex 106.95 -122.95 1.2
endloop
endfacet
facet normal 0 -1 0
outer loop
vertex 106.95 -143.05 0
vertex 106.95 -143.05 1.2
vertex 93.05 -143.05 1.2
endloop
endfacet
facet normal 0 -1 0
outer loop
vertex 106.95 -143.05 0
vertex 93.05 -143.05 1.2
vertex 93.05 -143.05 0
endloop
endfacet
facet normal 1 0 0
outer loop
vertex 93.05 -143.05 0
vertex 93.05 -143.05 1.2
vertex 93.05 -156.95 1.2
endloop
endfacet
facet normal 1 0 0
outer loop
vertex 93.05 -143.05 0
vertex 93.05 -156.95 1.2
vertex 93.05 -156.95 0
endloop
endfacet
facet normal 1 0 0
outer loop
vertex 93.05 -126.05 0
vertex 93.05 -126.05 1.2
vertex 93.05 -139.95 1.2
endloop
endfacet
facet normal 1 0 0
outer loop
vertex 93.05 -126.05 0
vertex 93.05 -139.95 1.2
vertex 93.05 -139.95 0
endloop
endfacet
facet normal 1 0 0
outer loop
vertex 93.05 -109.05 0
vertex 93.05 -109.05 1.2
vertex 93.05 -122.95 1.2
endloop
endfacet
facet normal 1 0 0
outer loop
vertex 93.05 -109.05 0
vertex 93.05 -122.95 1.2
vertex 93.05 -122.95 0
endloop
endfacet
facet normal 0 1 0
outer loop
vertex 106.95 -139.95 1.2
vertex 106.95 -139.95 0
vertex 93.05 -139.95 0
endloop
endfacet
facet normal 0 1 0
outer loop
vertex 106.95 -139.95 1.2
vertex 93.05 -139.95 0
vertex 93.05 -139.95 1.2
endloop
endfacet
facet normal 0 -1 0
outer loop
vertex 106.95 -126.05 0
vertex 106.95 -126.05 1.2
vertex 93.05 -126.05 1.2
endloop
endfacet
facet normal 0 -1 0
outer loop
vertex 106.95 -126.05 0
vertex 93.05 -126.05 1.2
vertex 93.05 -126.05 0
endloop
endfacet
facet normal 0 1 0
outer loop
vertex 106.95 -122.95 1.2
vertex 106.95 -122.95 0
vertex 93.05 -122.95 0
endloop
endfacet
facet normal 0 1 0
outer loop
vertex 106.95 -122.95 1.2
vertex 93.05 -122.95 0
vertex 93.05 -122.95 1.2
endloop
endfacet
facet normal 0 -1 0
outer loop
vertex 106.95 -109.05 0
vertex 106.95 -109.05 1.2
vertex 93.05 -109.05 1.2
endloop
endfacet
facet normal 0 -1 0
outer loop
vertex 106.95 -109.05 0
vertex 93.05 -109.05 1.2
vertex 93.05 -109.05 0
endloop
endfacet
facet normal 0 1 0
outer loop
vertex 124.95 -149.95 1.2
vertex 124.95 -149.95 0
vertex 111.05 -149.95 0
endloop
endfacet
facet normal 0 1 0
outer loop
vertex 124.95 -149.95 1.2
vertex 111.05 -149.95 0
vertex 111.05 -149.95 1.2
endloop
endfacet
facet normal 0 1 0
outer loop
vertex 160.95 -149.95 1.2
vertex 160.95 -149.95 0
vertex 147.05 -149.95 0
endloop
endfacet
facet normal 0 1 0
outer loop
vertex 160.95 -149.95 1.2
vertex 147.05 -149.95 0
vertex 147.05 -149.95 1.2
endloop
endfacet
facet normal 0 1 0
outer loop
vertex 178.95 -149.95 1.2
vertex 178.95 -149.95 0
vertex 165.05 -149.95 0
endloop
endfacet
facet normal 0 1 0
outer loop
vertex 178.95 -149.95 1.2
vertex 165.05 -149.95 0
vertex 165.05 -149.95 1.2
endloop
endfacet
facet normal -1 0 0
outer loop
vertex 124.95 -142.95 1.2
vertex 124.95 -136.05 1.2
vertex 124.95 -136.05 0
endloop
endfacet
facet normal -1 0 0
outer loop
vertex 124.95 -142.95 1.2
vertex 124.95 -136.05 0
vertex 124.95 -142.95 0
endloop
endfacet
facet normal -1 0 0
outer loop
vertex 124.95 -142.95 1.2
vertex 124.95 -142.95 0
vertex 124.95 -149.95 0
endloop
endfacet
facet normal -1 0 0
outer loop
vertex 124.95 -142.95 1.2
vertex 124.95 -149.95 0
vertex 124.95 -149.95 1.2
endloop
endfacet
facet normal -1 0 0
outer loop
vertex 124.95 -129.05 1.2
vertex 124.95 -125.95 1.2
vertex 124.95 -119.05 1.2
endloop
endfacet
facet normal -1 0 0
outer loop
vertex 124.95 -129.05 1.2
vertex 124.95 -119.05 1.2
vertex 124.95 -119.05 0
endloop
endfacet
facet normal -1 0 0
outer loop
vertex 124.95 -129.05 1.2
vertex 124.95 -119.05 0
vertex 124.95 -125.95 0
endloop
endfacet
facet normal -1 0 0
outer loop
vertex 124.95 -129.05 1.2
vertex 124.95 -125.95 0
vertex 124.95 -129.05 0
endloop
endfacet
facet normal -1 0 0
outer loop
vertex 124.95 -129.05 1.2
vertex 124.95 -129.05 0
vertex 124.95 -132.95 0
endloop
endfacet
facet normal -1 0 0
outer loop
vertex 124.95 -129.05 1.2
vertex 124.95 -132.95 0
vertex 124.95 -132.95 1.2
endloop
endfacet
facet normal -1 0 0
outer loop
vertex 124.95 -112.05 1.2
vertex 124.95 -108.95 1.2
vertex 124.95 -102.05 1.2
endloop
endfacet
facet normal -1 0 0
outer loop
vertex 124.95 -112.05 1.2
vertex 124.95 -102.05 1.2
vertex 124.95 -102.05 0
endloop
endfacet
facet normal -1 0 0
outer loop
vertex 124.95 -112.05 1.2
vertex 124.95 -102.05 0
vertex 124.95 -108.95 0
endloop
endfacet
facet normal -1 0 0
outer loop
vertex 124.95 -112.05 1.2
vertex 124.95 -108.95 0
vertex 124.95 -112.05 0
endloop
endfacet
facet normal -1 0 0
outer loop
vertex 124.95 -112.05 1.2
vertex 124.95 -112.05 0
vertex 124.95 -115.95 0
endloop
endfacet
facet normal -1 0 0
outer loop
vertex 124.95 -112.05 1.2
vertex 124.95 -115.95 0
vertex 124.95 -115.95 1.2
endloop
endfacet
facet normal 0 -1 0
outer loop
vertex 124.95 -136.05 0
vertex 124.95 -136.05 1.2
vertex 111.05 -136.05 1.2
endloop
endfacet
facet normal 0 -1 0
outer loop
vertex 124.95 -136.05 0
vertex 111.05 -136.05 1.2
vertex 111.05 -136.05 0
endloop
endfacet
facet normal 0 -1 0
outer loop
vertex 160.95 -136.05 0
vertex 160.95 -136.05 1.2
vertex 147.05 -136.05 1.2
endloop
endfacet
facet normal 0 -1 0
outer loop
vertex 160.95 -136.05 0
vertex 147.05 -136.05 1.2
vertex 147.05 -136.05 0
endloop
endfacet
facet normal 0 -1 0
outer loop
vertex 178.95 -136.05 0
vertex 178.95 -136.05 1.2
vertex 165.05 -136.05 1.2
endloop
endfacet
facet normal 0 -1 0
outer loop
vertex 178.95 -136.05 0
vertex 165.05 -136.05 1.2
vertex 165.05 -136.05 0
endloop
endfacet
facet normal 1 0 0
outer loop
vertex 111.05 -143.05 0
vertex 111.05 -139.95 0
vertex 111.05 -136.05 0
endloop
endfacet
facet normal 1 0 0
outer loop
vertex 111.05 -143.05 0
vertex 111.05 -136.05 0
vertex 111.05 -136.05 1.2
endloop
endfacet
facet normal 1 0 0
outer loop
vertex 111.05 -143.05 0
vertex 111.05 -136.05 1.2
vertex 111.05 -139.95 1.2
endloop
endfacet
facet normal 1 0 0
outer loop
vertex 111.05 -143.05 0
vertex 111.05 -139.95 1.2
vertex 111.05 -143.05 1.2
endloop
endfacet
facet normal 1 0 0
outer loop
vertex 111.05 -143.05 0
vertex 111.05 -143.05 1.2
vertex 111.05 -149.95 1.2
endloop
endfacet
facet normal 1 0 0
outer loop
vertex 111.05 -143.05 0
vertex 111.05 -149.95 1.2
vertex 111.05 -149.95 0
endloop
endfacet
facet normal 1 0 0
outer loop
vertex 111.05 -126.05 0
vertex 111.05 -122.95 0
vertex 111.05 -119.05 0
endloop
endfacet
facet normal 1 0 0
outer loop
vertex 111.05 -126.05 0
vertex 111.05 -119.05 0
vertex 111.05 -119.05 1.2
endloop
endfacet
facet normal 1 0 0
outer loop
vertex 111.05 -126.05 0
vertex 111.05 -119.05 1.2
vertex 111.05 -122.95 1.2
endloop
endfacet
facet normal 1 0 0
outer loop
vertex 111.05 -126.05 0
vertex 111.05 -122.95 1.2
vertex 111.05 -126.05 1.2
endloop
endfacet
facet normal 1 0 0
outer loop
vertex 111.05 -126.05 0
vertex 111.05 -126.05 1.2
vertex 111.05 -132.95 1.2
endloop
endfacet
facet normal 1 0 0
outer loop
vertex 111.05 -126.05 0
vertex 111.05 -132.95 1.2
vertex 111.05 -132.95 0
endloop
endfacet
facet normal 1 0 0
outer loop
vertex 111.05 -109.05 0
vertex 111.05 -103.475 0
vertex 111.05 -102.05 0
endloop
endfacet
facet normal 1 0 0
outer loop
vertex 111.05 -109.05 0
vertex 111.05 -102.05 0
vertex 111.05 -102.05 1.2
endloop
endfacet
facet normal 1 0 0
outer loop
vertex 111.05 -109.05 0
vertex 111.05 -102.05 1.2
vertex 111.05 -103.475 1.2
endloop
endfacet
facet normal 1 0 0
outer loop
vertex 111.05 -109.05 0
vertex 111.05 -103.475 1.2
vertex 111.05 -109.05 1.2
endloop
endfacet
facet normal 1 0 0
outer loop
vertex 111.05 -109.05 0
vertex 111.05 -109.05 1.2
vertex 111.05 -115.95 1.2
endloop
endfacet
facet normal 1 0 0
outer loop
vertex 111.05 -109.05 0
vertex 111.05 -115.95 1.2
vertex 111.05 -115.95 0
endloop
endfacet
facet normal 0 1 0
outer loop
vertex 124.95 -132.95 1.2
vertex 124.95 -132.95 0
vertex 111.05 -132.95 0
endloop
endfacet
facet normal 0 1 0
outer loop
vertex 124.95 -132.95 1.2
vertex 111.05 -132.95 0
vertex 111.05 -132.95 1.2
endloop
endfacet
facet normal 0 1 0
outer loop
vertex 160.95 -132.95 1.2
vertex 160.95 -132.95 0
vertex 147.05 -132.95 0
endloop
endfacet
facet normal 0 1 0
outer loop
vertex 160.95 -132.95 1.2
vertex 147.05 -132.95 0
vertex 147.05 -132.95 1.2
endloop
endfacet
facet normal 0 1 0
outer loop
vertex 178.95 -132.95 1.2
vertex 178.95 -132.95 0
vertex 165.05 -132.95 0
endloop
endfacet
facet normal 0 1 0
outer loop
vertex 178.95 -132.95 1.2
vertex 165.05 -132.95 0
vertex 165.05 -132.95 1.2
endloop
endfacet
facet normal 0 -1 0
outer loop
vertex 124.95 -119.05 0
vertex 124.95 -119.05 1.2
vertex 111.05 -119.05 1.2
endloop
endfacet
facet normal 0 -1 0
outer loop
vertex 124.95 -119.05 0
vertex 111.05 -119.05 1.2
vertex 111.05 -119.05 0
endloop
endfacet
facet normal 0 -1 0
outer loop
vertex 160.95 -119.05 0
vertex 160.95 -119.05 1.2
vertex 147.05 -119.05 1.2
endloop
endfacet
facet normal 0 -1 0
outer loop
vertex 160.95 -119.05 0
vertex 147.05 -119.05 1.2
vertex 147.05 -119.05 0
endloop
endfacet
facet normal 0 -1 0
outer loop
vertex 178.95 -119.05 0
vertex 178.95 -119.05 1.2
vertex 165.05 -119.05 1.2
endloop
endfacet
facet normal 0 -1 0
outer loop
vertex 178.95 -119.05 0
vertex 165.05 -119.05 1.2
vertex 165.05 -119.05 0
endloop
endfacet
facet normal 0 1 0
outer loop
vertex 124.95 -115.95 1.2
vertex 124.95 -115.95 0
vertex 111.05 -115.95 0
endloop
endfacet
facet normal 0 1 0
outer loop
vertex 124.95 -115.95 1.2
vertex 111.05 -115.95 0
vertex 111.05 -115.95 1.2
endloop
endfacet
facet normal 0 1 0
outer loop
vertex 160.95 -115.95 1.2
vertex 160.95 -115.95 0
vertex 147.05 -115.95 0
endloop
endfacet
facet normal 0 1 0
outer loop
vertex 160.95 -115.95 1.2
vertex 147.05 -115.95 0
vertex 147.05 -115.95 1.2
endloop
endfacet
facet normal 0 1 0
outer loop
vertex 178.95 -115.95 1.2
vertex 178.95 -115.95 0
vertex 165.05 -115.95 0
endloop
endfacet
facet normal 0 1 0
outer loop
vertex 178.95 -115.95 1.2
vertex 165.05 -115.95 0
vertex 165.05 -115.95 1.2
endloop
endfacet
facet normal 0 -1 0
outer loop
vertex 124.95 -102.05 0
vertex 124.95 -102.05 1.2
vertex 111.05 -102.05 1.2
endloop
endfacet
facet normal 0 -1 0
outer loop
vertex 124.95 -102.05 0
vertex 111.05 -102.05 1.2
vertex 111.05 -102.05 0
endloop
endfacet
facet normal 0 -1 0
outer loop
vertex 160.95 -102.05 0
vertex 160.95 -102.05 1.2
vertex 147.05 -102.05 1.2
endloop
endfacet
facet normal 0 -1 0
outer loop
vertex 160.95 -102.05 0
vertex 147.05 -102.05 1.2
vertex 147.05 -102.05 0
endloop
endfacet
facet normal 0 -1 0
outer loop
vertex 178.95 -102.05 0
vertex 178.95 -102.05 1.2
vertex 165.05 -102.05 1.2
endloop
endfacet
facet normal 0 -1 0
outer loop
vertex 178.95 -102.05 0
vertex 165.05 -102.05 1.2
vertex 165.05 -102.05 0
endloop
endfacet
facet normal 0 1 0
outer loop
vertex 142.95 -142.95 1.2
vertex 142.95 -142.95 0
vertex 129.05 -142.95 0
endloop
endfacet
facet normal 0 1 0
outer loop
vertex 142.95 -142.95 1.2
vertex 129.05 -142.95 0
vertex 129.05 -142.95 1.2
endloop
endfacet
facet normal -1 0 0
outer loop
vertex 142.95 -136.05 1.2
vertex 142.95 -136 1.2
vertex 142.95 -132.95 1.2
endloop
endfacet
facet normal -1 0 0
outer loop
vertex 142.95 -136.05 1.2
vertex 142.95 -132.95 1.2
vertex 142.95 -129.05 1.2
endloop
endfacet
facet normal -1 0 0
outer loop
vertex 142.95 -136.05 1.2
vertex 142.95 -129.05 1.2
vertex 142.95 -129.05 0
endloop
endfacet
facet normal -1 0 0
outer loop
vertex 142.95 -136.05 1.2
vertex 142.95 -129.05 0
vertex 142.95 -132.95 0
endloop
endfacet
facet normal -1 0 0
outer loop
vertex 142.95 -136.05 1.2
vertex 142.95 -132.95 0
vertex 142.95 -136 0
endloop
endfacet
facet normal -1 0 0
outer loop
vertex 142.95 -136.05 1.2
vertex 142.95 -136 0
vertex 142.95 -136.05 0
endloop
endfacet
facet normal -1 0 0
outer loop
vertex 142.95 -136.05 1.2
vertex 142.95 -136.05 0
vertex 142.95 -142.95 0
endloop
endfacet
facet normal -1 0 0
outer loop
vertex 142.95 -136.05 1.2
vertex 142.95 -142.95 0
vertex 142.95 -142.95 1.2
endloop
endfacet
facet normal -1 0 0
outer loop
vertex 142.95 -119.05 1.2
vertex 142.95 -118.35 1.2
vertex 142.95 -118.33366748834275 1.2
endloop
endfacet
facet normal -1 0 0
outer loop
vertex 142.95 -119.05 1.2
vertex 142.95 -118.33366748834275 1.2
vertex 142.95 -118.28529760263457 1.2
endloop
endfacet
facet normal -1 0 0
outer loop
vertex 142.95 -119.05 1.2
vertex 142.95 -118.28529760263457 1.2
vertex 142.95 -118.20674917045716 1.2
endloop
endfacet
facet normal -1 0 0
outer loop
vertex 142.95 -119.05 1.2
vertex 142.95 -118.20674917045716 1.2
vertex 142.95 -118.10104076400856 1.2
endloop
endfacet
facet normal -1 0 0
outer loop
vertex 142.95 -119.05 1.2
vertex 142.95 -118.10104076400856 1.2
vertex 142.95 -117.97223469806661 1.2
endloop
endfacet
facet normal -1 0 0
outer loop
vertex 142.95 -119.05 1.2
vertex 142.95 -117.97223469806661 1.2
vertex 142.95 -117.82528091751036 1.2
endloop
endfacet
facet normal -1 0 0
outer loop
vertex 142.95 -119.05 1.2
vertex 142.95 -117.82528091751036 1.2
vertex 142.95 -117.66582677371375 1.2
endloop
endfacet
facet normal -1 0 0
outer loop
vertex 142.95 -119.05 1.2
vertex 142.95 -117.66582677371375 1.2
vertex 142.95 -117.50000000000006 1.2
endloop
endfacet
facet normal -1 0 0
outer loop
vertex 142.95 -119.05 1.2
vertex 142.95 -117.50000000000006 1.2
vertex 142.95 -117.33417322628621 1.2
endloop
endfacet
facet normal -1 0 0
outer loop
vertex 142.95 -119.05 1.2
vertex 142.95 -117.33417322628621 1.2
vertex 142.95 -117.1747190824896 1.2
endloop
endfacet
facet normal -1 0 0
outer loop
vertex 142.95 -119.05 1.2
vertex 142.95 -117.1747190824896 1.2
vertex 142.95 -117.02776530193344 1.2
endloop
endfacet
facet normal -1 0 0
outer loop
vertex 142.95 -119.05 1.2
vertex 142.95 -117.02776530193344 1.2
vertex 142.95 -116.89895923599137 1.2
endloop
endfacet
facet normal -1 0 0
outer loop
vertex 142.95 -119.05 1.2
vertex 142.95 -116.89895923599137 1.2
vertex 142.95 -116.79325082954284 1.2
endloop
endfacet
facet normal -1 0 0
outer loop
vertex 142.95 -119.05 1.2
vertex 142.95 -116.79325082954284 1.2
vertex 142.95 -116.71470239736541 1.2
endloop
endfacet
facet normal -1 0 0
outer loop
vertex 142.95 -119.05 1.2
vertex 142.95 -116.71470239736541 1.2
vertex 142.95 -116.66633251165726 1.2
endloop
endfacet
facet normal -1 0 0
outer loop
vertex 142.95 -119.05 1.2
vertex 142.95 -116.66633251165726 1.2
vertex 142.95 -116.65 1.2
endloop
endfacet
facet normal -1 0 0
outer loop
vertex 142.95 -119.05 1.2
vertex 142.95 -116.65 1.2
vertex 142.95 -115.95 1.2
endloop
endfacet
facet normal -1 0 0
outer loop
vertex 142.95 -119.05 1.2
vertex 142.95 -115.95 1.2
vertex 142.95 -112.05 1.2
endloop
endfacet
facet normal -1 0 0
outer loop
vertex 142.95 -119.05 1.2
vertex 142.95 -112.05 1.2
vertex 142.95 -112.05 0
endloop
endfacet
facet normal -1 0 0
outer loop
vertex 142.95 -119.05 1.2
vertex 142.95 -112.05 0
vertex 142.95 -115.95 0
endloop
endfacet
facet normal -1 0 0
outer loop
vertex 142.95 -119.05 1.2
vertex 142.95 -115.95 0
vertex 142.95 -116.65 0
endloop
endfacet
facet normal -1 0 0
outer loop
vertex 142.95 -119.05 1.2
vertex 142.95 -116.65 0
vertex 142.95 -116.66633251165723 0
endloop
endfacet
facet normal -1 0 0
outer loop
vertex 142.95 -119.05 1.2
vertex 142.95 -116.66633251165723 0
vertex 142.95 -116.7147023973654 0
endloop
endfacet
facet normal -1 0 0
outer loop
vertex 142.95 -119.05 1.2
vertex 142.95 -116.7147023973654 0
vertex 142.95 -116.79325082954286 0
endloop
endfacet
facet normal -1 0 0
outer loop
vertex 142.95 -119.05 1.2
vertex 142.95 -116.79325082954286 0
vertex 142.95 -116.89895923599146 0
endloop
endfacet
facet normal -1 0 0
outer loop
vertex 142.95 -119.05 1.2
vertex 142.95 -116.89895923599146 0
vertex 142.95 -117.0277653019334 0
endloop
endfacet
facet normal -1 0 0
outer loop
vertex 142.95 -119.05 1.2
vertex 142.95 -117.0277653019334 0
vertex 142.95 -117.1747190824896 0
endloop
endfacet
facet normal -1 0 0
outer loop
vertex 142.95 -119.05 1.2
vertex 142.95 -117.1747190824896 0
vertex 142.95 -117.33417322628631 0
endloop
endfacet
facet normal -1 0 0
outer loop
vertex 142.95 -119.05 1.2
vertex 142.95 -117.33417322628631 0
vertex 142.95 -117.49999999999997 0
endloop
endfacet
facet normal -1 0 0
outer loop
vertex 142.95 -119.05 1.2
vertex 142.95 -117.49999999999997 0
vertex 142.95 -117.66582677371363 0
endloop
endfacet
facet normal -1 0 0
outer loop
vertex 142.95 -119.05 1.2
vertex 142.95 -117.66582677371363 0
vertex 142.95 -117.82528091751037 0
endloop
endfacet
facet normal -1 0 0
outer loop
vertex 142.95 -119.05 1.2
vertex 142.95 -117.82528091751037 0
vertex 142.95 -117.97223469806664 0
endloop
endfacet
facet normal -1 0 0
outer loop
vertex 142.95 -119.05 1.2
vertex 142.95 -117.97223469806664 0
vertex 142.95 -118.10104076400859 0
endloop
endfacet
facet normal -1 0 0
outer loop
vertex 142.95 -119.05 1.2
vertex 142.95 -118.10104076400859 0
vertex 142.95 -118.20674917045713 0
endloop
endfacet
facet normal -1 0 0
outer loop
vertex 142.95 -119.05 1.2
vertex 142.95 -118.20674917045713 0
vertex 142.95 -118.2852976026346 0
endloop
endfacet
facet normal -1 0 0
outer loop
vertex 142.95 -119.05 1.2
vertex 142.95 -118.2852976026346 0
vertex 142.95 -118.33366748834274 0
endloop
endfacet
facet normal -1 0 0
outer loop
vertex 142.95 -119.05 1.2
vertex 142.95 -118.33366748834274 0
vertex 142.95 -118.35 0
endloop
endfacet
facet normal -1 0 0
outer loop
vertex 142.95 -119.05 1.2
vertex 142.95 -118.35 0
vertex 142.95 -119.05 0
endloop
endfacet
facet normal -1 0 0
outer loop
vertex 142.95 -119.05 1.2
vertex 142.95 -119.05 0
vertex 142.95 -125.95 0
endloop
endfacet
facet normal -1 0 0
outer loop
vertex 142.95 -119.05 1.2
vertex 142.95 -125.95 0
vertex 142.95 -125.95 1.2
endloop
endfacet
facet normal -1 0 0
outer loop
vertex 142.95 -102.05 1.2
vertex 142.95 -96.475 1.2
vertex 142.95 -95.05 1.2
endloop
endfacet
facet normal -1 0 0
outer loop
vertex 142.95 -102.05 1.2
vertex 142.95 -95.05 1.2
vertex 142.95 -95.05 0
endloop
endfacet
facet normal -1 0 0
outer loop
vertex 142.95 -102.05 1.2
vertex 142.95 -95.05 0
vertex 142.95 -96.475 0
endloop
endfacet
facet normal -1 0 0
outer loop
vertex 142.95 -102.05 1.2
vertex 142.95 -96.475 0
vertex 142.95 -102.05 0
endloop
endfacet
facet normal -1 0 0
outer loop
vertex 142.95 -102.05 1.2
vertex 142.95 -102.05 0
vertex 142.95 -108.95 0
endloop
endfacet
facet normal -1 0 0
outer loop
vertex 142.95 -102.05 1.2
vertex 142.95 -108.95 0
vertex 142.95 -108.95 1.2
endloop
endfacet
facet normal 0 -1 0
outer loop
vertex 142.95 -129.05 0
vertex 142.95 -129.05 1.2
vertex 129.05 -129.05 1.2
endloop
endfacet
facet normal 0 -1 0
outer loop
vertex 142.95 -129.05 0
vertex 129.05 -129.05 1.2
vertex 129.05 -129.05 0
endloop
endfacet
facet normal 1 0 0
outer loop
vertex 129.05 -136.05 0
vertex 129.05 -132.95 0
vertex 129.05 -129.05 0
endloop
endfacet
facet normal 1 0 0
outer loop
vertex 129.05 -136.05 0
vertex 129.05 -129.05 0
vertex 129.05 -129.05 1.2
endloop
endfacet
facet normal 1 0 0
outer loop
vertex 129.05 -136.05 0
vertex 129.05 -129.05 1.2
vertex 129.05 -132.95 1.2
endloop
endfacet
facet normal 1 0 0
outer loop
vertex 129.05 -136.05 0
vertex 129.05 -132.95 1.2
vertex 129.05 -136.05 1.2
endloop
endfacet
facet normal 1 0 0
outer loop
vertex 129.05 -136.05 0
vertex 129.05 -136.05 1.2
vertex 129.05 -142.95 1.2
endloop
endfacet
facet normal 1 0 0
outer loop
vertex 129.05 -136.05 0
vertex 129.05 -142.95 1.2
vertex 129.05 -142.95 0
endloop
endfacet
facet normal 1 0 0
outer loop
vertex 129.05 -119.05 0
vertex 129.05 -118.35 0
vertex 129.05 -118.33366748834274 0
endloop
endfacet
facet normal 1 0 0
outer loop
vertex 129.05 -119.05 0
vertex 129.05 -118.33366748834274 0
vertex 129.05 -118.2852976026346 0
endloop
endfacet
facet normal 1 0 0
outer loop
vertex 129.05 -119.05 0
vertex 129.05 -118.2852976026346 0
vertex 129.05 -118.20674917045713 0
endloop
endfacet
facet normal 1 0 0
outer loop
vertex 129.05 -119.05 0
vertex 129.05 -118.20674917045713 0
vertex 129.05 -118.10104076400859 0
endloop
endfacet
facet normal 1 0 0
outer loop
vertex 129.05 -119.05 0
vertex 129.05 -118.10104076400859 0
vertex 129.05 -117.97223469806664 0
endloop
endfacet
facet normal 1 0 0
outer loop
vertex 129.05 -119.05 0
vertex 129.05 -117.97223469806664 0
vertex 129.05 -117.82528091751037 0
endloop
endfacet
facet normal 1 0 0
outer loop
vertex 129.05 -119.05 0
vertex 129.05 -117.82528091751037 0
vertex 129.05 -117.66582677371363 0
endloop
endfacet
facet normal 1 0 0
outer loop
vertex 129.05 -119.05 0
vertex 129.05 -117.66582677371363 0
vertex 129.05 -117.49999999999997 0
endloop
endfacet
facet normal 1 0 0
outer loop
vertex 129.05 -119.05 0
vertex 129.05 -117.49999999999997 0
vertex 129.05 -117.33417322628631 0
endloop
endfacet
facet normal 1 0 0
outer loop
vertex 129.05 -119.05 0
vertex 129.05 -117.33417322628631 0
vertex 129.05 -117.1747190824896 0
endloop
endfacet
facet normal 1 0 0
outer loop
vertex 129.05 -119.05 0
vertex 129.05 -117.1747190824896 0
vertex 129.05 -117.0277653019334 0
endloop
endfacet
facet normal 1 0 0
outer loop
vertex 129.05 -119.05 0
vertex 129.05 -117.0277653019334 0
vertex 129.05 -116.89895923599146 0
endloop
endfacet
facet normal 1 0 0
outer loop
vertex 129.05 -119.05 0
vertex 129.05 -116.89895923599146 0
vertex 129.05 -116.79325082954286 0
endloop
endfacet
facet normal 1 0 0
outer loop
vertex 129.05 -119.05 0
vertex 129.05 -116.79325082954286 0
vertex 129.05 -116.7147023973654 0
endloop
endfacet
facet normal 1 0 0
outer loop
vertex 129.05 -119.05 0
vertex 129.05 -116.7147023973654 0
vertex 129.05 -116.66633251165723 0
endloop
endfacet
facet normal 1 0 0
outer loop
vertex 129.05 -119.05 0
vertex 129.05 -116.66633251165723 0
vertex 129.05 -116.65 0
endloop
endfacet
facet normal 1 0 0
outer loop
vertex 129.05 -119.05 0
vertex 129.05 -116.65 0
vertex 129.05 -115.95 0
endloop
endfacet
facet normal 1 0 0
outer loop
vertex 129.05 -119.05 0
vertex 129.05 -115.95 0
vertex 129.05 -112.05 0
endloop
endfacet
facet normal 1 0 0
outer loop
vertex 129.05 -119.05 0
vertex 129.05 -112.05 0
vertex 129.05 -112.05 1.2
endloop
endfacet
facet normal 1 0 0
outer loop
vertex 129.05 -119.05 0
vertex 129.05 -112.05 1.2
vertex 129.05 -115.95 1.2
endloop
endfacet
facet normal 1 0 0
outer loop
vertex 129.05 -119.05 0
vertex 129.05 -115.95 1.2
vertex 129.05 -116.65 1.2
endloop
endfacet
facet normal 1 0 0
outer loop
vertex 129.05 -119.05 0
vertex 129.05 -116.65 1.2
vertex 129.05 -116.66633251165726 1.2
endloop
endfacet
facet normal 1 0 0
outer loop
vertex 129.05 -119.05 0
vertex 129.05 -116.66633251165726 1.2
vertex 129.05 -116.71470239736541 1.2
endloop
endfacet
facet normal 1 0 0
outer loop
vertex 129.05 -119.05 0
vertex 129.05 -116.71470239736541 1.2
vertex 129.05 -116.79325082954284 1.2
endloop
endfacet
facet normal 1 0 0
outer loop
vertex 129.05 -119.05 0
vertex 129.05 -116.79325082954284 1.2
vertex 129.05 -116.89895923599137 1.2
endloop
endfacet
facet normal 1 0 0
outer loop
vertex 129.05 -119.05 0
vertex 129.05 -116.89895923599137 1.2
vertex 129.05 -117.02776530193344 1.2
endloop
endfacet
facet normal 1 0 0
outer loop
vertex 129.05 -119.05 0
vertex 129.05 -117.02776530193344 1.2
vertex 129.05 -117.1747190824896 1.2
endloop
endfacet
facet normal 1 0 0
outer loop
vertex 129.05 -119.05 0
vertex 129.05 -117.1747190824896 1.2
vertex 129.05 -117.33417322628621 1.2
endloop
endfacet
facet normal 1 0 0
outer loop
vertex 129.05 -119.05 0
vertex 129.05 -117.33417322628621 1.2
vertex 129.05 -117.50000000000006 1.2
endloop
endfacet
facet normal 1 0 0
outer loop
vertex 129.05 -119.05 0
vertex 129.05 -117.50000000000006 1.2
vertex 129.05 -117.66582677371375 1.2
endloop
endfacet
facet normal 1 0 0
outer loop
vertex 129.05 -119.05 0
vertex 129.05 -117.66582677371375 1.2
vertex 129.05 -117.82528091751036 1.2
endloop
endfacet
facet normal 1 0 0
outer loop
vertex 129.05 -119.05 0
vertex 129.05 -117.82528091751036 1.2
vertex 129.05 -117.97223469806661 1.2
endloop
endfacet
facet normal 1 0 0
outer loop
vertex 129.05 -119.05 0
vertex 129.05 -117.97223469806661 1.2
vertex 129.05 -118.10104076400856 1.2
endloop
endfacet
facet normal 1 0 0
outer loop
vertex 129.05 -119.05 0
vertex 129.05 -118.10104076400856 1.2
vertex 129.05 -118.20674917045716 1.2
endloop
endfacet
facet normal 1 0 0
outer loop
vertex 129.05 -119.05 0
vertex 129.05 -118.20674917045716 1.2
vertex 129.05 -118.28529760263457 1.2
endloop
endfacet
facet normal 1 0 0
outer loop
vertex 129.05 -119.05 0
vertex 129.05 -118.28529760263457 1.2
vertex 129.05 -118.33366748834275 1.2
endloop
endfacet
facet normal 1 0 0
outer loop
vertex 129.05 -119.05 0
vertex 129.05 -118.33366748834275 1.2
vertex 129.05 -118.35 1.2
endloop
endfacet
facet normal 1 0 0
outer loop
vertex 129.05 -119.05 0
vertex 129.05 -118.35 1.2
vertex 129.05 -119.05 1.2
endloop
endfacet
facet normal 1 0 0
outer loop
vertex 129.05 -119.05 0
vertex 129.05 -119.05 1.2
vertex 129.05 -125.95 1.2
endloop
endfacet
facet normal 1 0 0
outer loop
vertex 129.05 -119.05 0
vertex 129.05 -125.95 1.2
vertex 129.05 -125.95 0
endloop
endfacet
facet normal 1 0 0
outer loop
vertex 129.05 -102.05 0
vertex 129.05 -96.475 0
vertex 129.05 -95.05 0
endloop
endfacet
facet normal 1 0 0
outer loop
vertex 129.05 -102.05 0
vertex 129.05 -95.05 0
vertex 129.05 -95.05 1.2
endloop
endfacet
facet normal 1 0 0
outer loop
vertex 129.05 -102.05 0
vertex 129.05 -95.05 1.2
vertex 129.05 -96.475 1.2
endloop
endfacet
facet normal 1 0 0
outer loop
vertex 129.05 -102.05 0
vertex 129.05 -96.475 1.2
vertex 129.05 -102.05 1.2
endloop
endfacet
facet normal 1 0 0
outer loop
vertex 129.05 -102.05 0
vertex 129.05 -102.05 1.2
vertex 129.05 -108.95 1.2
endloop
endfacet
facet normal 1 0 0
outer loop
vertex 129.05 -102.05 0
vertex 129.05 -108.95 1.2
vertex 129.05 -108.95 0
endloop
endfacet
facet normal 0 1 0
outer loop
vertex 142.95 -125.95 1.2
vertex 142.95 -125.95 0
vertex 129.05 -125.95 0
endloop
endfacet
facet normal 0 1 0
outer loop
vertex 142.95 -125.95 1.2
vertex 129.05 -125.95 0
vertex 129.05 -125.95 1.2
endloop
endfacet
facet normal 0 -1 0
outer loop
vertex 142.95 -112.05 0
vertex 142.95 -112.05 1.2
vertex 129.05 -112.05 1.2
endloop
endfacet
facet normal 0 -1 0
outer loop
vertex 142.95 -112.05 0
vertex 129.05 -112.05 1.2
vertex 129.05 -112.05 0
endloop
endfacet
facet normal 0 1 0
outer loop
vertex 142.95 -108.95 1.2
vertex 142.95 -108.95 0
vertex 129.05 -108.95 0
endloop
endfacet
facet normal 0 1 0
outer loop
vertex 142.95 -108.95 1.2
vertex 129.05 -108.95 0
vertex 129.05 -108.95 1.2
endloop
endfacet
facet normal 0 -1 0
outer loop
vertex 142.95 -95.05 0
vertex 142.95 -95.05 1.2
vertex 129.05 -95.05 1.2
endloop
endfacet
facet normal 0 -1 0
outer loop
vertex 142.95 -95.05 0
vertex 129.05 -95.05 1.2
vertex 129.05 -95.05 0
endloop
endfacet
facet normal -1 0 0
outer loop
vertex 160.95 -136.05 1.2
vertex 160.95 -136.05 0
vertex 160.95 -149.95 0
endloop
endfacet
facet normal -1 0 0
outer loop
vertex 160.95 -136.05 1.2
vertex 160.95 -149.95 0
vertex 160.95 -149.95 1.2
endloop
endfacet
facet normal -1 0 0
outer loop
vertex 160.95 -119.05 1.2
vertex 160.95 -119.05 0
vertex 160.95 -132.95 0
endloop
endfacet
facet normal -1 0 0
outer loop
vertex 160.95 -119.05 1.2
vertex 160.95 -132.95 0
vertex 160.95 -132.95 1.2
endloop
endfacet
facet normal -1 0 0
outer loop
vertex 160.95 -102.05 1.2
vertex 160.95 -102.05 0
vertex 160.95 -115.95 0
endloop
endfacet
facet normal -1 0 0
outer loop
vertex 160.95 -102.05 1.2
vertex 160.95 -115.95 0
vertex 160.95 -115.95 1.2
endloop
endfacet
facet normal 1 0 0
outer loop
vertex 147.05 -142.95 0
vertex 147.05 -136.05 0
vertex 147.05 -136.05 1.2
endloop
endfacet
facet normal 1 0 0
outer loop
vertex 147.05 -142.95 0
vertex 147.05 -136.05 1.2
vertex 147.05 -142.95 1.2
endloop
endfacet
facet normal 1 0 0
outer loop
vertex 147.05 -142.95 0
vertex 147.05 -142.95 1.2
vertex 147.05 -149.95 1.2
endloop
endfacet
facet normal 1 0 0
outer loop
vertex 147.05 -142.95 0
vertex 147.05 -149.95 1.2
vertex 147.05 -149.95 0
endloop
endfacet
facet normal 1 0 0
outer loop
vertex 147.05 -129.05 0
vertex 147.05 -125.95 0
vertex 147.05 -119.05 0
endloop
endfacet
facet normal 1 0 0
outer loop
vertex 147.05 -129.05 0
vertex 147.05 -119.05 0
vertex 147.05 -119.05 1.2
endloop
endfacet
facet normal 1 0 0
outer loop
vertex 147.05 -129.05 0
vertex 147.05 -119.05 1.2
vertex 147.05 -125.95 1.2
endloop
endfacet
facet normal 1 0 0
outer loop
vertex 147.05 -129.05 0
vertex 147.05 -125.95 1.2
vertex 147.05 -129.05 1.2
endloop
endfacet
facet normal 1 0 0
outer loop
vertex 147.05 -129.05 0
vertex 147.05 -129.05 1.2
vertex 147.05 -132.95 1.2
endloop
endfacet
facet normal 1 0 0
outer loop
vertex 147.05 -129.05 0
vertex 147.05 -132.95 1.2
vertex 147.05 -132.95 0
endloop
endfacet
facet normal 1 0 0
outer loop
vertex 147.05 -112.05 0
vertex 147.05 -108.95 0
vertex 147.05 -102.05 0
endloop
endfacet
facet normal 1 0 0
outer loop
vertex 147.05 -112.05 0
vertex 147.05 -102.05 0
vertex 147.05 -102.05 1.2
endloop
endfacet
facet normal 1 0 0
outer loop
vertex 147.05 -112.05 0
vertex 147.05 -102.05 1.2
vertex 147.05 -108.95 1.2
endloop
endfacet
facet normal 1 0 0
outer loop
vertex 147.05 -112.05 0
vertex 147.05 -108.95 1.2
vertex 147.05 -112.05 1.2
endloop
endfacet
facet normal 1 0 0
outer loop
vertex 147.05 -112.05 0
vertex 147.05 -112.05 1.2
vertex 147.05 -115.95 1.2
endloop
endfacet
facet normal 1 0 0
outer loop
vertex 147.05 -112.05 0
vertex 147.05 -115.95 1.2
vertex 147.05 -115.95 0
endloop
endfacet
facet normal -1 0 0
outer loop
vertex 178.95 -144.25 1.2
vertex 178.95 -136.05 1.2
vertex 178.95 -136.05 0
endloop
endfacet
facet normal -1 0 0
outer loop
vertex 178.95 -144.25 1.2
vertex 178.95 -136.05 0
vertex 178.95 -144.25 0
endloop
endfacet
facet normal -1 0 0
outer loop
vertex 178.95 -144.25 1.2
vertex 178.95 -144.25 0
vertex 178.95 -149.95 0
endloop
endfacet
facet normal -1 0 0
outer loop
vertex 178.95 -144.25 1.2
vertex 178.95 -149.95 0
vertex 178.95 -149.95 1.2
endloop
endfacet
facet normal -1 0 0
outer loop
vertex 178.95 -119.05 1.2
vertex 178.95 -119.05 0
vertex 178.95 -132.95 0
endloop
endfacet
facet normal -1 0 0
outer loop
vertex 178.95 -119.05 1.2
vertex 178.95 -132.95 0
vertex 178.95 -132.95 1.2
endloop
endfacet
facet normal -1 0 0
outer loop
vertex 178.95 -102.05 1.2
vertex 178.95 -102.05 0
vertex 178.95 -115.95 0
endloop
endfacet
facet normal -1 0 0
outer loop
vertex 178.95 -102.05 1.2
vertex 178.95 -115.95 0
vertex 178.95 -115.95 1.2
endloop
endfacet
facet normal 1 0 0
outer loop
vertex 165.05 -136.05 0
vertex 165.05 -136.05 1.2
vertex 165.05 -149.95 1.2
endloop
endfacet
facet normal 1 0 0
outer loop
vertex 165.05 -136.05 0
vertex 165.05 -149.95 1.2
vertex 165.05 -149.95 0
endloop
endfacet
facet normal 1 0 0
outer loop
vertex 165.05 -119.05 0
vertex 165.05 -119.05 1.2
vertex 165.05 -132.95 1.2
endloop
endfacet
facet normal 1 0 0
outer loop
vertex 165.05 -119.05 0
vertex 165.05 -132.95 1.2
vertex 165.05 -132.95 0
endloop
endfacet
facet normal 1 0 0
outer loop
vertex 165.05 -102.05 0
vertex 165.05 -102.05 1.2
vertex 165.05 -115.95 1.2
endloop
endfacet
facet normal 1 0 0
outer loop
vertex 165.05 -102.05 0
vertex 165.05 -115.95 1.2
vertex 165.05 -115.95 0
endloop
endfacet
facet normal 0 1 0
outer loop
vertex 162.4725 -169 1.2
vertex 162.4725 -169 0
vertex 148.5725 -169 0
endloop
endfacet
facet normal 0 1 0
outer loop
vertex 162.4725 -169 1.2
vertex 148.5725 -169 0
vertex 148.5725 -169 1.2
endloop
endfacet
facet normal -1 0 0
outer loop
vertex 162.4725 -155.766158 1.2
vertex 162.4725 -155.1 1.2
vertex 162.4725 -155.1 0
endloop
endfacet
facet normal -1 0 0
outer loop
vertex 162.4725 -155.766158 1.2
vertex 162.4725 -155.1 0
vertex 162.4725 -155.766158 0
endloop
endfacet
facet normal -1 0 0
outer loop
vertex 162.4725 -155.766158 1.2
vertex 162.4725 -155.766158 0
vertex 162.4725 -169 0
endloop
endfacet
facet normal -1 0 0
outer loop
vertex 162.4725 -155.766158 1.2
vertex 162.4725 -169 0
vertex 162.4725 -169 1.2
endloop
endfacet
facet normal 0 -1 0
outer loop
vertex 162.4725 -155.1 0
vertex 162.4725 -155.1 1.2
vertex 148.5725 -155.1 1.2
endloop
endfacet
facet normal 0 -1 0
outer loop
vertex 162.4725 -155.1 0
vertex 148.5725 -155.1 1.2
vertex 148.5725 -155.1 0
endloop
endfacet
facet normal 1 0 0
outer loop
vertex 148.5725 -159.35000000000002 0
vertex 148.5725 -159.33366748834277 0
vertex 148.5725 -159.28529760263464 0
endloop
endfacet
facet normal 1 0 0
outer loop
vertex 148.5725 -159.35000000000002 0
vertex 148.5725 -159.28529760263464 0
vertex 148.5725 -159.20674917045713 0
endloop
endfacet
facet normal 1 0 0
outer loop
vertex 148.5725 -159.35000000000002 0
vertex 148.5725 -159.20674917045713 0
vertex 148.5725 -159.10104076400853 0
endloop
endfacet
facet normal 1 0 0
outer loop
vertex 148.5725 -159.35000000000002 0
vertex 148.5725 -159.10104076400853 0
vertex 148.5725 -158.97223469806673 0
endloop
endfacet
facet normal 1 0 0
outer loop
vertex 148.5725 -159.35000000000002 0
vertex 148.5725 -158.97223469806673 0
vertex 148.5725 -158.82528091751033 0
endloop
endfacet
facet normal 1 0 0
outer loop
vertex 148.5725 -159.35000000000002 0
vertex 148.5725 -158.82528091751033 0
vertex 148.5725 -158.6658267737137 0
endloop
endfacet
facet normal 1 0 0
outer loop
vertex 148.5725 -159.35000000000002 0
vertex 148.5725 -158.6658267737137 0
vertex 148.5725 -158.49999999999994 0
endloop
endfacet
facet normal 1 0 0
outer loop
vertex 148.5725 -159.35000000000002 0
vertex 148.5725 -158.49999999999994 0
vertex 148.5725 -158.33417322628625 0
endloop
endfacet
facet normal 1 0 0
outer loop
vertex 148.5725 -159.35000000000002 0
vertex 148.5725 -158.33417322628625 0
vertex 148.5725 -158.17471908248967 0
endloop
endfacet
facet normal 1 0 0
outer loop
vertex 148.5725 -159.35000000000002 0
vertex 148.5725 -158.17471908248967 0
vertex 148.5725 -158.02776530193333 0
endloop
endfacet
facet normal 1 0 0
outer loop
vertex 148.5725 -159.35000000000002 0
vertex 148.5725 -158.02776530193333 0
vertex 148.5725 -157.8989592359914 0
endloop
endfacet
facet normal 1 0 0
outer loop
vertex 148.5725 -159.35000000000002 0
vertex 148.5725 -157.8989592359914 0
vertex 148.5725 -157.7932508295429 0
endloop
endfacet
facet normal 1 0 0
outer loop
vertex 148.5725 -159.35000000000002 0
vertex 148.5725 -157.7932508295429 0
vertex 148.5725 -157.71470239736541 0
endloop
endfacet
facet normal 1 0 0
outer loop
vertex 148.5725 -159.35000000000002 0
vertex 148.5725 -157.71470239736541 0
vertex 148.5725 -157.66633251165726 0
endloop
endfacet
facet normal 1 0 0
outer loop
vertex 148.5725 -159.35000000000002 0
vertex 148.5725 -157.66633251165726 0
vertex 148.5725 -157.65 0
endloop
endfacet
facet normal 1 0 0
outer loop
vertex 148.5725 -159.35000000000002 0
vertex 148.5725 -157.65 0
vertex 148.5725 -156.95 0
endloop
endfacet
facet normal 1 0 0
outer loop
vertex 148.5725 -159.35000000000002 0
vertex 148.5725 -156.95 0
vertex 148.5725 -155.1 0
endloop
endfacet
facet normal 1 0 0
outer loop
vertex 148.5725 -159.35000000000002 0
vertex 148.5725 -155.1 0
vertex 148.5725 -155.1 1.2
endloop
endfacet
facet normal 1 0 0
outer loop
vertex 148.5725 -159.35000000000002 0
vertex 148.5725 -155.1 1.2
vertex 148.5725 -156.95 1.2
endloop
endfacet
facet normal 1 0 0
outer loop
vertex 148.5725 -159.35000000000002 0
vertex 148.5725 -156.95 1.2
vertex 148.5725 -157.65000000000003 1.2
endloop
endfacet
facet normal 1 0 0
outer loop
vertex 148.5725 -159.35000000000002 0
vertex 148.5725 -157.65000000000003 1.2
vertex 148.5725 -157.66633251165726 1.2
endloop
endfacet
facet normal 1 0 0
outer loop
vertex 148.5725 -159.35000000000002 0
vertex 148.5725 -157.66633251165726 1.2
vertex 148.5725 -157.71470239736544 1.2
endloop
endfacet
facet normal 1 0 0
outer loop
vertex 148.5725 -159.35000000000002 0
vertex 148.5725 -157.71470239736544 1.2
vertex 148.5725 -157.79325082954284 1.2
endloop
endfacet
facet normal 1 0 0
outer loop
vertex 148.5725 -159.35000000000002 0
vertex 148.5725 -157.79325082954284 1.2
vertex 148.5725 -157.89895923599144 1.2
endloop
endfacet
facet normal 1 0 0
outer loop
vertex 148.5725 -159.35000000000002 0
vertex 148.5725 -157.89895923599144 1.2
vertex 148.5725 -158.0277653019333 1.2
endloop
endfacet
facet normal 1 0 0
outer loop
vertex 148.5725 -159.35000000000002 0
vertex 148.5725 -158.0277653019333 1.2
vertex 148.5725 -158.17471908248962 1.2
endloop
endfacet
facet normal 1 0 0
outer loop
vertex 148.5725 -159.35000000000002 0
vertex 148.5725 -158.17471908248962 1.2
vertex 148.5725 -158.33417322628634 1.2
endloop
endfacet
facet normal 1 0 0
outer loop
vertex 148.5725 -159.35000000000002 0
vertex 148.5725 -158.33417322628634 1.2
vertex 148.5725 -158.50000000000003 1.2
endloop
endfacet
facet normal 1 0 0
outer loop
vertex 148.5725 -159.35000000000002 0
vertex 148.5725 -158.50000000000003 1.2
vertex 148.5725 -158.66582677371372 1.2
endloop
endfacet
facet normal 1 0 0
outer loop
vertex 148.5725 -159.35000000000002 0
vertex 148.5725 -158.66582677371372 1.2
vertex 148.5725 -158.82528091751033 1.2
endloop
endfacet
facet normal 1 0 0
outer loop
vertex 148.5725 -159.35000000000002 0
vertex 148.5725 -158.82528091751033 1.2
vertex 148.5725 -158.9722346980667 1.2
endloop
endfacet
facet normal 1 0 0
outer loop
vertex 148.5725 -159.35000000000002 0
vertex 148.5725 -158.9722346980667 1.2
vertex 148.5725 -159.10104076400853 1.2
endloop
endfacet
facet normal 1 0 0
outer loop
vertex 148.5725 -159.35000000000002 0
vertex 148.5725 -159.10104076400853 1.2
vertex 148.5725 -159.2067491704571 1.2
endloop
endfacet
facet normal 1 0 0
outer loop
vertex 148.5725 -159.35000000000002 0
vertex 148.5725 -159.2067491704571 1.2
vertex 148.5725 -159.28529760263467 1.2
endloop
endfacet
facet normal 1 0 0
outer loop
vertex 148.5725 -159.35000000000002 0
vertex 148.5725 -159.28529760263467 1.2
vertex 148.5725 -159.3336674883427 1.2
endloop
endfacet
facet normal 1 0 0
outer loop
vertex 148.5725 -159.35000000000002 0
vertex 148.5725 -159.3336674883427 1.2
vertex 148.5725 -159.35 1.2
endloop
endfacet
facet normal 1 0 0
outer loop
vertex 148.5725 -159.35000000000002 0
vertex 148.5725 -159.35 1.2
vertex 148.5725 -169 1.2
endloop
endfacet
facet normal 1 0 0
outer loop
vertex 148.5725 -159.35000000000002 0
vertex 148.5725 -169 1.2
vertex 148.5725 -169 0
endloop
endfacet
facet normal 0.3420201444882584 0.9396926203627605 0
outer loop
vertex 185.32410229999994 -173.233016 1.2
vertex 198.38582969999996 -177.987096 1.2
vertex 198.38582970000002 -177.987096 0
endloop
endfacet
facet normal 0.3420201444882584 0.9396926203627605 0
outer loop
vertex 185.32410229999994 -173.233016 1.2
vertex 198.38582970000002 -177.987096 0
vertex 185.3241023 -173.233016 0
endloop
endfacet
facet normal -0.9396926203627605 0.3420201444882584 0
outer loop
vertex 198.38582969999996 -177.987096 1.2
vertex 203.1399097 -164.9253686 1.2
vertex 203.1399097 -164.9253686 0
endloop
endfacet
facet normal -0.9396926203627605 0.3420201444882584 0
outer loop
vertex 198.38582969999996 -177.987096 1.2
vertex 203.1399097 -164.9253686 0
vertex 198.38582970000002 -177.987096 0
endloop
endfacet
facet normal -0.34202014448825957 -0.93969262036276 0
outer loop
vertex 203.1399097 -164.9253686 1.2
vertex 190.0781823 -160.1712886 1.2
vertex 190.0781823 -160.1712886 0
endloop
endfacet
facet normal -0.34202014448825957 -0.93969262036276 0
outer loop
vertex 203.1399097 -164.9253686 1.2
vertex 190.0781823 -160.1712886 0
vertex 203.1399097 -164.9253686 0
endloop
endfacet
facet normal 0 0 -1
outer loop
vertex 190.0781823 -160.1712886 1.2
vertex 185.82067439030774 -171.86869539999998 1.2
vertex 185.32410229999994 -173.233016 1.2
endloop
endfacet
facet normal 0 0 -1
outer loop
vertex 190.0781823 -160.1712886 1.2
vertex 185.32410229999994 -173.233016 1.2
vertex 185.3241023 -173.233016 0
endloop
endfacet
facet normal 0 0 -1
outer loop
vertex 190.0781823 -160.1712886 1.2
vertex 185.3241023 -173.233016 0
vertex 185.82067439030774 -171.86869539999998 0
endloop
endfacet
facet normal 0 0 -1
outer loop
vertex 190.0781823 -160.1712886 1.2
vertex 185.82067439030774 -171.86869539999998 0
vertex 190.0781823 -160.1712886 0
endloop
endfacet
facet normal 0 0 1
outer loop
vertex 167.09787980000007 -169.4549857 1.2
vertex 168.91537416817138 -169.775459 1.2
vertex 169.00800044298165 -169.79179151165727 1.2
endloop
endfacet
facet normal 0 0 1
outer loop
vertex 167.09787980000007 -169.4549857 1.2
vertex 169.00800044298165 -169.79179151165727 1.2
vertex 169.28231969161658 -169.84016139736536 1.2
endloop
endfacet
facet normal 0 0 1
outer loop
vertex 167.09787980000007 -169.4549857 1.2
vertex 169.28231969161658 -169.84016139736536 1.2
vertex 169.7277899791922 -169.91870982954288 1.2
endloop
endfacet
facet normal 0 0 1
outer loop
vertex 167.09787980000007 -169.4549857 1.2
vertex 169.7277899791922 -169.91870982954288 1.2
vertex 170.32729213237874 -170.02441823599153 1.2
endloop
endfacet
facet normal 0 0 1
outer loop
vertex 167.09787980000007 -169.4549857 1.2
vertex 170.32729213237874 -170.02441823599153 1.2
vertex 171.0577876196325 -170.15322430193322 1.2
endloop
endfacet
facet normal 0 0 1
outer loop
vertex 167.09787980000007 -169.4549857 1.2
vertex 171.0577876196325 -170.15322430193322 1.2
vertex 171.89120390904833 -170.30017808248968 1.2
endloop
endfacet
facet normal 0 0 1
outer loop
vertex 167.09787980000007 -169.4549857 1.2
vertex 171.89120390904833 -170.30017808248968 1.2
vertex 172.7955132800069 -170.45963222628635 1.2
endloop
endfacet
facet normal 0 0 1
outer loop
vertex 167.09787980000007 -169.4549857 1.2
vertex 172.7955132800069 -170.45963222628635 1.2
vertex 173.73596363052422 -170.62545899999992 1.2
endloop
endfacet
facet normal 0 0 1
outer loop
vertex 167.09787980000007 -169.4549857 1.2
vertex 173.73596363052422 -170.62545899999992 1.2
vertex 174.67641398104314 -170.79128577371378 1.2
endloop
endfacet
facet normal 0 0 1
outer loop
vertex 167.09787980000007 -169.4549857 1.2
vertex 174.67641398104314 -170.79128577371378 1.2
vertex 175.5807233520011 -170.95073991751033 1.2
endloop
endfacet
facet normal 0 0 1
outer loop
vertex 167.09787980000007 -169.4549857 1.2
vertex 175.5807233520011 -170.95073991751033 1.2
vertex 176.41413964141657 -171.09769369806673 1.2
endloop
endfacet
facet normal 0 0 1
outer loop
vertex 167.09787980000007 -169.4549857 1.2
vertex 176.41413964141657 -171.09769369806673 1.2
vertex 177.1446351286705 -171.22649976400845 1.2
endloop
endfacet
facet normal 0 0 1
outer loop
vertex 167.09787980000007 -169.4549857 1.2
vertex 177.1446351286705 -171.22649976400845 1.2
vertex 177.7441372818577 -171.33220817045722 1.2
endloop
endfacet
facet normal 0 0 1
outer loop
vertex 167.09787980000007 -169.4549857 1.2
vertex 177.7441372818577 -171.33220817045722 1.2
vertex 178.18960756943267 -171.41075660263462 1.2
endloop
endfacet
facet normal 0 0 1
outer loop
vertex 167.09787980000007 -169.4549857 1.2
vertex 178.18960756943267 -171.41075660263462 1.2
vertex 178.46392681806793 -171.45912648834278 1.2
endloop
endfacet
facet normal 0 0 1
outer loop
vertex 167.09787980000007 -169.4549857 1.2
vertex 178.46392681806793 -171.45912648834278 1.2
vertex 178.55655309287803 -171.475459 1.2
endloop
endfacet
facet normal 0 0 1
outer loop
vertex 167.09787980000007 -169.4549857 1.2
vertex 178.55655309287803 -171.475459 1.2
vertex 180.78670749999998 -171.86869539999998 1.2
endloop
endfacet
facet normal 0 0 1
outer loop
vertex 167.09787980000007 -169.4549857 1.2
vertex 180.78670749999998 -171.86869539999998 1.2
vertex 180.78670749999998 -171.86869539999998 0
endloop
endfacet
facet normal 0 0 1
outer loop
vertex 167.09787980000007 -169.4549857 1.2
vertex 180.78670749999998 -171.86869539999998 0
vertex 178.55655309287823 -171.47545900000003 0
endloop
endfacet
facet normal 0 0 1
outer loop
vertex 167.09787980000007 -169.4549857 1.2
vertex 178.55655309287823 -171.47545900000003 0
vertex 178.46392681806813 -171.4591264883428 0
endloop
endfacet
facet normal 0 0 1
outer loop
vertex 167.09787980000007 -169.4549857 1.2
vertex 178.46392681806813 -171.4591264883428 0
vertex 178.18960756943304 -171.41075660263468 0
endloop
endfacet
facet normal 0 0 1
outer loop
vertex 167.09787980000007 -169.4549857 1.2
vertex 178.18960756943304 -171.41075660263468 0
vertex 177.74413728185706 -171.3322081704571 0
endloop
endfacet
facet normal 0 0 1
outer loop
vertex 167.09787980000007 -169.4549857 1.2
vertex 177.74413728185706 -171.3322081704571 0
vertex 177.14463512867104 -171.22649976400854 0
endloop
endfacet
facet normal 0 0 1
outer loop
vertex 167.09787980000007 -169.4549857 1.2
vertex 177.14463512867104 -171.22649976400854 0
vertex 176.41413964141648 -171.0976936980667 0
endloop
endfacet
facet normal 0 0 1
outer loop
vertex 167.09787980000007 -169.4549857 1.2
vertex 176.41413964141648 -171.0976936980667 0
vertex 175.58072335200018 -170.95073991751016 0
endloop
endfacet
facet normal 0 0 1
outer loop
vertex 167.09787980000007 -169.4549857 1.2
vertex 175.58072335200018 -170.95073991751016 0
vertex 174.6764139810437 -170.79128577371387 0
endloop
endfacet
facet normal 0 0 1
outer loop
vertex 167.09787980000007 -169.4549857 1.2
vertex 174.6764139810437 -170.79128577371387 0
vertex 173.73596363052462 -170.62545899999998 0
endloop
endfacet
facet normal 0 0 1
outer loop
vertex 167.09787980000007 -169.4549857 1.2
vertex 173.73596363052462 -170.62545899999998 0
vertex 172.79551328000667 -170.4596322262863 0
endloop
endfacet
facet normal 0 0 1
outer loop
vertex 167.09787980000007 -169.4549857 1.2
vertex 172.79551328000667 -170.4596322262863 0
vertex 171.89120390904878 -170.30017808248974 0
endloop
endfacet
facet normal 0 0 1
outer loop
vertex 167.09787980000007 -169.4549857 1.2
vertex 171.89120390904878 -170.30017808248974 0
vertex 171.0577876196328 -170.15322430193325 0
endloop
endfacet
facet normal 0 0 1
outer loop
vertex 167.09787980000007 -169.4549857 1.2
vertex 171.0577876196328 -170.15322430193325 0
vertex 170.3272921323789 -170.02441823599153 0
endloop
endfacet
facet normal 0 0 1
outer loop
vertex 167.09787980000007 -169.4549857 1.2
vertex 170.3272921323789 -170.02441823599153 0
vertex 169.72778997919235 -169.91870982954288 0
endloop
endfacet
facet normal 0 0 1
outer loop
vertex 167.09787980000007 -169.4549857 1.2
vertex 169.72778997919235 -169.91870982954288 0
vertex 169.28231969161672 -169.84016139736536 0
endloop
endfacet
facet normal 0 0 1
outer loop
vertex 167.09787980000007 -169.4549857 1.2
vertex 169.28231969161672 -169.84016139736536 0
vertex 169.00800044298163 -169.79179151165724 0
endloop
endfacet
facet normal 0 0 1
outer loop
vertex 167.09787980000007 -169.4549857 1.2
vertex 169.00800044298163 -169.79179151165724 0
vertex 168.91537416817152 -169.775459 0
endloop
endfacet
facet normal 0 0 1
outer loop
vertex 167.09787980000007 -169.4549857 1.2
vertex 168.91537416817152 -169.775459 0
vertex 167.0978798 -169.45498569999998 0
endloop
endfacet
facet normal 0 0 1
outer loop
vertex 180.78670749999998 -171.86869539999998 1.2
vertex 182.8492759592411 -160.1712886 1.2
vertex 183.2004172 -158.1798677 1.2
endloop
endfacet
facet normal 0 0 1
outer loop
vertex 180.78670749999998 -171.86869539999998 1.2
vertex 183.2004172 -158.1798677 1.2
vertex 183.20041720000003 -158.1798677 0
endloop
endfacet
facet normal 0 0 1
outer loop
vertex 180.78670749999998 -171.86869539999998 1.2
vertex 183.20041720000003 -158.1798677 0
vertex 182.8492759592411 -160.1712886 0
endloop
endfacet
facet normal 0 0 1
outer loop
vertex 180.78670749999998 -171.86869539999998 1.2
vertex 182.8492759592411 -160.1712886 0
vertex 180.78670749999998 -171.86869539999998 0
endloop
endfacet
facet normal -0.173648180612787 -0.9848077524927741 0
outer loop
vertex 183.2004172 -158.1798677 1.2
vertex 169.51158950000004 -155.766158 1.2
vertex 169.51158949999999 -155.766158 0
endloop
endfacet
facet normal -0.173648180612787 -0.9848077524927741 0
outer loop
vertex 183.2004172 -158.1798677 1.2
vertex 169.51158949999999 -155.766158 0
vertex 183.20041720000003 -158.1798677 0
endloop
endfacet
facet normal 0 0 1
outer loop
vertex 169.51158950000004 -155.766158 1.2
vertex 167.17810605614986 -169 1.2
vertex 167.09787980000007 -169.4549857 1.2
endloop
endfacet
facet normal 0 0 1
outer loop
vertex 169.51158950000004 -155.766158 1.2
vertex 167.09787980000007 -169.4549857 1.2
vertex 167.0978798 -169.45498569999998 0
endloop
endfacet
facet normal 0 0 1
outer loop
vertex 169.51158950000004 -155.766158 1.2
vertex 167.0978798 -169.45498569999998 0
vertex 167.17810605614986 -169 0
endloop
endfacet
facet normal 0 0 1
outer loop
vertex 169.51158950000004 -155.766158 1.2
vertex 167.17810605614986 -169 0
vertex 169.51158949999999 -155.766158 0
endloop
endfacet
facet normal -0.9951847266721984 0.09801714032954581 0
outer loop
vertex 109.83366748834274 -158.66582677371372 1.2
vertex 109.85 -158.50000000000003 1.2
vertex 109.84999999999998 -158.49999999999994 0
endloop
endfacet
facet normal -0.9951847266721984 0.09801714032954581 0
outer loop
vertex 109.83366748834274 -158.66582677371372 1.2
vertex 109.84999999999998 -158.49999999999994 0
vertex 109.83366748834273 -158.6658267737137 0
endloop
endfacet
facet normal -0.9951847266721984 -0.09801714032954582 0
outer loop
vertex 109.85 -158.50000000000003 1.2
vertex 109.83366748834274 -158.33417322628634 1.2
vertex 109.83366748834273 -158.33417322628625 0
endloop
endfacet
facet normal -0.9951847266721984 -0.09801714032954582 0
outer loop
vertex 109.85 -158.50000000000003 1.2
vertex 109.83366748834273 -158.33417322628625 0
vertex 109.84999999999998 -158.49999999999994 0
endloop
endfacet
facet normal -0.9569403357322287 -0.29028467725439744 0
outer loop
vertex 109.83366748834274 -158.33417322628634 1.2
vertex 109.78529760263457 -158.17471908248962 1.2
vertex 109.78529760263459 -158.17471908248967 0
endloop
endfacet
facet normal -0.9569403357322287 -0.29028467725439744 0
outer loop
vertex 109.83366748834274 -158.33417322628634 1.2
vertex 109.78529760263459 -158.17471908248967 0
vertex 109.83366748834273 -158.33417322628625 0
endloop
endfacet
facet normal -0.8819212643483401 -0.47139673682602595 0
outer loop
vertex 109.78529760263457 -158.17471908248962 1.2
vertex 109.70674917045714 -158.0277653019333 1.2
vertex 109.70674917045714 -158.02776530193333 0
endloop
endfacet
facet normal -0.8819212643483401 -0.47139673682602595 0
outer loop
vertex 109.78529760263457 -158.17471908248962 1.2
vertex 109.70674917045714 -158.02776530193333 0
vertex 109.78529760263459 -158.17471908248967 0
endloop
endfacet
facet normal -0.7730104533626925 -0.6343932841636999 0
outer loop
vertex 109.70674917045714 -158.0277653019333 1.2
vertex 109.60104076400857 -157.89895923599144 1.2
vertex 109.60104076400853 -157.8989592359914 0
endloop
endfacet
facet normal -0.7730104533626925 -0.6343932841636999 0
outer loop
vertex 109.70674917045714 -158.0277653019333 1.2
vertex 109.60104076400853 -157.8989592359914 0
vertex 109.70674917045714 -158.02776530193333 0
endloop
endfacet
facet normal -0.6343932841636518 -0.7730104533627319 0
outer loop
vertex 109.60104076400857 -157.89895923599144 1.2
vertex 109.47223469806667 -157.79325082954284 1.2
vertex 109.47223469806673 -157.7932508295429 0
endloop
endfacet
facet normal -0.6343932841636518 -0.7730104533627319 0
outer loop
vertex 109.60104076400857 -157.89895923599144 1.2
vertex 109.47223469806673 -157.7932508295429 0
vertex 109.60104076400853 -157.8989592359914 0
endloop
endfacet
facet normal -0.4713967368259944 -0.8819212643483568 0
outer loop
vertex 109.47223469806667 -157.79325082954284 1.2
vertex 109.32528091751041 -157.71470239736544 1.2
vertex 109.32528091751031 -157.71470239736541 0
endloop
endfacet
facet normal -0.4713967368259944 -0.8819212643483568 0
outer loop
vertex 109.47223469806667 -157.79325082954284 1.2
vertex 109.32528091751031 -157.71470239736541 0
vertex 109.47223469806673 -157.7932508295429 0
endloop
endfacet
facet normal -0.2902846772544479 -0.9569403357322133 0
outer loop
vertex 109.32528091751041 -157.71470239736544 1.2
vertex 109.16582677371369 -157.66633251165726 1.2
vertex 109.16582677371368 -157.66633251165726 0
endloop
endfacet
facet normal -0.2902846772544479 -0.9569403357322133 0
outer loop
vertex 109.32528091751041 -157.71470239736544 1.2
vertex 109.16582677371368 -157.66633251165726 0
vertex 109.32528091751031 -157.71470239736541 0
endloop
endfacet
facet normal -0.09801714032957415 -0.9951847266721956 0
outer loop
vertex 109.16582677371369 -157.66633251165726 1.2
vertex 109.00000000000013 -157.65000000000003 1.2
vertex 108.99999999999994 -157.65 0
endloop
endfacet
facet normal -0.09801714032957415 -0.9951847266721956 0
outer loop
vertex 109.16582677371369 -157.66633251165726 1.2
vertex 108.99999999999994 -157.65 0
vertex 109.16582677371368 -157.66633251165726 0
endloop
endfacet
facet normal 0.09801714032957415 -0.9951847266721956 0
outer loop
vertex 109.00000000000013 -157.65000000000003 1.2
vertex 108.83417322628601 -157.66633251165726 1.2
vertex 108.83417322628624 -157.66633251165726 0
endloop
endfacet
facet normal 0.09801714032957415 -0.9951847266721956 0
outer loop
vertex 109.00000000000013 -157.65000000000003 1.2
vertex 108.83417322628624 -157.66633251165726 0
vertex 108.99999999999994 -157.65 0
endloop
endfacet
facet normal 0.29028467725447593 -0.9569403357322049 0
outer loop
vertex 108.83417322628601 -157.66633251165726 1.2
vertex 108.67471908248986 -157.71470239736544 1.2
vertex 108.67471908248973 -157.71470239736541 0
endloop
endfacet
facet normal 0.29028467725447593 -0.9569403357322049 0
outer loop
vertex 108.83417322628601 -157.66633251165726 1.2
vertex 108.67471908248973 -157.71470239736541 0
vertex 108.83417322628624 -157.66633251165726 0
endloop
endfacet
facet normal 0.4713967368259914 -0.8819212643483584 0
outer loop
vertex 108.67471908248986 -157.71470239736544 1.2
vertex 108.52776530193339 -157.79325082954284 1.2
vertex 108.52776530193327 -157.7932508295429 0
endloop
endfacet
facet normal 0.4713967368259914 -0.8819212643483584 0
outer loop
vertex 108.67471908248986 -157.71470239736544 1.2
vertex 108.52776530193327 -157.7932508295429 0
vertex 108.67471908248973 -157.71470239736541 0
endloop
endfacet
facet normal 0.6343932841636518 -0.7730104533627319 0
outer loop
vertex 108.52776530193339 -157.79325082954284 1.2
vertex 108.39895923599138 -157.89895923599144 1.2
vertex 108.39895923599154 -157.8989592359914 0
endloop
endfacet
facet normal 0.6343932841636518 -0.7730104533627319 0
outer loop
vertex 108.52776530193339 -157.79325082954284 1.2
vertex 108.39895923599154 -157.8989592359914 0
vertex 108.52776530193327 -157.7932508295429 0
endloop
endfacet
facet normal 0.7730104533626868 -0.6343932841637067 0
outer loop
vertex 108.39895923599138 -157.89895923599144 1.2
vertex 108.29325082954287 -158.0277653019333 1.2
vertex 108.29325082954286 -158.02776530193333 0
endloop
endfacet
facet normal 0.7730104533626868 -0.6343932841637067 0
outer loop
vertex 108.39895923599138 -157.89895923599144 1.2
vertex 108.29325082954286 -158.02776530193333 0
vertex 108.39895923599154 -157.8989592359914 0
endloop
endfacet
facet normal 0.8819212643483402 -0.47139673682602534 0
outer loop
vertex 108.29325082954287 -158.0277653019333 1.2
vertex 108.21470239736539 -158.17471908248962 1.2
vertex 108.21470239736534 -158.17471908248967 0
endloop
endfacet
facet normal 0.8819212643483402 -0.47139673682602534 0
outer loop
vertex 108.29325082954287 -158.0277653019333 1.2
vertex 108.21470239736534 -158.17471908248967 0
vertex 108.29325082954286 -158.02776530193333 0
endloop
endfacet
facet normal 0.9569403357322217 -0.2902846772544199 0
outer loop
vertex 108.21470239736539 -158.17471908248962 1.2
vertex 108.16633251165726 -158.33417322628634 1.2
vertex 108.16633251165725 -158.33417322628625 0
endloop
endfacet
facet normal 0.9569403357322217 -0.2902846772544199 0
outer loop
vertex 108.21470239736539 -158.17471908248962 1.2
vertex 108.16633251165725 -158.33417322628625 0
vertex 108.21470239736534 -158.17471908248967 0
endloop
endfacet
facet normal 0.9951847266721984 -0.09801714032954582 0
outer loop
vertex 108.16633251165726 -158.33417322628634 1.2
vertex 108.15 -158.50000000000003 1.2
vertex 108.15000000000002 -158.49999999999994 0
endloop
endfacet
facet normal 0.9951847266721984 -0.09801714032954582 0
outer loop
vertex 108.16633251165726 -158.33417322628634 1.2
vertex 108.15000000000002 -158.49999999999994 0
vertex 108.16633251165725 -158.33417322628625 0
endloop
endfacet
facet normal 0.9951847266721984 0.09801714032954582 0
outer loop
vertex 108.15 -158.50000000000003 1.2
vertex 108.16633251165726 -158.66582677371372 1.2
vertex 108.16633251165726 -158.6658267737137 0
endloop
endfacet
facet normal 0.9951847266721984 0.09801714032954582 0
outer loop
vertex 108.15 -158.50000000000003 1.2
vertex 108.16633251165726 -158.6658267737137 0
vertex 108.15000000000002 -158.49999999999994 0
endloop
endfacet
facet normal 0.956940335732224 0.2902846772544124 0
outer loop
vertex 108.16633251165726 -158.66582677371372 1.2
vertex 108.2147023973654 -158.82528091751033 1.2
vertex 108.21470239736541 -158.82528091751033 0
endloop
endfacet
facet normal 0.956940335732224 0.2902846772544124 0
outer loop
vertex 108.16633251165726 -158.66582677371372 1.2
vertex 108.21470239736541 -158.82528091751033 0
vertex 108.16633251165726 -158.6658267737137 0
endloop
endfacet
facet normal 0.8819212643483401 0.47139673682602595 0
outer loop
vertex 108.2147023973654 -158.82528091751033 1.2
vertex 108.29325082954286 -158.9722346980667 1.2
vertex 108.29325082954288 -158.97223469806673 0
endloop
endfacet
facet normal 0.8819212643483401 0.47139673682602595 0
outer loop
vertex 108.2147023973654 -158.82528091751033 1.2
vertex 108.29325082954288 -158.97223469806673 0
vertex 108.21470239736541 -158.82528091751033 0
endloop
endfacet
facet normal 0.7730104533626884 0.6343932841637048 0
outer loop
vertex 108.29325082954286 -158.9722346980667 1.2
vertex 108.39895923599141 -159.10104076400853 1.2
vertex 108.39895923599141 -159.10104076400853 0
endloop
endfacet
facet normal 0.7730104533626884 0.6343932841637048 0
outer loop
vertex 108.29325082954286 -158.9722346980667 1.2
vertex 108.39895923599141 -159.10104076400853 0
vertex 108.29325082954288 -158.97223469806673 0
endloop
endfacet
facet normal 0.6343932841636518 0.7730104533627319 0
outer loop
vertex 108.39895923599141 -159.10104076400853 1.2
vertex 108.5277653019333 -159.2067491704571 1.2
vertex 108.52776530193331 -159.20674917045713 0
endloop
endfacet
facet normal 0.6343932841636518 0.7730104533627319 0
outer loop
vertex 108.39895923599141 -159.10104076400853 1.2
vertex 108.52776530193331 -159.20674917045713 0
vertex 108.39895923599141 -159.10104076400853 0
endloop
endfacet
facet normal 0.4713967368260224 0.8819212643483418 0
outer loop
vertex 108.5277653019333 -159.2067491704571 1.2
vertex 108.67471908248989 -159.28529760263467 1.2
vertex 108.6747190824898 -159.28529760263464 0
endloop
endfacet
facet normal 0.4713967368260224 0.8819212643483418 0
outer loop
vertex 108.5277653019333 -159.2067491704571 1.2
vertex 108.6747190824898 -159.28529760263464 0
vertex 108.52776530193331 -159.20674917045713 0
endloop
endfacet
facet normal 0.2902846772544479 0.9569403357322133 0
outer loop
vertex 108.67471908248989 -159.28529760263467 1.2
vertex 108.83417322628615 -159.3336674883427 1.2
vertex 108.83417322628634 -159.33366748834277 0
endloop
endfacet
facet normal 0.2902846772544479 0.9569403357322133 0
outer loop
vertex 108.67471908248989 -159.28529760263467 1.2
vertex 108.83417322628634 -159.33366748834277 0
vertex 108.6747190824898 -159.28529760263464 0
endloop
endfacet
facet normal 0.09801714032957415 0.9951847266721956 0
outer loop
vertex 108.83417322628615 -159.3336674883427 1.2
vertex 109.00000000000006 -159.35 1.2
vertex 109.00000000000006 -159.35000000000002 0
endloop
endfacet
facet normal 0.09801714032957415 0.9951847266721956 0
outer loop
vertex 108.83417322628615 -159.3336674883427 1.2
vertex 109.00000000000006 -159.35000000000002 0
vertex 108.83417322628634 -159.33366748834277 0
endloop
endfacet
facet normal -0.09801714032957415 0.9951847266721956 0
outer loop
vertex 109.00000000000006 -159.35 1.2
vertex 109.16582677371412 -159.3336674883427 1.2
vertex 109.1658267737135 -159.33366748834277 0
endloop
endfacet
facet normal -0.09801714032957415 0.9951847266721956 0
outer loop
vertex 109.00000000000006 -159.35 1.2
vertex 109.1658267737135 -159.33366748834277 0
vertex 109.00000000000006 -159.35000000000002 0
endloop
endfacet
facet normal -0.29028467725447593 0.9569403357322049 0
outer loop
vertex 109.16582677371412 -159.3336674883427 1.2
vertex 109.32528091750983 -159.28529760263467 1.2
vertex 109.32528091751043 -159.28529760263464 0
endloop
endfacet
facet normal -0.29028467725447593 0.9569403357322049 0
outer loop
vertex 109.16582677371412 -159.3336674883427 1.2
vertex 109.32528091751043 -159.28529760263464 0
vertex 109.1658267737135 -159.33366748834277 0
endloop
endfacet
facet normal -0.47139673682599736 0.8819212643483552 0
outer loop
vertex 109.32528091750983 -159.28529760263467 1.2
vertex 109.47223469806697 -159.2067491704571 1.2
vertex 109.47223469806666 -159.20674917045713 0
endloop
endfacet
facet normal -0.47139673682599736 0.8819212643483552 0
outer loop
vertex 109.32528091750983 -159.28529760263467 1.2
vertex 109.47223469806666 -159.20674917045713 0
vertex 109.32528091751043 -159.28529760263464 0
endloop
endfacet
facet normal -0.6343932841636518 0.7730104533627319 0
outer loop
vertex 109.47223469806697 -159.2067491704571 1.2
vertex 109.60104076400849 -159.10104076400853 1.2
vertex 109.60104076400856 -159.10104076400853 0
endloop
endfacet
facet normal -0.6343932841636518 0.7730104533627319 0
outer loop
vertex 109.47223469806697 -159.2067491704571 1.2
vertex 109.60104076400856 -159.10104076400853 0
vertex 109.47223469806666 -159.20674917045713 0
endloop
endfacet
facet normal -0.7730104533626868 0.6343932841637067 0
outer loop
vertex 109.60104076400849 -159.10104076400853 1.2
vertex 109.7067491704571 -158.9722346980667 1.2
vertex 109.70674917045719 -158.97223469806673 0
endloop
endfacet
facet normal -0.7730104533626868 0.6343932841637067 0
outer loop
vertex 109.60104076400849 -159.10104076400853 1.2
vertex 109.70674917045719 -158.97223469806673 0
vertex 109.60104076400856 -159.10104076400853 0
endloop
endfacet
facet normal -0.8819212643483434 0.47139673682601946 0
outer loop
vertex 109.7067491704571 -158.9722346980667 1.2
vertex 109.78529760263463 -158.82528091751033 1.2
vertex 109.78529760263466 -158.82528091751033 0
endloop
endfacet
facet normal -0.8819212643483434 0.47139673682601946 0
outer loop
vertex 109.7067491704571 -158.9722346980667 1.2
vertex 109.78529760263466 -158.82528091751033 0
vertex 109.70674917045719 -158.97223469806673 0
endloop
endfacet
facet normal -0.9569403357322217 0.2902846772544199 0
outer loop
vertex 109.78529760263463 -158.82528091751033 1.2
vertex 109.83366748834274 -158.66582677371372 1.2
vertex 109.83366748834273 -158.6658267737137 0
endloop
endfacet
facet normal -0.9569403357322217 0.2902846772544199 0
outer loop
vertex 109.78529760263463 -158.82528091751033 1.2
vertex 109.83366748834273 -158.6658267737137 0
vertex 109.78529760263466 -158.82528091751033 0
endloop
endfacet
facet normal -0.9951847266721956 0.09801714032957415 0
outer loop
vertex 181.83366748834274 -117.66582677371375 1.2
vertex 181.85 -117.50000000000006 1.2
vertex 181.85 -117.49999999999997 0
endloop
endfacet
facet normal -0.9951847266721956 0.09801714032957415 0
outer loop
vertex 181.83366748834274 -117.66582677371375 1.2
vertex 181.85 -117.49999999999997 0
vertex 181.83366748834277 -117.66582677371363 0
endloop
endfacet
facet normal -0.9951847266721927 -0.09801714032960263 0
outer loop
vertex 181.85 -117.50000000000006 1.2
vertex 181.83366748834274 -117.33417322628621 1.2
vertex 181.8336674883427 -117.33417322628631 0
endloop
endfacet
facet normal -0.9951847266721927 -0.09801714032960263 0
outer loop
vertex 181.85 -117.50000000000006 1.2
vertex 181.8336674883427 -117.33417322628631 0
vertex 181.85 -117.49999999999997 0
endloop
endfacet
facet normal -0.9569403357322048 -0.29028467725447593 0
outer loop
vertex 181.83366748834274 -117.33417322628621 1.2
vertex 181.78529760263459 -117.1747190824896 1.2
vertex 181.78529760263464 -117.1747190824896 0
endloop
endfacet
facet normal -0.9569403357322048 -0.29028467725447593 0
outer loop
vertex 181.83366748834274 -117.33417322628621 1.2
vertex 181.78529760263464 -117.1747190824896 0
vertex 181.8336674883427 -117.33417322628631 0
endloop
endfacet
facet normal -0.8819212643483494 -0.47139673682600847 0
outer loop
vertex 181.78529760263459 -117.1747190824896 1.2
vertex 181.70674917045727 -117.02776530193344 1.2
vertex 181.70674917045716 -117.0277653019334 0
endloop
endfacet
facet normal -0.8819212643483494 -0.47139673682600847 0
outer loop
vertex 181.78529760263459 -117.1747190824896 1.2
vertex 181.70674917045716 -117.0277653019334 0
vertex 181.78529760263464 -117.1747190824896 0
endloop
endfacet
facet normal -0.7730104533627319 -0.6343932841636518 0
outer loop
vertex 181.70674917045727 -117.02776530193344 1.2
vertex 181.60104076400842 -116.89895923599137 1.2
vertex 181.60104076400856 -116.89895923599146 0
endloop
endfacet
facet normal -0.7730104533627319 -0.6343932841636518 0
outer loop
vertex 181.70674917045727 -117.02776530193344 1.2
vertex 181.60104076400856 -116.89895923599146 0
vertex 181.70674917045716 -117.0277653019334 0
endloop
endfacet
facet normal -0.6343932841636921 -0.7730104533626987 0
outer loop
vertex 181.60104076400842 -116.89895923599137 1.2
vertex 181.47223469806676 -116.79325082954284 1.2
vertex 181.47223469806673 -116.79325082954286 0
endloop
endfacet
facet normal -0.6343932841636921 -0.7730104533626987 0
outer loop
vertex 181.60104076400842 -116.89895923599137 1.2
vertex 181.47223469806673 -116.79325082954286 0
vertex 181.60104076400856 -116.89895923599146 0
endloop
endfacet
facet normal -0.47139673682602456 -0.8819212643483407 0
outer loop
vertex 181.47223469806676 -116.79325082954284 1.2
vertex 181.32528091751038 -116.71470239736541 1.2
vertex 181.32528091751033 -116.7147023973654 0
endloop
endfacet
facet normal -0.47139673682602456 -0.8819212643483407 0
outer loop
vertex 181.47223469806676 -116.79325082954284 1.2
vertex 181.32528091751033 -116.7147023973654 0
vertex 181.47223469806673 -116.79325082954286 0
endloop
endfacet
facet normal -0.2902846772544199 -0.9569403357322217 0
outer loop
vertex 181.32528091751038 -116.71470239736541 1.2
vertex 181.16582677371366 -116.66633251165726 1.2
vertex 181.16582677371386 -116.66633251165723 0
endloop
endfacet
facet normal -0.2902846772544199 -0.9569403357322217 0
outer loop
vertex 181.32528091751038 -116.71470239736541 1.2
vertex 181.16582677371386 -116.66633251165723 0
vertex 181.32528091751033 -116.7147023973654 0
endloop
endfacet
facet normal -0.09801714032954581 -0.9951847266721984 0
outer loop
vertex 181.16582677371366 -116.66633251165726 1.2
vertex 180.99999999999991 -116.65 1.2
vertex 180.99999999999997 -116.65 0
endloop
endfacet
facet normal -0.09801714032954581 -0.9951847266721984 0
outer loop
vertex 181.16582677371366 -116.66633251165726 1.2
vertex 180.99999999999997 -116.65 0
vertex 181.16582677371386 -116.66633251165723 0
endloop
endfacet
facet normal 0.09801714032954582 -0.9951847266721984 0
outer loop
vertex 180.99999999999991 -116.65 1.2
vertex 180.83417322628623 -116.66633251165726 1.2
vertex 180.83417322628654 -116.66633251165723 0
endloop
endfacet
facet normal 0.09801714032954582 -0.9951847266721984 0
outer loop
vertex 180.99999999999991 -116.65 1.2
vertex 180.83417322628654 -116.66633251165723 0
vertex 180.99999999999997 -116.65 0
endloop
endfacet
facet normal 0.2902846772544199 -0.9569403357322217 0
outer loop
vertex 180.83417322628623 -116.66633251165726 1.2
vertex 180.6747190824897 -116.71470239736541 1.2
vertex 180.6747190824895 -116.7147023973654 0
endloop
endfacet
facet normal 0.2902846772544199 -0.9569403357322217 0
outer loop
vertex 180.83417322628623 -116.66633251165726 1.2
vertex 180.6747190824895 -116.7147023973654 0
vertex 180.83417322628654 -116.66633251165723 0
endloop
endfacet
facet normal 0.47139673682602534 -0.8819212643483402 0
outer loop
vertex 180.6747190824897 -116.71470239736541 1.2
vertex 180.52776530193333 -116.79325082954284 1.2
vertex 180.52776530193339 -116.79325082954286 0
endloop
endfacet
facet normal 0.47139673682602534 -0.8819212643483402 0
outer loop
vertex 180.6747190824897 -116.71470239736541 1.2
vertex 180.52776530193339 -116.79325082954286 0
vertex 180.6747190824895 -116.7147023973654 0
endloop
endfacet
facet normal 0.6343932841636997 -0.7730104533626925 0
outer loop
vertex 180.52776530193333 -116.79325082954284 1.2
vertex 180.3989592359914 -116.89895923599137 1.2
vertex 180.39895923599127 -116.89895923599146 0
endloop
endfacet
facet normal 0.6343932841636997 -0.7730104533626925 0
outer loop
vertex 180.52776530193333 -116.79325082954284 1.2
vertex 180.39895923599127 -116.89895923599146 0
vertex 180.52776530193339 -116.79325082954286 0
endloop
endfacet
facet normal 0.7730104533627319 -0.6343932841636518 0
outer loop
vertex 180.3989592359914 -116.89895923599137 1.2
vertex 180.2932508295429 -117.02776530193344 1.2
vertex 180.2932508295429 -117.0277653019334 0
endloop
endfacet
facet normal 0.7730104533627319 -0.6343932841636518 0
outer loop
vertex 180.3989592359914 -116.89895923599137 1.2
vertex 180.2932508295429 -117.0277653019334 0
vertex 180.39895923599127 -116.89895923599146 0
endloop
endfacet
facet normal 0.8819212643483584 -0.4713967368259914 0
outer loop
vertex 180.2932508295429 -117.02776530193344 1.2
vertex 180.21470239736541 -117.1747190824896 1.2
vertex 180.21470239736544 -117.1747190824896 0
endloop
endfacet
facet normal 0.8819212643483584 -0.4713967368259914 0
outer loop
vertex 180.2932508295429 -117.02776530193344 1.2
vertex 180.21470239736544 -117.1747190824896 0
vertex 180.2932508295429 -117.0277653019334 0
endloop
endfacet
facet normal 0.9569403357322049 -0.29028467725447593 0
outer loop
vertex 180.21470239736541 -117.1747190824896 1.2
vertex 180.16633251165726 -117.33417322628621 1.2
vertex 180.16633251165717 -117.33417322628631 0
endloop
endfacet
facet normal 0.9569403357322049 -0.29028467725447593 0
outer loop
vertex 180.21470239736541 -117.1747190824896 1.2
vertex 180.16633251165717 -117.33417322628631 0
vertex 180.21470239736544 -117.1747190824896 0
endloop
endfacet
facet normal 0.9951847266721956 -0.09801714032957415 0
outer loop
vertex 180.16633251165726 -117.33417322628621 1.2
vertex 180.15 -117.50000000000006 1.2
vertex 180.15000000000003 -117.49999999999997 0
endloop
endfacet
facet normal 0.9951847266721956 -0.09801714032957415 0
outer loop
vertex 180.16633251165726 -117.33417322628621 1.2
vertex 180.15000000000003 -117.49999999999997 0
vertex 180.16633251165717 -117.33417322628631 0
endloop
endfacet
facet normal 0.9951847266721956 0.09801714032957415 0
outer loop
vertex 180.15 -117.50000000000006 1.2
vertex 180.16633251165726 -117.66582677371375 1.2
vertex 180.16633251165726 -117.66582677371363 0
endloop
endfacet
facet normal 0.9951847266721956 0.09801714032957415 0
outer loop
vertex 180.15 -117.50000000000006 1.2
vertex 180.16633251165726 -117.66582677371363 0
vertex 180.15000000000003 -117.49999999999997 0
endloop
endfacet
facet normal 0.9569403357322048 0.29028467725447593 0
outer loop
vertex 180.16633251165726 -117.66582677371375 1.2
vertex 180.21470239736547 -117.82528091751036 1.2
vertex 180.21470239736544 -117.82528091751037 0
endloop
endfacet
facet normal 0.9569403357322048 0.29028467725447593 0
outer loop
vertex 180.16633251165726 -117.66582677371375 1.2
vertex 180.21470239736544 -117.82528091751037 0
vertex 180.16633251165726 -117.66582677371363 0
endloop
endfacet
facet normal 0.8819212643483568 0.4713967368259944 0
outer loop
vertex 180.21470239736547 -117.82528091751036 1.2
vertex 180.29325082954296 -117.97223469806661 1.2
vertex 180.29325082954287 -117.97223469806664 0
endloop
endfacet
facet normal 0.8819212643483568 0.4713967368259944 0
outer loop
vertex 180.21470239736547 -117.82528091751036 1.2
vertex 180.29325082954287 -117.97223469806664 0
vertex 180.21470239736544 -117.82528091751037 0
endloop
endfacet
facet normal 0.7730104533627319 0.6343932841636518 0
outer loop
vertex 180.29325082954296 -117.97223469806661 1.2
vertex 180.39895923599147 -118.10104076400856 1.2
vertex 180.39895923599147 -118.10104076400859 0
endloop
endfacet
facet normal 0.7730104533627319 0.6343932841636518 0
outer loop
vertex 180.29325082954296 -117.97223469806661 1.2
vertex 180.39895923599147 -118.10104076400859 0
vertex 180.29325082954287 -117.97223469806664 0
endloop
endfacet
facet normal 0.6343932841637135 0.7730104533626811 0
outer loop
vertex 180.39895923599147 -118.10104076400856 1.2
vertex 180.52776530193339 -118.20674917045716 1.2
vertex 180.5277653019333 -118.20674917045713 0
endloop
endfacet
facet normal 0.6343932841637135 0.7730104533626811 0
outer loop
vertex 180.39895923599147 -118.10104076400856 1.2
vertex 180.5277653019333 -118.20674917045713 0
vertex 180.39895923599147 -118.10104076400859 0
endloop
endfacet
facet normal 0.47139673682601263 0.8819212643483471 0
outer loop
vertex 180.52776530193339 -118.20674917045716 1.2
vertex 180.67471908248964 -118.28529760263457 1.2
vertex 180.6747190824897 -118.2852976026346 0
endloop
endfacet
facet normal 0.47139673682601263 0.8819212643483471 0
outer loop
vertex 180.52776530193339 -118.20674917045716 1.2
vertex 180.6747190824897 -118.2852976026346 0
vertex 180.5277653019333 -118.20674917045713 0
endloop
endfacet
facet normal 0.2902846772543984 0.9569403357322284 0
outer loop
vertex 180.67471908248964 -118.28529760263457 1.2
vertex 180.83417322628628 -118.33366748834275 1.2
vertex 180.83417322628634 -118.33366748834274 0
endloop
endfacet
facet normal 0.2902846772543984 0.9569403357322284 0
outer loop
vertex 180.67471908248964 -118.28529760263457 1.2
vertex 180.83417322628634 -118.33366748834274 0
vertex 180.6747190824897 -118.2852976026346 0
endloop
endfacet
facet normal 0.09801714032954582 0.9951847266721984 0
outer loop
vertex 180.83417322628628 -118.33366748834275 1.2
vertex 180.9999999999999 -118.35 1.2
vertex 181 -118.35 0
endloop
endfacet
facet normal 0.09801714032954582 0.9951847266721984 0
outer loop
vertex 180.83417322628628 -118.33366748834275 1.2
vertex 181 -118.35 0
vertex 180.83417322628634 -118.33366748834274 0
endloop
endfacet
facet normal -0.09801714032954581 0.9951847266721984 0
outer loop
vertex 180.9999999999999 -118.35 1.2
vertex 181.1658267737136 -118.33366748834275 1.2
vertex 181.16582677371372 -118.33366748834274 0
endloop
endfacet
facet normal -0.09801714032954581 0.9951847266721984 0
outer loop
vertex 180.9999999999999 -118.35 1.2
vertex 181.16582677371372 -118.33366748834274 0
vertex 181 -118.35 0
endloop
endfacet
facet normal -0.2902846772544199 0.9569403357322217 0
outer loop
vertex 181.1658267737136 -118.33366748834275 1.2
vertex 181.3252809175105 -118.28529760263457 1.2
vertex 181.32528091751016 -118.2852976026346 0
endloop
endfacet
facet normal -0.2902846772544199 0.9569403357322217 0
outer loop
vertex 181.1658267737136 -118.33366748834275 1.2
vertex 181.32528091751016 -118.2852976026346 0
vertex 181.16582677371372 -118.33366748834274 0
endloop
endfacet
facet normal -0.47139673682602534 0.8819212643483402 0
outer loop
vertex 181.3252809175105 -118.28529760263457 1.2
vertex 181.47223469806653 -118.20674917045716 1.2
vertex 181.47223469806676 -118.20674917045713 0
endloop
endfacet
facet normal -0.47139673682602534 0.8819212643483402 0
outer loop
vertex 181.3252809175105 -118.28529760263457 1.2
vertex 181.47223469806676 -118.20674917045713 0
vertex 181.32528091751016 -118.2852976026346 0
endloop
endfacet
facet normal -0.6343932841636827 0.7730104533627065 0
outer loop
vertex 181.47223469806653 -118.20674917045716 1.2
vertex 181.60104076400864 -118.10104076400856 1.2
vertex 181.6010407640085 -118.10104076400859 0
endloop
endfacet
facet normal -0.6343932841636827 0.7730104533627065 0
outer loop
vertex 181.47223469806653 -118.20674917045716 1.2
vertex 181.6010407640085 -118.10104076400859 0
vertex 181.47223469806676 -118.20674917045713 0
endloop
endfacet
facet normal -0.7730104533627319 0.6343932841636518 0
outer loop
vertex 181.60104076400864 -118.10104076400856 1.2
vertex 181.7067491704572 -117.97223469806661 1.2
vertex 181.70674917045721 -117.97223469806664 0
endloop
endfacet
facet normal -0.7730104533627319 0.6343932841636518 0
outer loop
vertex 181.60104076400864 -118.10104076400856 1.2
vertex 181.70674917045721 -117.97223469806664 0
vertex 181.6010407640085 -118.10104076400859 0
endloop
endfacet
facet normal -0.8819212643483584 0.4713967368259914 0
outer loop
vertex 181.7067491704572 -117.97223469806661 1.2
vertex 181.7852976026346 -117.82528091751036 1.2
vertex 181.78529760263459 -117.82528091751037 0
endloop
endfacet
facet normal -0.8819212643483584 0.4713967368259914 0
outer loop
vertex 181.7067491704572 -117.97223469806661 1.2
vertex 181.78529760263459 -117.82528091751037 0
vertex 181.70674917045721 -117.97223469806664 0
endloop
endfacet
facet normal -0.9569403357322048 0.29028467725447593 0
outer loop
vertex 181.7852976026346 -117.82528091751036 1.2
vertex 181.83366748834274 -117.66582677371375 1.2
vertex 181.83366748834277 -117.66582677371363 0
endloop
endfacet
facet normal -0.9569403357322048 0.29028467725447593 0
outer loop
vertex 181.7852976026346 -117.82528091751036 1.2
vertex 181.83366748834277 -117.66582677371363 0
vertex 181.78529760263459 -117.82528091751037 0
endloop
endfacet
facet normal -0.9951847266721969 0.09801714032956006 0
outer loop
vertex 109.83366748834273 -117.66582677371375 1.2
vertex 109.84999999999998 -117.50000000000006 1.2
vertex 109.85 -117.49999999999997 0
endloop
endfacet
facet normal -0.9951847266721969 0.09801714032956006 0
outer loop
vertex 109.83366748834273 -117.66582677371375 1.2
vertex 109.85 -117.49999999999997 0
vertex 109.83366748834274 -117.66582677371363 0
endloop
endfacet
facet normal -0.9951847266721984 -0.09801714032954582 0
outer loop
vertex 109.84999999999998 -117.50000000000006 1.2
vertex 109.83366748834271 -117.33417322628621 1.2
vertex 109.83366748834274 -117.33417322628631 0
endloop
endfacet
facet normal -0.9951847266721984 -0.09801714032954582 0
outer loop
vertex 109.84999999999998 -117.50000000000006 1.2
vertex 109.83366748834274 -117.33417322628631 0
vertex 109.85 -117.49999999999997 0
endloop
endfacet
facet normal -0.9569403357322348 -0.2902846772543769 0
outer loop
vertex 109.83366748834271 -117.33417322628621 1.2
vertex 109.78529760263457 -117.1747190824896 1.2
vertex 109.78529760263457 -117.1747190824896 0
endloop
endfacet
facet normal -0.9569403357322348 -0.2902846772543769 0
outer loop
vertex 109.83366748834271 -117.33417322628621 1.2
vertex 109.78529760263457 -117.1747190824896 0
vertex 109.83366748834274 -117.33417322628631 0
endloop
endfacet
facet normal -0.8819212643483223 -0.47139673682605887 0
outer loop
vertex 109.78529760263457 -117.1747190824896 1.2
vertex 109.70674917045721 -117.02776530193344 1.2
vertex 109.7067491704572 -117.0277653019334 0
endloop
endfacet
facet normal -0.8819212643483223 -0.47139673682605887 0
outer loop
vertex 109.78529760263457 -117.1747190824896 1.2
vertex 109.7067491704572 -117.0277653019334 0
vertex 109.78529760263457 -117.1747190824896 0
endloop
endfacet
facet normal -0.7730104533627433 -0.6343932841636378 0
outer loop
vertex 109.70674917045721 -117.02776530193344 1.2
vertex 109.60104076400847 -116.89895923599137 1.2
vertex 109.60104076400857 -116.89895923599146 0
endloop
endfacet
facet normal -0.7730104533627433 -0.6343932841636378 0
outer loop
vertex 109.70674917045721 -117.02776530193344 1.2
vertex 109.60104076400857 -116.89895923599146 0
vertex 109.7067491704572 -117.0277653019334 0
endloop
endfacet
facet normal -0.634393284163652 -0.7730104533627318 0
outer loop
vertex 109.60104076400847 -116.89895923599137 1.2
vertex 109.47223469806667 -116.79325082954284 1.2
vertex 109.47223469806666 -116.79325082954286 0
endloop
endfacet
facet normal -0.634393284163652 -0.7730104533627318 0
outer loop
vertex 109.60104076400847 -116.89895923599137 1.2
vertex 109.47223469806666 -116.79325082954286 0
vertex 109.60104076400857 -116.89895923599146 0
endloop
endfacet
facet normal -0.47139673682607997 -0.8819212643483111 0
outer loop
vertex 109.47223469806667 -116.79325082954284 1.2
vertex 109.32528091751038 -116.71470239736541 1.2
vertex 109.32528091751028 -116.7147023973654 0
endloop
endfacet
facet normal -0.47139673682607997 -0.8819212643483111 0
outer loop
vertex 109.47223469806667 -116.79325082954284 1.2
vertex 109.32528091751028 -116.7147023973654 0
vertex 109.47223469806666 -116.79325082954286 0
endloop
endfacet
facet normal -0.29028467725439094 -0.9569403357322306 0
outer loop
vertex 109.32528091751038 -116.71470239736541 1.2
vertex 109.16582677371373 -116.66633251165726 1.2
vertex 109.16582677371358 -116.66633251165723 0
endloop
endfacet
facet normal -0.29028467725439094 -0.9569403357322306 0
outer loop
vertex 109.32528091751038 -116.71470239736541 1.2
vertex 109.16582677371358 -116.66633251165723 0
vertex 109.32528091751028 -116.7147023973654 0
endloop
endfacet
facet normal -0.09801714032956006 -0.9951847266721969 0
outer loop
vertex 109.16582677371373 -116.66633251165726 1.2
vertex 109.00000000000001 -116.65 1.2
vertex 109.00000000000013 -116.65 0
endloop
endfacet
facet normal -0.09801714032956006 -0.9951847266721969 0
outer loop
vertex 109.16582677371373 -116.66633251165726 1.2
vertex 109.00000000000013 -116.65 0
vertex 109.16582677371358 -116.66633251165723 0
endloop
endfacet
facet normal 0.09801714032956006 -0.9951847266721969 0
outer loop
vertex 109.00000000000001 -116.65 1.2
vertex 108.83417322628621 -116.66633251165726 1.2
vertex 108.83417322628671 -116.66633251165723 0
endloop
endfacet
facet normal 0.09801714032956006 -0.9951847266721969 0
outer loop
vertex 109.00000000000001 -116.65 1.2
vertex 108.83417322628671 -116.66633251165723 0
vertex 109.00000000000013 -116.65 0
endloop
endfacet
facet normal 0.2902846772543919 -0.9569403357322303 0
outer loop
vertex 108.83417322628621 -116.66633251165726 1.2
vertex 108.67471908248962 -116.71470239736541 1.2
vertex 108.67471908248949 -116.7147023973654 0
endloop
endfacet
facet normal 0.2902846772543919 -0.9569403357322303 0
outer loop
vertex 108.83417322628621 -116.66633251165726 1.2
vertex 108.67471908248949 -116.7147023973654 0
vertex 108.83417322628671 -116.66633251165723 0
endloop
endfacet
facet normal 0.47139673682607547 -0.8819212643483133 0
outer loop
vertex 108.67471908248962 -116.71470239736541 1.2
vertex 108.52776530193353 -116.79325082954284 1.2
vertex 108.5277653019333 -116.79325082954286 0
endloop
endfacet
facet normal 0.47139673682607547 -0.8819212643483133 0
outer loop
vertex 108.67471908248962 -116.71470239736541 1.2
vertex 108.5277653019333 -116.79325082954286 0
vertex 108.67471908248949 -116.7147023973654 0
endloop
endfacet
facet normal 0.6343932841636518 -0.7730104533627319 0
outer loop
vertex 108.52776530193353 -116.79325082954284 1.2
vertex 108.39895923599137 -116.89895923599137 1.2
vertex 108.3989592359916 -116.89895923599146 0
endloop
endfacet
facet normal 0.6343932841636518 -0.7730104533627319 0
outer loop
vertex 108.52776530193353 -116.79325082954284 1.2
vertex 108.3989592359916 -116.89895923599146 0
vertex 108.5277653019333 -116.79325082954286 0
endloop
endfacet
facet normal 0.7730104533627319 -0.6343932841636518 0
outer loop
vertex 108.39895923599137 -116.89895923599137 1.2
vertex 108.29325082954288 -117.02776530193344 1.2
vertex 108.29325082954273 -117.0277653019334 0
endloop
endfacet
facet normal 0.7730104533627319 -0.6343932841636518 0
outer loop
vertex 108.39895923599137 -116.89895923599137 1.2
vertex 108.29325082954273 -117.0277653019334 0
vertex 108.3989592359916 -116.89895923599146 0
endloop
endfacet
facet normal 0.8819212643483253 -0.47139673682605343 0
outer loop
vertex 108.29325082954288 -117.02776530193344 1.2
vertex 108.21470239736537 -117.1747190824896 1.2
vertex 108.21470239736551 -117.1747190824896 0
endloop
endfacet
facet normal 0.8819212643483253 -0.47139673682605343 0
outer loop
vertex 108.29325082954288 -117.02776530193344 1.2
vertex 108.21470239736551 -117.1747190824896 0
vertex 108.29325082954273 -117.0277653019334 0
endloop
endfacet
facet normal 0.9569403357322303 -0.2902846772543919 0
outer loop
vertex 108.21470239736537 -117.1747190824896 1.2
vertex 108.16633251165729 -117.33417322628621 1.2
vertex 108.16633251165719 -117.33417322628631 0
endloop
endfacet
facet normal 0.9569403357322303 -0.2902846772543919 0
outer loop
vertex 108.21470239736537 -117.1747190824896 1.2
vertex 108.16633251165719 -117.33417322628631 0
vertex 108.21470239736551 -117.1747190824896 0
endloop
endfacet
facet normal 0.9951847266721969 -0.09801714032956006 0
outer loop
vertex 108.16633251165729 -117.33417322628621 1.2
vertex 108.15000000000002 -117.50000000000006 1.2
vertex 108.15000000000002 -117.49999999999997 0
endloop
endfacet
facet normal 0.9951847266721969 -0.09801714032956006 0
outer loop
vertex 108.16633251165729 -117.33417322628621 1.2
vertex 108.15000000000002 -117.49999999999997 0
vertex 108.16633251165719 -117.33417322628631 0
endloop
endfacet
facet normal 0.9951847266721984 0.09801714032954582 0
outer loop
vertex 108.15000000000002 -117.50000000000006 1.2
vertex 108.16633251165727 -117.66582677371375 1.2
vertex 108.16633251165726 -117.66582677371363 0
endloop
endfacet
facet normal 0.9951847266721984 0.09801714032954582 0
outer loop
vertex 108.15000000000002 -117.50000000000006 1.2
vertex 108.16633251165726 -117.66582677371363 0
vertex 108.15000000000002 -117.49999999999997 0
endloop
endfacet
facet normal 0.9569403357322303 0.2902846772543919 0
outer loop
vertex 108.16633251165727 -117.66582677371375 1.2
vertex 108.21470239736541 -117.82528091751036 1.2
vertex 108.21470239736541 -117.82528091751037 0
endloop
endfacet
facet normal 0.9569403357322303 0.2902846772543919 0
outer loop
vertex 108.16633251165727 -117.66582677371375 1.2
vertex 108.21470239736541 -117.82528091751037 0
vertex 108.16633251165726 -117.66582677371363 0
endloop
endfacet
facet normal 0.8819212643483223 0.47139673682605887 0
outer loop
vertex 108.21470239736541 -117.82528091751036 1.2
vertex 108.29325082954281 -117.97223469806661 1.2
vertex 108.29325082954283 -117.97223469806664 0
endloop
endfacet
facet normal 0.8819212643483223 0.47139673682605887 0
outer loop
vertex 108.21470239736541 -117.82528091751036 1.2
vertex 108.29325082954283 -117.97223469806664 0
vertex 108.21470239736541 -117.82528091751037 0
endloop
endfacet
facet normal 0.7730104533627318 0.634393284163652 0
outer loop
vertex 108.29325082954281 -117.97223469806661 1.2
vertex 108.39895923599146 -118.10104076400856 1.2
vertex 108.39895923599147 -118.10104076400859 0
endloop
endfacet
facet normal 0.7730104533627318 0.634393284163652 0
outer loop
vertex 108.29325082954281 -117.97223469806661 1.2
vertex 108.39895923599147 -118.10104076400859 0
vertex 108.29325082954283 -117.97223469806664 0
endloop
endfacet
facet normal 0.6343932841636509 0.7730104533627326 0
outer loop
vertex 108.39895923599146 -118.10104076400856 1.2
vertex 108.52776530193336 -118.20674917045716 1.2
vertex 108.52776530193329 -118.20674917045713 0
endloop
endfacet
facet normal 0.6343932841636509 0.7730104533627326 0
outer loop
vertex 108.39895923599146 -118.10104076400856 1.2
vertex 108.52776530193329 -118.20674917045713 0
vertex 108.39895923599147 -118.10104076400859 0
endloop
endfacet
facet normal 0.47139673682607147 0.8819212643483156 0
outer loop
vertex 108.52776530193336 -118.20674917045716 1.2
vertex 108.67471908248964 -118.28529760263457 1.2
vertex 108.67471908248967 -118.2852976026346 0
endloop
endfacet
facet normal 0.47139673682607147 0.8819212643483156 0
outer loop
vertex 108.52776530193336 -118.20674917045716 1.2
vertex 108.67471908248967 -118.2852976026346 0
vertex 108.52776530193329 -118.20674917045713 0
endloop
endfacet
facet normal 0.29028467725439094 0.9569403357322306 0
outer loop
vertex 108.67471908248964 -118.28529760263457 1.2
vertex 108.83417322628641 -118.33366748834275 1.2
vertex 108.8341732262863 -118.33366748834274 0
endloop
endfacet
facet normal 0.29028467725439094 0.9569403357322306 0
outer loop
vertex 108.67471908248964 -118.28529760263457 1.2
vertex 108.8341732262863 -118.33366748834274 0
vertex 108.67471908248967 -118.2852976026346 0
endloop
endfacet
facet normal 0.09801714032956006 0.9951847266721969 0
outer loop
vertex 108.83417322628641 -118.33366748834275 1.2
vertex 108.99999999999999 -118.35 1.2
vertex 109 -118.35 0
endloop
endfacet
facet normal 0.09801714032956006 0.9951847266721969 0
outer loop
vertex 108.83417322628641 -118.33366748834275 1.2
vertex 109 -118.35 0
vertex 108.8341732262863 -118.33366748834274 0
endloop
endfacet
facet normal -0.09801714032956006 0.9951847266721969 0
outer loop
vertex 108.99999999999999 -118.35 1.2
vertex 109.16582677371362 -118.33366748834275 1.2
vertex 109.1658267737137 -118.33366748834274 0
endloop
endfacet
facet normal -0.09801714032956006 0.9951847266721969 0
outer loop
vertex 108.99999999999999 -118.35 1.2
vertex 109.1658267737137 -118.33366748834274 0
vertex 109 -118.35 0
endloop
endfacet
facet normal -0.29028467725438994 0.9569403357322309 0
outer loop
vertex 109.16582677371362 -118.33366748834275 1.2
vertex 109.32528091751054 -118.28529760263457 1.2
vertex 109.32528091751021 -118.2852976026346 0
endloop
endfacet
facet normal -0.29028467725438994 0.9569403357322309 0
outer loop
vertex 109.16582677371362 -118.33366748834275 1.2
vertex 109.32528091751021 -118.2852976026346 0
vertex 109.1658267737137 -118.33366748834274 0
endloop
endfacet
facet normal -0.47139673682604755 0.8819212643483285 0
outer loop
vertex 109.32528091751054 -118.28529760263457 1.2
vertex 109.4722346980665 -118.20674917045716 1.2
vertex 109.47223469806673 -118.20674917045713 0
endloop
endfacet
facet normal -0.47139673682604755 0.8819212643483285 0
outer loop
vertex 109.32528091751054 -118.28529760263457 1.2
vertex 109.47223469806673 -118.20674917045713 0
vertex 109.32528091751021 -118.2852976026346 0
endloop
endfacet
facet normal -0.6343932841636518 0.7730104533627319 0
outer loop
vertex 109.4722346980665 -118.20674917045716 1.2
vertex 109.60104076400866 -118.10104076400856 1.2
vertex 109.60104076400853 -118.10104076400859 0
endloop
endfacet
facet normal -0.6343932841636518 0.7730104533627319 0
outer loop
vertex 109.4722346980665 -118.20674917045716 1.2
vertex 109.60104076400853 -118.10104076400859 0
vertex 109.47223469806673 -118.20674917045713 0
endloop
endfacet
facet normal -0.7730104533627319 0.6343932841636518 0
outer loop
vertex 109.60104076400866 -118.10104076400856 1.2
vertex 109.70674917045719 -117.97223469806661 1.2
vertex 109.70674917045717 -117.97223469806664 0
endloop
endfacet
facet normal -0.7730104533627319 0.6343932841636518 0
outer loop
vertex 109.60104076400866 -118.10104076400856 1.2
vertex 109.70674917045717 -117.97223469806664 0
vertex 109.60104076400853 -118.10104076400859 0
endloop
endfacet
facet normal -0.8819212643483253 0.47139673682605343 0
outer loop
vertex 109.70674917045719 -117.97223469806661 1.2
vertex 109.78529760263456 -117.82528091751036 1.2
vertex 109.78529760263466 -117.82528091751037 0
endloop
endfacet
facet normal -0.8819212643483253 0.47139673682605343 0
outer loop
vertex 109.70674917045719 -117.97223469806661 1.2
vertex 109.78529760263466 -117.82528091751037 0
vertex 109.70674917045717 -117.97223469806664 0
endloop
endfacet
facet normal -0.9569403357322303 0.2902846772543919 0
outer loop
vertex 109.78529760263456 -117.82528091751036 1.2
vertex 109.83366748834273 -117.66582677371375 1.2
vertex 109.83366748834274 -117.66582677371363 0
endloop
endfacet
facet normal -0.9569403357322303 0.2902846772543919 0
outer loop
vertex 109.78529760263456 -117.82528091751036 1.2
vertex 109.83366748834274 -117.66582677371363 0
vertex 109.78529760263466 -117.82528091751037 0
endloop
endfacet
facet normal -0.9951847266721985 0.09801714032954566 0
outer loop
vertex 165.64353668834275 -170.79128577371378 1.2
vertex 165.6598692 -170.62545899999992 1.2
vertex 165.6598692 -170.62545899999998 0
endloop
endfacet
facet normal -0.9951847266721985 0.09801714032954566 0
outer loop
vertex 165.64353668834275 -170.79128577371378 1.2
vertex 165.6598692 -170.62545899999998 0
vertex 165.64353668834275 -170.79128577371387 0
endloop
endfacet
facet normal -0.9951847266721984 -0.09801714032954582 0
outer loop
vertex 165.6598692 -170.62545899999992 1.2
vertex 165.64353668834278 -170.45963222628635 1.2
vertex 165.64353668834275 -170.4596322262863 0
endloop
endfacet
facet normal -0.9951847266721984 -0.09801714032954582 0
outer loop
vertex 165.6598692 -170.62545899999992 1.2
vertex 165.64353668834275 -170.4596322262863 0
vertex 165.6598692 -170.62545899999998 0
endloop
endfacet
facet normal -0.9569403357321964 -0.2902846772545039 0
outer loop
vertex 165.64353668834278 -170.45963222628635 1.2
vertex 165.59516680263457 -170.30017808248968 1.2
vertex 165.5951668026346 -170.30017808248974 0
endloop
endfacet
facet normal -0.9569403357321964 -0.2902846772545039 0
outer loop
vertex 165.64353668834278 -170.45963222628635 1.2
vertex 165.5951668026346 -170.30017808248974 0
vertex 165.64353668834275 -170.4596322262863 0
endloop
endfacet
facet normal -0.8819212643483763 -0.4713967368259579 0
outer loop
vertex 165.59516680263457 -170.30017808248968 1.2
vertex 165.51661837045708 -170.15322430193322 1.2
vertex 165.5166183704571 -170.15322430193325 0
endloop
endfacet
facet normal -0.8819212643483763 -0.4713967368259579 0
outer loop
vertex 165.59516680263457 -170.30017808248968 1.2
vertex 165.5166183704571 -170.15322430193325 0
vertex 165.5951668026346 -170.30017808248974 0
endloop
endfacet
facet normal -0.7730104533626925 -0.6343932841636999 0
outer loop
vertex 165.51661837045708 -170.15322430193322 1.2
vertex 165.41090996400865 -170.02441823599153 1.2
vertex 165.41090996400865 -170.02441823599153 0
endloop
endfacet
facet normal -0.7730104533626925 -0.6343932841636999 0
outer loop
vertex 165.51661837045708 -170.15322430193322 1.2
vertex 165.41090996400865 -170.02441823599153 0
vertex 165.5166183704571 -170.15322430193325 0
endloop
endfacet
facet normal -0.6343932841636968 -0.7730104533626948 0
outer loop
vertex 165.41090996400865 -170.02441823599153 1.2
vertex 165.28210389806668 -169.91870982954288 1.2
vertex 165.28210389806668 -169.91870982954288 0
endloop
endfacet
facet normal -0.6343932841636968 -0.7730104533626948 0
outer loop
vertex 165.41090996400865 -170.02441823599153 1.2
vertex 165.28210389806668 -169.91870982954288 0
vertex 165.41090996400865 -170.02441823599153 0
endloop
endfacet
facet normal -0.4713967368259664 -0.8819212643483717 0
outer loop
vertex 165.28210389806668 -169.91870982954288 1.2
vertex 165.13515011751014 -169.84016139736536 1.2
vertex 165.1351501175102 -169.84016139736536 0
endloop
endfacet
facet normal -0.4713967368259664 -0.8819212643483717 0
outer loop
vertex 165.28210389806668 -169.91870982954288 1.2
vertex 165.1351501175102 -169.84016139736536 0
vertex 165.28210389806668 -169.91870982954288 0
endloop
endfacet
facet normal -0.2902846772545039 -0.9569403357321963 0
outer loop
vertex 165.13515011751014 -169.84016139736536 1.2
vertex 164.97569597371375 -169.79179151165727 1.2
vertex 164.97569597371373 -169.79179151165724 0
endloop
endfacet
facet normal -0.2902846772545039 -0.9569403357321963 0
outer loop
vertex 165.13515011751014 -169.84016139736536 1.2
vertex 164.97569597371373 -169.79179151165724 0
vertex 165.1351501175102 -169.84016139736536 0
endloop
endfacet
facet normal -0.09801714032954581 -0.9951847266721984 0
outer loop
vertex 164.97569597371375 -169.79179151165727 1.2
vertex 164.80986920000015 -169.775459 1.2
vertex 164.80986920000026 -169.775459 0
endloop
endfacet
facet normal -0.09801714032954581 -0.9951847266721984 0
outer loop
vertex 164.97569597371375 -169.79179151165727 1.2
vertex 164.80986920000026 -169.775459 0
vertex 164.97569597371373 -169.79179151165724 0
endloop
endfacet
facet normal 0.09801714032954566 -0.9951847266721985 0
outer loop
vertex 164.80986920000015 -169.775459 1.2
vertex 164.64404242628626 -169.79179151165727 1.2
vertex 164.64404242628683 -169.79179151165724 0
endloop
endfacet
facet normal 0.09801714032954566 -0.9951847266721985 0
outer loop
vertex 164.80986920000015 -169.775459 1.2
vertex 164.64404242628683 -169.79179151165724 0
vertex 164.80986920000026 -169.775459 0
endloop
endfacet
facet normal 0.2902846772545319 -0.9569403357321877 0
outer loop
vertex 164.64404242628626 -169.79179151165727 1.2
vertex 164.48458828248968 -169.84016139736536 1.2
vertex 164.48458828248945 -169.84016139736536 0
endloop
endfacet
facet normal 0.2902846772545319 -0.9569403357321877 0
outer loop
vertex 164.64404242628626 -169.79179151165727 1.2
vertex 164.48458828248945 -169.84016139736536 0
vertex 164.64404242628683 -169.79179151165724 0
endloop
endfacet
facet normal 0.47139673682596933 -0.8819212643483703 0
outer loop
vertex 164.48458828248968 -169.84016139736536 1.2
vertex 164.3376345019331 -169.91870982954288 1.2
vertex 164.33763450193345 -169.91870982954288 0
endloop
endfacet
facet normal 0.47139673682596933 -0.8819212643483703 0
outer loop
vertex 164.48458828248968 -169.84016139736536 1.2
vertex 164.33763450193345 -169.91870982954288 0
vertex 164.48458828248945 -169.84016139736536 0
endloop
endfacet
facet normal 0.6343932841636997 -0.7730104533626925 0
outer loop
vertex 164.3376345019331 -169.91870982954288 1.2
vertex 164.20882843599162 -170.02441823599153 1.2
vertex 164.20882843599122 -170.02441823599153 0
endloop
endfacet
facet normal 0.6343932841636997 -0.7730104533626925 0
outer loop
vertex 164.3376345019331 -169.91870982954288 1.2
vertex 164.20882843599122 -170.02441823599153 0
vertex 164.33763450193345 -169.91870982954288 0
endloop
endfacet
facet normal 0.7730104533626925 -0.6343932841636997 0
outer loop
vertex 164.20882843599162 -170.02441823599153 1.2
vertex 164.10312002954285 -170.15322430193322 1.2
vertex 164.10312002954305 -170.15322430193325 0
endloop
endfacet
facet normal 0.7730104533626925 -0.6343932841636997 0
outer loop
vertex 164.20882843599162 -170.02441823599153 1.2
vertex 164.10312002954305 -170.15322430193325 0
vertex 164.20882843599122 -170.02441823599153 0
endloop
endfacet
facet normal 0.8819212643483701 -0.47139673682596933 0
outer loop
vertex 164.10312002954285 -170.15322430193322 1.2
vertex 164.0245715973653 -170.30017808248968 1.2
vertex 164.02457159736534 -170.30017808248974 0
endloop
endfacet
facet normal 0.8819212643483701 -0.47139673682596933 0
outer loop
vertex 164.10312002954285 -170.15322430193322 1.2
vertex 164.02457159736534 -170.30017808248974 0
vertex 164.10312002954305 -170.15322430193325 0
endloop
endfacet
facet normal 0.9569403357321956 -0.29028467725450585 0
outer loop
vertex 164.0245715973653 -170.30017808248968 1.2
vertex 163.9762017116573 -170.45963222628635 1.2
vertex 163.97620171165727 -170.4596322262863 0
endloop
endfacet
facet normal 0.9569403357321956 -0.29028467725450585 0
outer loop
vertex 164.0245715973653 -170.30017808248968 1.2
vertex 163.97620171165727 -170.4596322262863 0
vertex 164.02457159736534 -170.30017808248974 0
endloop
endfacet
facet normal 0.9951847266721985 -0.09801714032954566 0
outer loop
vertex 163.9762017116573 -170.45963222628635 1.2
vertex 163.9598692 -170.62545899999992 1.2
vertex 163.9598692 -170.62545899999998 0
endloop
endfacet
facet normal 0.9951847266721985 -0.09801714032954566 0
outer loop
vertex 163.9762017116573 -170.45963222628635 1.2
vertex 163.9598692 -170.62545899999998 0
vertex 163.97620171165727 -170.4596322262863 0
endloop
endfacet
facet normal 0.9951847266721984 0.09801714032954582 0
outer loop
vertex 163.9598692 -170.62545899999992 1.2
vertex 163.97620171165727 -170.79128577371378 1.2
vertex 163.9762017116573 -170.79128577371387 0
endloop
endfacet
facet normal 0.9951847266721984 0.09801714032954582 0
outer loop
vertex 163.9598692 -170.62545899999992 1.2
vertex 163.9762017116573 -170.79128577371387 0
vertex 163.9598692 -170.62545899999998 0
endloop
endfacet
facet normal 0.9569403357321963 0.2902846772545039 0
outer loop
vertex 163.97620171165727 -170.79128577371378 1.2
vertex 164.02457159736542 -170.95073991751033 1.2
vertex 164.02457159736534 -170.95073991751016 0
endloop
endfacet
facet normal 0.9569403357321963 0.2902846772545039 0
outer loop
vertex 163.97620171165727 -170.79128577371378 1.2
vertex 164.02457159736534 -170.95073991751016 0
vertex 163.9762017116573 -170.79128577371387 0
endloop
endfacet
facet normal 0.8819212643483876 0.4713967368259369 0
outer loop
vertex 164.02457159736542 -170.95073991751033 1.2
vertex 164.10312002954288 -171.09769369806673 1.2
vertex 164.10312002954288 -171.0976936980667 0
endloop
endfacet
facet normal 0.8819212643483876 0.4713967368259369 0
outer loop
vertex 164.02457159736542 -170.95073991751033 1.2
vertex 164.10312002954288 -171.0976936980667 0
vertex 164.02457159736534 -170.95073991751016 0
endloop
endfacet
facet normal 0.7730104533627181 0.6343932841636686 0
outer loop
vertex 164.10312002954288 -171.09769369806673 1.2
vertex 164.20882843599136 -171.22649976400845 1.2
vertex 164.20882843599142 -171.22649976400854 0
endloop
endfacet
facet normal 0.7730104533627181 0.6343932841636686 0
outer loop
vertex 164.10312002954288 -171.09769369806673 1.2
vertex 164.20882843599142 -171.22649976400854 0
vertex 164.10312002954288 -171.0976936980667 0
endloop
endfacet
facet normal 0.6343932841636831 0.7730104533627061 0
outer loop
vertex 164.20882843599136 -171.22649976400845 1.2
vertex 164.33763450193345 -171.33220817045722 1.2
vertex 164.33763450193328 -171.3322081704571 0
endloop
endfacet
facet normal 0.6343932841636831 0.7730104533627061 0
outer loop
vertex 164.20882843599136 -171.22649976400845 1.2
vertex 164.33763450193328 -171.3322081704571 0
vertex 164.20882843599142 -171.22649976400854 0
endloop
endfacet
facet normal 0.4713967368259664 0.8819212643483717 0
outer loop
vertex 164.33763450193345 -171.33220817045722 1.2
vertex 164.48458828248977 -171.41075660263462 1.2
vertex 164.48458828248988 -171.41075660263468 0
endloop
endfacet
facet normal 0.4713967368259664 0.8819212643483717 0
outer loop
vertex 164.33763450193345 -171.33220817045722 1.2
vertex 164.48458828248988 -171.41075660263468 0
vertex 164.33763450193328 -171.3322081704571 0
endloop
endfacet
facet normal 0.29028467725447593 0.9569403357322048 0
outer loop
vertex 164.48458828248977 -171.41075660263462 1.2
vertex 164.6440424262864 -171.45912648834278 1.2
vertex 164.6440424262864 -171.4591264883428 0
endloop
endfacet
facet normal 0.29028467725447593 0.9569403357322048 0
outer loop
vertex 164.48458828248977 -171.41075660263462 1.2
vertex 164.6440424262864 -171.4591264883428 0
vertex 164.48458828248988 -171.41075660263468 0
endloop
endfacet
facet normal 0.09801714032954582 0.9951847266721984 0
outer loop
vertex 164.6440424262864 -171.45912648834278 1.2
vertex 164.8098691999998 -171.475459 1.2
vertex 164.8098691999998 -171.47545900000003 0
endloop
endfacet
facet normal 0.09801714032954582 0.9951847266721984 0
outer loop
vertex 164.6440424262864 -171.45912648834278 1.2
vertex 164.8098691999998 -171.47545900000003 0
vertex 164.6440424262864 -171.4591264883428 0
endloop
endfacet
facet normal -0.09801714032954566 0.9951847266721985 0
outer loop
vertex 164.8098691999998 -171.475459 1.2
vertex 164.97569597371333 -171.45912648834278 1.2
vertex 164.9756959737137 -171.4591264883428 0
endloop
endfacet
facet normal -0.09801714032954566 0.9951847266721985 0
outer loop
vertex 164.8098691999998 -171.475459 1.2
vertex 164.9756959737137 -171.4591264883428 0
vertex 164.8098691999998 -171.47545900000003 0
endloop
endfacet
facet normal -0.2902846772545039 0.9569403357321963 0
outer loop
vertex 164.97569597371333 -171.45912648834278 1.2
vertex 165.13515011751036 -171.41075660263462 1.2
vertex 165.1351501175104 -171.41075660263468 0
endloop
endfacet
facet normal -0.2902846772545039 0.9569403357321963 0
outer loop
vertex 164.97569597371333 -171.45912648834278 1.2
vertex 165.1351501175104 -171.41075660263468 0
vertex 164.9756959737137 -171.4591264883428 0
endloop
endfacet
facet normal -0.47139673682596345 0.8819212643483734 0
outer loop
vertex 165.13515011751036 -171.41075660263462 1.2
vertex 165.28210389806662 -171.33220817045722 1.2
vertex 165.28210389806674 -171.3322081704571 0
endloop
endfacet
facet normal -0.47139673682596345 0.8819212643483734 0
outer loop
vertex 165.13515011751036 -171.41075660263462 1.2
vertex 165.28210389806674 -171.3322081704571 0
vertex 165.1351501175104 -171.41075660263468 0
endloop
endfacet
facet normal -0.6343932841636997 0.7730104533626925 0
outer loop
vertex 165.28210389806662 -171.33220817045722 1.2
vertex 165.41090996400885 -171.22649976400845 1.2
vertex 165.41090996400854 -171.22649976400854 0
endloop
endfacet
facet normal -0.6343932841636997 0.7730104533626925 0
outer loop
vertex 165.28210389806662 -171.33220817045722 1.2
vertex 165.41090996400854 -171.22649976400854 0
vertex 165.28210389806674 -171.3322081704571 0
endloop
endfacet
facet normal -0.7730104533626925 0.6343932841636997 0
outer loop
vertex 165.41090996400885 -171.22649976400845 1.2
vertex 165.51661837045697 -171.09769369806673 1.2
vertex 165.51661837045722 -171.0976936980667 0
endloop
endfacet
facet normal -0.7730104533626925 0.6343932841636997 0
outer loop
vertex 165.41090996400885 -171.22649976400845 1.2
vertex 165.51661837045722 -171.0976936980667 0
vertex 165.41090996400854 -171.22649976400854 0
endloop
endfacet
facet normal -0.8819212643483701 0.47139673682596933 0
outer loop
vertex 165.51661837045697 -171.09769369806673 1.2
vertex 165.59516680263462 -170.95073991751033 1.2
vertex 165.59516680263462 -170.95073991751016 0
endloop
endfacet
facet normal -0.8819212643483701 0.47139673682596933 0
outer loop
vertex 165.51661837045697 -171.09769369806673 1.2
vertex 165.59516680263462 -170.95073991751016 0
vertex 165.51661837045722 -171.0976936980667 0
endloop
endfacet
facet normal -0.9569403357321877 0.2902846772545319 0
outer loop
vertex 165.59516680263462 -170.95073991751033 1.2
vertex 165.64353668834275 -170.79128577371378 1.2
vertex 165.64353668834275 -170.79128577371387 0
endloop
endfacet
facet normal -0.9569403357321877 0.2902846772545319 0
outer loop
vertex 165.59516680263462 -170.95073991751033 1.2
vertex 165.64353668834275 -170.79128577371387 0
vertex 165.59516680263462 -170.95073991751016 0
endloop
endfacet
endsolid csg.js
